{"timestamp": 1782757463.851, "formatted_time": "2026-06-30 02:24:23", "event": "watch_started", "message": "interval=30s refresh=20s pid=72361"}
{"timestamp": 1782757463.887, "formatted_time": "2026-06-30 02:24:23", "event": "watch_tick", "message": "generated_at=2026-06-30 02:24:23 completed_passes=2803/5088 activity=moving"}
{"timestamp": 1782757493.975, "formatted_time": "2026-06-30 02:24:53", "event": "watch_tick", "message": "generated_at=2026-06-30 02:24:53 completed_passes=2807/5088 activity=moving"}
{"timestamp": 1782757524.063, "formatted_time": "2026-06-30 02:25:24", "event": "watch_tick", "message": "generated_at=2026-06-30 02:25:23 completed_passes=2810/5088 activity=moving"}
{"timestamp": 1782757554.15, "formatted_time": "2026-06-30 02:25:54", "event": "watch_tick", "message": "generated_at=2026-06-30 02:25:54 completed_passes=2813/5088 activity=moving"}
{"timestamp": 1782757584.234, "formatted_time": "2026-06-30 02:26:24", "event": "watch_tick", "message": "generated_at=2026-06-30 02:26:24 completed_passes=2817/5088 activity=moving"}
{"timestamp": 1782757614.32, "formatted_time": "2026-06-30 02:26:54", "event": "watch_tick", "message": "generated_at=2026-06-30 02:26:54 completed_passes=2820/5088 activity=moving"}
{"timestamp": 1782757644.405, "formatted_time": "2026-06-30 02:27:24", "event": "watch_tick", "message": "generated_at=2026-06-30 02:27:24 completed_passes=2823/5088 activity=moving"}
{"timestamp": 1782757674.49, "formatted_time": "2026-06-30 02:27:54", "event": "watch_tick", "message": "generated_at=2026-06-30 02:27:54 completed_passes=2827/5088 activity=moving"}
{"timestamp": 1782757704.58, "formatted_time": "2026-06-30 02:28:24", "event": "watch_tick", "message": "generated_at=2026-06-30 02:28:24 completed_passes=2830/5088 activity=moving"}
{"timestamp": 1782757734.666, "formatted_time": "2026-06-30 02:28:54", "event": "watch_tick", "message": "generated_at=2026-06-30 02:28:54 completed_passes=2833/5088 activity=moving"}
{"timestamp": 1782757764.752, "formatted_time": "2026-06-30 02:29:24", "event": "watch_tick", "message": "generated_at=2026-06-30 02:29:24 completed_passes=2836/5088 activity=moving"}
{"timestamp": 1782757794.834, "formatted_time": "2026-06-30 02:29:54", "event": "watch_tick", "message": "generated_at=2026-06-30 02:29:54 completed_passes=2838/5088 activity=moving"}
{"timestamp": 1782757824.914, "formatted_time": "2026-06-30 02:30:24", "event": "watch_tick", "message": "generated_at=2026-06-30 02:30:24 completed_passes=2840/5088 activity=moving"}
{"timestamp": 1782757855.003, "formatted_time": "2026-06-30 02:30:55", "event": "watch_tick", "message": "generated_at=2026-06-30 02:30:54 completed_passes=2841/5088 activity=moving"}
{"timestamp": 1782757885.089, "formatted_time": "2026-06-30 02:31:25", "event": "watch_tick", "message": "generated_at=2026-06-30 02:31:25 completed_passes=2844/5088 activity=moving"}
{"timestamp": 1782757915.174, "formatted_time": "2026-06-30 02:31:55", "event": "watch_tick", "message": "generated_at=2026-06-30 02:31:55 completed_passes=2848/5088 activity=moving"}
{"timestamp": 1782757945.263, "formatted_time": "2026-06-30 02:32:25", "event": "watch_tick", "message": "generated_at=2026-06-30 02:32:25 completed_passes=2850/5088 activity=moving"}
{"timestamp": 1782757975.349, "formatted_time": "2026-06-30 02:32:55", "event": "watch_tick", "message": "generated_at=2026-06-30 02:32:55 completed_passes=2854/5088 activity=moving"}
{"timestamp": 1782758005.436, "formatted_time": "2026-06-30 02:33:25", "event": "watch_tick", "message": "generated_at=2026-06-30 02:33:25 completed_passes=2857/5088 activity=moving"}
{"timestamp": 1782758035.525, "formatted_time": "2026-06-30 02:33:55", "event": "watch_tick", "message": "generated_at=2026-06-30 02:33:55 completed_passes=2861/5088 activity=moving"}
{"timestamp": 1782758065.613, "formatted_time": "2026-06-30 02:34:25", "event": "watch_tick", "message": "generated_at=2026-06-30 02:34:25 completed_passes=2864/5088 activity=moving"}
{"timestamp": 1782758095.697, "formatted_time": "2026-06-30 02:34:55", "event": "watch_tick", "message": "generated_at=2026-06-30 02:34:55 completed_passes=2867/5088 activity=moving"}
{"timestamp": 1782758125.789, "formatted_time": "2026-06-30 02:35:25", "event": "watch_tick", "message": "generated_at=2026-06-30 02:35:25 completed_passes=2870/5088 activity=moving"}
{"timestamp": 1782758155.865, "formatted_time": "2026-06-30 02:35:55", "event": "watch_tick", "message": "generated_at=2026-06-30 02:35:55 completed_passes=2872/5088 activity=moving"}
{"timestamp": 1782758185.949, "formatted_time": "2026-06-30 02:36:25", "event": "watch_tick", "message": "generated_at=2026-06-30 02:36:25 completed_passes=2876/5088 activity=moving"}
{"timestamp": 1782758216.036, "formatted_time": "2026-06-30 02:36:56", "event": "watch_tick", "message": "generated_at=2026-06-30 02:36:55 completed_passes=2879/5088 activity=moving"}
{"timestamp": 1782758246.124, "formatted_time": "2026-06-30 02:37:26", "event": "watch_tick", "message": "generated_at=2026-06-30 02:37:26 completed_passes=2881/5088 activity=moving"}
{"timestamp": 1782758276.214, "formatted_time": "2026-06-30 02:37:56", "event": "watch_tick", "message": "generated_at=2026-06-30 02:37:56 completed_passes=2884/5088 activity=moving"}
{"timestamp": 1782758306.301, "formatted_time": "2026-06-30 02:38:26", "event": "watch_tick", "message": "generated_at=2026-06-30 02:38:26 completed_passes=2886/5088 activity=moving"}
{"timestamp": 1782758336.393, "formatted_time": "2026-06-30 02:38:56", "event": "watch_tick", "message": "generated_at=2026-06-30 02:38:56 completed_passes=2889/5088 activity=moving"}
{"timestamp": 1782758366.479, "formatted_time": "2026-06-30 02:39:26", "event": "watch_tick", "message": "generated_at=2026-06-30 02:39:26 completed_passes=2891/5088 activity=moving"}
{"timestamp": 1782758396.576, "formatted_time": "2026-06-30 02:39:56", "event": "watch_tick", "message": "generated_at=2026-06-30 02:39:56 completed_passes=2893/5088 activity=moving"}
{"timestamp": 1782758426.665, "formatted_time": "2026-06-30 02:40:26", "event": "watch_tick", "message": "generated_at=2026-06-30 02:40:26 completed_passes=2896/5088 activity=moving"}
{"timestamp": 1782758456.756, "formatted_time": "2026-06-30 02:40:56", "event": "watch_tick", "message": "generated_at=2026-06-30 02:40:56 completed_passes=2899/5088 activity=moving"}
{"timestamp": 1782758486.858, "formatted_time": "2026-06-30 02:41:26", "event": "watch_tick", "message": "generated_at=2026-06-30 02:41:26 completed_passes=2901/5088 activity=moving"}
{"timestamp": 1782758516.95, "formatted_time": "2026-06-30 02:41:56", "event": "watch_tick", "message": "generated_at=2026-06-30 02:41:56 completed_passes=2903/5088 activity=moving"}
{"timestamp": 1782758547.041, "formatted_time": "2026-06-30 02:42:27", "event": "watch_tick", "message": "generated_at=2026-06-30 02:42:26 completed_passes=2905/5088 activity=moving"}
{"timestamp": 1782758577.133, "formatted_time": "2026-06-30 02:42:57", "event": "watch_tick", "message": "generated_at=2026-06-30 02:42:57 completed_passes=2909/5088 activity=moving"}
{"timestamp": 1782758607.222, "formatted_time": "2026-06-30 02:43:27", "event": "watch_tick", "message": "generated_at=2026-06-30 02:43:27 completed_passes=2912/5088 activity=moving"}
{"timestamp": 1782758637.301, "formatted_time": "2026-06-30 02:43:57", "event": "watch_tick", "message": "generated_at=2026-06-30 02:43:57 completed_passes=2915/5088 activity=moving"}
{"timestamp": 1782758667.39, "formatted_time": "2026-06-30 02:44:27", "event": "watch_tick", "message": "generated_at=2026-06-30 02:44:27 completed_passes=2918/5088 activity=moving"}
{"timestamp": 1782758697.479, "formatted_time": "2026-06-30 02:44:57", "event": "watch_tick", "message": "generated_at=2026-06-30 02:44:57 completed_passes=2920/5088 activity=moving"}
{"timestamp": 1782758727.575, "formatted_time": "2026-06-30 02:45:27", "event": "watch_tick", "message": "generated_at=2026-06-30 02:45:27 completed_passes=2922/5088 activity=moving"}
{"timestamp": 1782758757.666, "formatted_time": "2026-06-30 02:45:57", "event": "watch_tick", "message": "generated_at=2026-06-30 02:45:57 completed_passes=2925/5088 activity=moving"}
{"timestamp": 1782758787.759, "formatted_time": "2026-06-30 02:46:27", "event": "watch_tick", "message": "generated_at=2026-06-30 02:46:27 completed_passes=2927/5088 activity=moving"}
{"timestamp": 1782758817.85, "formatted_time": "2026-06-30 02:46:57", "event": "watch_tick", "message": "generated_at=2026-06-30 02:46:57 completed_passes=2930/5088 activity=moving"}
{"timestamp": 1782758847.943, "formatted_time": "2026-06-30 02:47:27", "event": "watch_tick", "message": "generated_at=2026-06-30 02:47:27 completed_passes=2932/5088 activity=moving"}
{"timestamp": 1782758878.033, "formatted_time": "2026-06-30 02:47:58", "event": "watch_tick", "message": "generated_at=2026-06-30 02:47:57 completed_passes=2935/5088 activity=moving"}
{"timestamp": 1782758908.127, "formatted_time": "2026-06-30 02:48:28", "event": "watch_tick", "message": "generated_at=2026-06-30 02:48:28 completed_passes=2938/5088 activity=moving"}
{"timestamp": 1782758938.217, "formatted_time": "2026-06-30 02:48:58", "event": "watch_tick", "message": "generated_at=2026-06-30 02:48:58 completed_passes=2940/5088 activity=moving"}
{"timestamp": 1782758968.314, "formatted_time": "2026-06-30 02:49:28", "event": "watch_tick", "message": "generated_at=2026-06-30 02:49:28 completed_passes=2942/5088 activity=moving"}
{"timestamp": 1782758998.405, "formatted_time": "2026-06-30 02:49:58", "event": "watch_tick", "message": "generated_at=2026-06-30 02:49:58 completed_passes=2945/5088 activity=moving"}
{"timestamp": 1782759028.495, "formatted_time": "2026-06-30 02:50:28", "event": "watch_tick", "message": "generated_at=2026-06-30 02:50:28 completed_passes=2947/5088 activity=moving"}
{"timestamp": 1782759058.583, "formatted_time": "2026-06-30 02:50:58", "event": "watch_tick", "message": "generated_at=2026-06-30 02:50:58 completed_passes=2950/5088 activity=moving"}
{"timestamp": 1782759088.67, "formatted_time": "2026-06-30 02:51:28", "event": "watch_tick", "message": "generated_at=2026-06-30 02:51:28 completed_passes=2953/5088 activity=moving"}
{"timestamp": 1782759118.764, "formatted_time": "2026-06-30 02:51:58", "event": "watch_tick", "message": "generated_at=2026-06-30 02:51:58 completed_passes=2956/5088 activity=moving"}
{"timestamp": 1782759148.855, "formatted_time": "2026-06-30 02:52:28", "event": "watch_tick", "message": "generated_at=2026-06-30 02:52:28 completed_passes=2960/5088 activity=moving"}
{"timestamp": 1782759178.937, "formatted_time": "2026-06-30 02:52:58", "event": "watch_tick", "message": "generated_at=2026-06-30 02:52:58 completed_passes=2961/5088 activity=moving"}
{"timestamp": 1782759209.03, "formatted_time": "2026-06-30 02:53:29", "event": "watch_tick", "message": "generated_at=2026-06-30 02:53:28 completed_passes=2963/5088 activity=moving"}
{"timestamp": 1782759239.091, "formatted_time": "2026-06-30 02:53:59", "event": "watch_tick", "message": "generated_at=2026-06-30 02:53:59 completed_passes=2965/5088 activity=moving"}
{"timestamp": 1782759269.189, "formatted_time": "2026-06-30 02:54:29", "event": "watch_tick", "message": "generated_at=2026-06-30 02:54:29 completed_passes=2967/5088 activity=moving"}
{"timestamp": 1782759299.278, "formatted_time": "2026-06-30 02:54:59", "event": "watch_tick", "message": "generated_at=2026-06-30 02:54:59 completed_passes=2970/5088 activity=moving"}
{"timestamp": 1782759329.366, "formatted_time": "2026-06-30 02:55:29", "event": "watch_tick", "message": "generated_at=2026-06-30 02:55:29 completed_passes=2973/5088 activity=moving"}
{"timestamp": 1782759359.456, "formatted_time": "2026-06-30 02:55:59", "event": "watch_tick", "message": "generated_at=2026-06-30 02:55:59 completed_passes=2975/5088 activity=moving"}
{"timestamp": 1782759389.545, "formatted_time": "2026-06-30 02:56:29", "event": "watch_tick", "message": "generated_at=2026-06-30 02:56:29 completed_passes=2978/5088 activity=moving"}
{"timestamp": 1782759419.633, "formatted_time": "2026-06-30 02:56:59", "event": "watch_tick", "message": "generated_at=2026-06-30 02:56:59 completed_passes=2982/5088 activity=moving"}
{"timestamp": 1782759449.723, "formatted_time": "2026-06-30 02:57:29", "event": "watch_tick", "message": "generated_at=2026-06-30 02:57:29 completed_passes=2985/5088 activity=moving"}
{"timestamp": 1782759479.815, "formatted_time": "2026-06-30 02:57:59", "event": "watch_tick", "message": "generated_at=2026-06-30 02:57:59 completed_passes=2988/5088 activity=moving"}
{"timestamp": 1782759509.905, "formatted_time": "2026-06-30 02:58:29", "event": "watch_tick", "message": "generated_at=2026-06-30 02:58:29 completed_passes=2992/5088 activity=moving"}
{"timestamp": 1782759539.991, "formatted_time": "2026-06-30 02:58:59", "event": "watch_tick", "message": "generated_at=2026-06-30 02:58:59 completed_passes=2996/5088 activity=moving"}
{"timestamp": 1782759570.07, "formatted_time": "2026-06-30 02:59:30", "event": "watch_tick", "message": "generated_at=2026-06-30 02:59:29 completed_passes=2999/5088 activity=moving"}
{"timestamp": 1782759600.159, "formatted_time": "2026-06-30 03:00:00", "event": "watch_tick", "message": "generated_at=2026-06-30 03:00:00 completed_passes=3003/5088 activity=moving"}
{"timestamp": 1782759630.244, "formatted_time": "2026-06-30 03:00:30", "event": "watch_tick", "message": "generated_at=2026-06-30 03:00:30 completed_passes=3007/5088 activity=moving"}
{"timestamp": 1782759660.294, "formatted_time": "2026-06-30 03:01:00", "event": "watch_tick", "message": "generated_at=2026-06-30 03:01:00 completed_passes=3011/5088 activity=moving"}
{"timestamp": 1782759690.353, "formatted_time": "2026-06-30 03:01:30", "event": "watch_tick", "message": "generated_at=2026-06-30 03:01:30 completed_passes=3016/5088 activity=moving"}
{"timestamp": 1782759720.41, "formatted_time": "2026-06-30 03:02:00", "event": "watch_tick", "message": "generated_at=2026-06-30 03:02:00 completed_passes=3019/5088 activity=moving"}
{"timestamp": 1782759750.495, "formatted_time": "2026-06-30 03:02:30", "event": "watch_tick", "message": "generated_at=2026-06-30 03:02:30 completed_passes=3022/5088 activity=moving"}
{"timestamp": 1782759780.55, "formatted_time": "2026-06-30 03:03:00", "event": "watch_tick", "message": "generated_at=2026-06-30 03:03:00 completed_passes=3025/5088 activity=moving"}
{"timestamp": 1782759810.641, "formatted_time": "2026-06-30 03:03:30", "event": "watch_tick", "message": "generated_at=2026-06-30 03:03:30 completed_passes=3027/5088 activity=moving"}
{"timestamp": 1782759840.717, "formatted_time": "2026-06-30 03:04:00", "event": "watch_tick", "message": "generated_at=2026-06-30 03:04:00 completed_passes=3030/5088 activity=moving"}
{"timestamp": 1782759870.809, "formatted_time": "2026-06-30 03:04:30", "event": "watch_tick", "message": "generated_at=2026-06-30 03:04:30 completed_passes=3031/5088 activity=moving"}
{"timestamp": 1782759900.894, "formatted_time": "2026-06-30 03:05:00", "event": "watch_tick", "message": "generated_at=2026-06-30 03:05:00 completed_passes=3034/5088 activity=moving"}
{"timestamp": 1782759930.984, "formatted_time": "2026-06-30 03:05:30", "event": "watch_tick", "message": "generated_at=2026-06-30 03:05:30 completed_passes=3037/5088 activity=moving"}
{"timestamp": 1782759961.073, "formatted_time": "2026-06-30 03:06:01", "event": "watch_tick", "message": "generated_at=2026-06-30 03:06:00 completed_passes=3040/5088 activity=moving"}
{"timestamp": 1782759991.165, "formatted_time": "2026-06-30 03:06:31", "event": "watch_tick", "message": "generated_at=2026-06-30 03:06:31 completed_passes=3044/5088 activity=moving"}
{"timestamp": 1782760021.25, "formatted_time": "2026-06-30 03:07:01", "event": "watch_tick", "message": "generated_at=2026-06-30 03:07:01 completed_passes=3046/5088 activity=moving"}
{"timestamp": 1782760051.341, "formatted_time": "2026-06-30 03:07:31", "event": "watch_tick", "message": "generated_at=2026-06-30 03:07:31 completed_passes=3049/5088 activity=moving"}
{"timestamp": 1782760081.429, "formatted_time": "2026-06-30 03:08:01", "event": "watch_tick", "message": "generated_at=2026-06-30 03:08:01 completed_passes=3052/5088 activity=moving"}
{"timestamp": 1782760111.511, "formatted_time": "2026-06-30 03:08:31", "event": "watch_tick", "message": "generated_at=2026-06-30 03:08:31 completed_passes=3054/5088 activity=moving"}
{"timestamp": 1782760141.596, "formatted_time": "2026-06-30 03:09:01", "event": "watch_tick", "message": "generated_at=2026-06-30 03:09:01 completed_passes=3056/5088 activity=moving"}
{"timestamp": 1782760171.69, "formatted_time": "2026-06-30 03:09:31", "event": "watch_tick", "message": "generated_at=2026-06-30 03:09:31 completed_passes=3058/5088 activity=moving"}
{"timestamp": 1782760201.782, "formatted_time": "2026-06-30 03:10:01", "event": "watch_tick", "message": "generated_at=2026-06-30 03:10:01 completed_passes=3061/5088 activity=moving"}
{"timestamp": 1782760231.871, "formatted_time": "2026-06-30 03:10:31", "event": "watch_tick", "message": "generated_at=2026-06-30 03:10:31 completed_passes=3063/5088 activity=moving"}
{"timestamp": 1782760261.956, "formatted_time": "2026-06-30 03:11:01", "event": "watch_tick", "message": "generated_at=2026-06-30 03:11:01 completed_passes=3067/5088 activity=moving"}
{"timestamp": 1782760292.045, "formatted_time": "2026-06-30 03:11:32", "event": "watch_tick", "message": "generated_at=2026-06-30 03:11:31 completed_passes=3071/5088 activity=moving"}
{"timestamp": 1782760322.138, "formatted_time": "2026-06-30 03:12:02", "event": "watch_tick", "message": "generated_at=2026-06-30 03:12:02 completed_passes=3073/5088 activity=moving"}
{"timestamp": 1782760352.222, "formatted_time": "2026-06-30 03:12:32", "event": "watch_tick", "message": "generated_at=2026-06-30 03:12:32 completed_passes=3075/5088 activity=moving"}
{"timestamp": 1782760382.305, "formatted_time": "2026-06-30 03:13:02", "event": "watch_tick", "message": "generated_at=2026-06-30 03:13:02 completed_passes=3076/5088 activity=moving"}
{"timestamp": 1782760412.388, "formatted_time": "2026-06-30 03:13:32", "event": "watch_tick", "message": "generated_at=2026-06-30 03:13:32 completed_passes=3079/5088 activity=moving"}
{"timestamp": 1782760442.479, "formatted_time": "2026-06-30 03:14:02", "event": "watch_tick", "message": "generated_at=2026-06-30 03:14:02 completed_passes=3083/5088 activity=moving"}
{"timestamp": 1782760472.565, "formatted_time": "2026-06-30 03:14:32", "event": "watch_tick", "message": "generated_at=2026-06-30 03:14:32 completed_passes=3086/5088 activity=moving"}
{"timestamp": 1782760502.656, "formatted_time": "2026-06-30 03:15:02", "event": "watch_tick", "message": "generated_at=2026-06-30 03:15:02 completed_passes=3089/5088 activity=moving"}
{"timestamp": 1782760532.742, "formatted_time": "2026-06-30 03:15:32", "event": "watch_tick", "message": "generated_at=2026-06-30 03:15:32 completed_passes=3091/5088 activity=moving"}
{"timestamp": 1782760562.832, "formatted_time": "2026-06-30 03:16:02", "event": "watch_tick", "message": "generated_at=2026-06-30 03:16:02 completed_passes=3094/5088 activity=moving"}
{"timestamp": 1782760592.921, "formatted_time": "2026-06-30 03:16:32", "event": "watch_tick", "message": "generated_at=2026-06-30 03:16:32 completed_passes=3097/5088 activity=moving"}
{"timestamp": 1782760622.989, "formatted_time": "2026-06-30 03:17:02", "event": "watch_tick", "message": "generated_at=2026-06-30 03:17:02 completed_passes=3101/5088 activity=moving"}
{"timestamp": 1782760653.077, "formatted_time": "2026-06-30 03:17:33", "event": "watch_tick", "message": "generated_at=2026-06-30 03:17:32 completed_passes=3104/5088 activity=moving"}
{"timestamp": 1782760683.167, "formatted_time": "2026-06-30 03:18:03", "event": "watch_tick", "message": "generated_at=2026-06-30 03:18:03 completed_passes=3107/5088 activity=moving"}
{"timestamp": 1782760713.256, "formatted_time": "2026-06-30 03:18:33", "event": "watch_tick", "message": "generated_at=2026-06-30 03:18:33 completed_passes=3109/5088 activity=moving"}
{"timestamp": 1782760743.34, "formatted_time": "2026-06-30 03:19:03", "event": "watch_tick", "message": "generated_at=2026-06-30 03:19:03 completed_passes=3111/5088 activity=moving"}
{"timestamp": 1782760773.424, "formatted_time": "2026-06-30 03:19:33", "event": "watch_tick", "message": "generated_at=2026-06-30 03:19:33 completed_passes=3114/5088 activity=moving"}
{"timestamp": 1782760803.515, "formatted_time": "2026-06-30 03:20:03", "event": "watch_tick", "message": "generated_at=2026-06-30 03:20:03 completed_passes=3118/5088 activity=moving"}
{"timestamp": 1782760833.6, "formatted_time": "2026-06-30 03:20:33", "event": "watch_tick", "message": "generated_at=2026-06-30 03:20:33 completed_passes=3122/5088 activity=moving"}
{"timestamp": 1782760863.685, "formatted_time": "2026-06-30 03:21:03", "event": "watch_tick", "message": "generated_at=2026-06-30 03:21:03 completed_passes=3125/5088 activity=moving"}
{"timestamp": 1782760893.782, "formatted_time": "2026-06-30 03:21:33", "event": "watch_tick", "message": "generated_at=2026-06-30 03:21:33 completed_passes=3128/5088 activity=moving"}
{"timestamp": 1782760923.855, "formatted_time": "2026-06-30 03:22:03", "event": "watch_tick", "message": "generated_at=2026-06-30 03:22:03 completed_passes=3130/5088 activity=moving"}
{"timestamp": 1782760953.95, "formatted_time": "2026-06-30 03:22:33", "event": "watch_tick", "message": "generated_at=2026-06-30 03:22:33 completed_passes=3132/5088 activity=moving"}
{"timestamp": 1782760984.043, "formatted_time": "2026-06-30 03:23:04", "event": "watch_tick", "message": "generated_at=2026-06-30 03:23:03 completed_passes=3134/5088 activity=moving"}
{"timestamp": 1782761014.134, "formatted_time": "2026-06-30 03:23:34", "event": "watch_tick", "message": "generated_at=2026-06-30 03:23:34 completed_passes=3136/5088 activity=moving"}
{"timestamp": 1782761044.229, "formatted_time": "2026-06-30 03:24:04", "event": "watch_tick", "message": "generated_at=2026-06-30 03:24:04 completed_passes=3140/5088 activity=moving"}
{"timestamp": 1782761074.319, "formatted_time": "2026-06-30 03:24:34", "event": "watch_tick", "message": "generated_at=2026-06-30 03:24:34 completed_passes=3143/5088 activity=moving"}
{"timestamp": 1782761104.407, "formatted_time": "2026-06-30 03:25:04", "event": "watch_tick", "message": "generated_at=2026-06-30 03:25:04 completed_passes=3146/5088 activity=moving"}
{"timestamp": 1782761134.496, "formatted_time": "2026-06-30 03:25:34", "event": "watch_tick", "message": "generated_at=2026-06-30 03:25:34 completed_passes=3148/5088 activity=moving"}
{"timestamp": 1782761164.584, "formatted_time": "2026-06-30 03:26:04", "event": "watch_tick", "message": "generated_at=2026-06-30 03:26:04 completed_passes=3151/5088 activity=moving"}
{"timestamp": 1782761194.679, "formatted_time": "2026-06-30 03:26:34", "event": "watch_tick", "message": "generated_at=2026-06-30 03:26:34 completed_passes=3155/5088 activity=moving"}
{"timestamp": 1782761224.763, "formatted_time": "2026-06-30 03:27:04", "event": "watch_tick", "message": "generated_at=2026-06-30 03:27:04 completed_passes=3158/5088 activity=moving"}
{"timestamp": 1782761254.846, "formatted_time": "2026-06-30 03:27:34", "event": "watch_tick", "message": "generated_at=2026-06-30 03:27:34 completed_passes=3162/5088 activity=moving"}
{"timestamp": 1782761284.935, "formatted_time": "2026-06-30 03:28:04", "event": "watch_tick", "message": "generated_at=2026-06-30 03:28:04 completed_passes=3165/5088 activity=moving"}
{"timestamp": 1782761315.023, "formatted_time": "2026-06-30 03:28:35", "event": "watch_tick", "message": "generated_at=2026-06-30 03:28:34 completed_passes=3170/5088 activity=moving"}
{"timestamp": 1782761345.108, "formatted_time": "2026-06-30 03:29:05", "event": "watch_tick", "message": "generated_at=2026-06-30 03:29:05 completed_passes=3174/5088 activity=moving"}
{"timestamp": 1782761375.2, "formatted_time": "2026-06-30 03:29:35", "event": "watch_tick", "message": "generated_at=2026-06-30 03:29:35 completed_passes=3177/5088 activity=moving"}
{"timestamp": 1782761405.251, "formatted_time": "2026-06-30 03:30:05", "event": "watch_tick", "message": "generated_at=2026-06-30 03:30:05 completed_passes=3180/5088 activity=moving"}
{"timestamp": 1782761435.342, "formatted_time": "2026-06-30 03:30:35", "event": "watch_tick", "message": "generated_at=2026-06-30 03:30:35 completed_passes=3182/5088 activity=moving"}
{"timestamp": 1782761465.428, "formatted_time": "2026-06-30 03:31:05", "event": "watch_tick", "message": "generated_at=2026-06-30 03:31:05 completed_passes=3184/5088 activity=moving"}
{"timestamp": 1782761495.519, "formatted_time": "2026-06-30 03:31:35", "event": "watch_tick", "message": "generated_at=2026-06-30 03:31:35 completed_passes=3187/5088 activity=moving"}
{"timestamp": 1782761525.605, "formatted_time": "2026-06-30 03:32:05", "event": "watch_tick", "message": "generated_at=2026-06-30 03:32:05 completed_passes=3190/5088 activity=moving"}
{"timestamp": 1782761555.688, "formatted_time": "2026-06-30 03:32:35", "event": "watch_tick", "message": "generated_at=2026-06-30 03:32:35 completed_passes=3193/5088 activity=moving"}
{"timestamp": 1782761585.776, "formatted_time": "2026-06-30 03:33:05", "event": "watch_tick", "message": "generated_at=2026-06-30 03:33:05 completed_passes=3195/5088 activity=moving"}
{"timestamp": 1782761615.867, "formatted_time": "2026-06-30 03:33:35", "event": "watch_tick", "message": "generated_at=2026-06-30 03:33:35 completed_passes=3198/5088 activity=moving"}
{"timestamp": 1782761645.953, "formatted_time": "2026-06-30 03:34:05", "event": "watch_tick", "message": "generated_at=2026-06-30 03:34:05 completed_passes=3201/5088 activity=moving"}
{"timestamp": 1782762586.793, "formatted_time": "2026-06-30 03:49:46", "event": "watch_tick", "message": "generated_at=2026-06-30 03:49:46 completed_passes=3204/5088 activity=moving"}
{"timestamp": 1782762616.865, "formatted_time": "2026-06-30 03:50:16", "event": "watch_tick", "message": "generated_at=2026-06-30 03:50:16 completed_passes=3207/5088 activity=moving"}
{"timestamp": 1782763563.804, "formatted_time": "2026-06-30 04:06:03", "event": "watch_tick", "message": "generated_at=2026-06-30 04:06:03 completed_passes=3208/5088 activity=quiet"}
{"timestamp": 1782763593.887, "formatted_time": "2026-06-30 04:06:33", "event": "watch_tick", "message": "generated_at=2026-06-30 04:06:33 completed_passes=3208/5088 activity=quiet"}
{"timestamp": 1782763623.984, "formatted_time": "2026-06-30 04:07:03", "event": "watch_tick", "message": "generated_at=2026-06-30 04:07:03 completed_passes=3211/5088 activity=moving"}
{"timestamp": 1782764649.109, "formatted_time": "2026-06-30 04:24:09", "event": "watch_tick", "message": "generated_at=2026-06-30 04:24:09 completed_passes=3211/5088 activity=quiet"}
{"timestamp": 1782765372.085, "formatted_time": "2026-06-30 04:36:12", "event": "watch_tick", "message": "generated_at=2026-06-30 04:36:11 completed_passes=3211/5088 activity=quiet"}
{"timestamp": 1782765402.188, "formatted_time": "2026-06-30 04:36:42", "event": "watch_tick", "message": "generated_at=2026-06-30 04:36:42 completed_passes=3213/5088 activity=moving"}
{"timestamp": 1782766356.342, "formatted_time": "2026-06-30 04:52:36", "event": "watch_tick", "message": "generated_at=2026-06-30 04:52:36 completed_passes=3214/5088 activity=quiet"}
{"timestamp": 1782767294.387, "formatted_time": "2026-06-30 05:08:14", "event": "watch_tick", "message": "generated_at=2026-06-30 05:08:14 completed_passes=3214/5088 activity=stalled"}
{"timestamp": 1782767324.461, "formatted_time": "2026-06-30 05:08:44", "event": "watch_tick", "message": "generated_at=2026-06-30 05:08:44 completed_passes=3216/5088 activity=moving"}
{"timestamp": 1782768397.027, "formatted_time": "2026-06-30 05:26:37", "event": "watch_tick", "message": "generated_at=2026-06-30 05:26:36 completed_passes=3216/5088 activity=quiet"}
{"timestamp": 1782769377.01, "formatted_time": "2026-06-30 05:42:57", "event": "watch_tick", "message": "generated_at=2026-06-30 05:42:56 completed_passes=3216/5088 activity=stalled"}
{"timestamp": 1782769407.091, "formatted_time": "2026-06-30 05:43:27", "event": "watch_tick", "message": "generated_at=2026-06-30 05:43:26 completed_passes=3217/5088 activity=moving"}
{"timestamp": 1782770429.119, "formatted_time": "2026-06-30 06:00:29", "event": "watch_tick", "message": "generated_at=2026-06-30 06:00:29 completed_passes=3218/5088 activity=quiet"}
{"timestamp": 1782770459.217, "formatted_time": "2026-06-30 06:00:59", "event": "watch_tick", "message": "generated_at=2026-06-30 06:00:59 completed_passes=3218/5088 activity=quiet"}
{"timestamp": 1782770848.228, "formatted_time": "2026-06-30 06:07:28", "event": "watch_tick", "message": "generated_at=2026-06-30 06:07:28 completed_passes=3219/5088 activity=moving"}
{"timestamp": 1782771804.227, "formatted_time": "2026-06-30 06:23:24", "event": "watch_tick", "message": "generated_at=2026-06-30 06:23:24 completed_passes=3221/5088 activity=quiet"}
{"timestamp": 1782771834.328, "formatted_time": "2026-06-30 06:23:54", "event": "watch_tick", "message": "generated_at=2026-06-30 06:23:54 completed_passes=3221/5088 activity=quiet"}
{"timestamp": 1782772836.329, "formatted_time": "2026-06-30 06:40:36", "event": "watch_tick", "message": "generated_at=2026-06-30 06:40:36 completed_passes=3222/5088 activity=moving"}
{"timestamp": 1782773421.64, "formatted_time": "2026-06-30 06:50:21", "event": "watch_tick", "message": "generated_at=2026-06-30 06:50:21 completed_passes=3224/5088 activity=slow"}
{"timestamp": 1782773455.943, "formatted_time": "2026-06-30 06:50:55", "event": "watch_tick", "message": "generated_at=2026-06-30 06:50:51 completed_passes=3224/5088 activity=slow"}
{"timestamp": 1782773486.339, "formatted_time": "2026-06-30 06:51:26", "event": "watch_tick", "message": "generated_at=2026-06-30 06:51:25 completed_passes=3225/5088 activity=moving"}
{"timestamp": 1782773516.658, "formatted_time": "2026-06-30 06:51:56", "event": "watch_tick", "message": "generated_at=2026-06-30 06:51:56 completed_passes=3227/5088 activity=moving"}
{"timestamp": 1782773546.752, "formatted_time": "2026-06-30 06:52:26", "event": "watch_tick", "message": "generated_at=2026-06-30 06:52:26 completed_passes=3230/5088 activity=moving"}
{"timestamp": 1782773576.868, "formatted_time": "2026-06-30 06:52:56", "event": "watch_tick", "message": "generated_at=2026-06-30 06:52:56 completed_passes=3234/5088 activity=moving"}
{"timestamp": 1782773606.966, "formatted_time": "2026-06-30 06:53:26", "event": "watch_tick", "message": "generated_at=2026-06-30 06:53:26 completed_passes=3237/5088 activity=moving"}
{"timestamp": 1782773637.072, "formatted_time": "2026-06-30 06:53:57", "event": "watch_tick", "message": "generated_at=2026-06-30 06:53:56 completed_passes=3240/5088 activity=moving"}
{"timestamp": 1782773667.171, "formatted_time": "2026-06-30 06:54:27", "event": "watch_tick", "message": "generated_at=2026-06-30 06:54:27 completed_passes=3244/5088 activity=moving"}
{"timestamp": 1782773697.272, "formatted_time": "2026-06-30 06:54:57", "event": "watch_tick", "message": "generated_at=2026-06-30 06:54:57 completed_passes=3246/5088 activity=moving"}
{"timestamp": 1782773727.371, "formatted_time": "2026-06-30 06:55:27", "event": "watch_tick", "message": "generated_at=2026-06-30 06:55:27 completed_passes=3248/5088 activity=moving"}
{"timestamp": 1782773762.38, "formatted_time": "2026-06-30 06:56:02", "event": "watch_tick", "message": "generated_at=2026-06-30 06:56:02 completed_passes=3251/5088 activity=moving"}
{"timestamp": 1782773792.499, "formatted_time": "2026-06-30 06:56:32", "event": "watch_tick", "message": "generated_at=2026-06-30 06:56:32 completed_passes=3255/5088 activity=moving"}
{"timestamp": 1782773822.605, "formatted_time": "2026-06-30 06:57:02", "event": "watch_tick", "message": "generated_at=2026-06-30 06:57:02 completed_passes=3258/5088 activity=moving"}
{"timestamp": 1782773852.717, "formatted_time": "2026-06-30 06:57:32", "event": "watch_tick", "message": "generated_at=2026-06-30 06:57:32 completed_passes=3261/5088 activity=moving"}
{"timestamp": 1782773882.816, "formatted_time": "2026-06-30 06:58:02", "event": "watch_tick", "message": "generated_at=2026-06-30 06:58:02 completed_passes=3264/5088 activity=moving"}
{"timestamp": 1782773912.917, "formatted_time": "2026-06-30 06:58:32", "event": "watch_tick", "message": "generated_at=2026-06-30 06:58:32 completed_passes=3266/5088 activity=moving"}
{"timestamp": 1782773943.009, "formatted_time": "2026-06-30 06:59:03", "event": "watch_tick", "message": "generated_at=2026-06-30 06:59:02 completed_passes=3270/5088 activity=moving"}
{"timestamp": 1782773973.105, "formatted_time": "2026-06-30 06:59:33", "event": "watch_tick", "message": "generated_at=2026-06-30 06:59:33 completed_passes=3273/5088 activity=moving"}
{"timestamp": 1782774003.19, "formatted_time": "2026-06-30 07:00:03", "event": "watch_tick", "message": "generated_at=2026-06-30 07:00:03 completed_passes=3276/5088 activity=moving"}
{"timestamp": 1782774033.286, "formatted_time": "2026-06-30 07:00:33", "event": "watch_tick", "message": "generated_at=2026-06-30 07:00:33 completed_passes=3279/5088 activity=moving"}
{"timestamp": 1782774063.434, "formatted_time": "2026-06-30 07:01:03", "event": "watch_tick", "message": "generated_at=2026-06-30 07:01:03 completed_passes=3282/5088 activity=moving"}
{"timestamp": 1782774093.533, "formatted_time": "2026-06-30 07:01:33", "event": "watch_tick", "message": "generated_at=2026-06-30 07:01:33 completed_passes=3285/5088 activity=moving"}
{"timestamp": 1782774123.634, "formatted_time": "2026-06-30 07:02:03", "event": "watch_tick", "message": "generated_at=2026-06-30 07:02:03 completed_passes=3288/5088 activity=moving"}
{"timestamp": 1782774153.728, "formatted_time": "2026-06-30 07:02:33", "event": "watch_tick", "message": "generated_at=2026-06-30 07:02:33 completed_passes=3291/5088 activity=moving"}
{"timestamp": 1782774183.83, "formatted_time": "2026-06-30 07:03:03", "event": "watch_tick", "message": "generated_at=2026-06-30 07:03:03 completed_passes=3293/5088 activity=moving"}
{"timestamp": 1782774213.928, "formatted_time": "2026-06-30 07:03:33", "event": "watch_tick", "message": "generated_at=2026-06-30 07:03:33 completed_passes=3296/5088 activity=moving"}
{"timestamp": 1782774244.027, "formatted_time": "2026-06-30 07:04:04", "event": "watch_tick", "message": "generated_at=2026-06-30 07:04:03 completed_passes=3301/5088 activity=moving"}
{"timestamp": 1782774629.797, "formatted_time": "2026-06-30 07:10:29", "event": "watch_tick", "message": "generated_at=2026-06-30 07:10:29 completed_passes=3306/5088 activity=slow"}
{"timestamp": 1782774659.885, "formatted_time": "2026-06-30 07:10:59", "event": "watch_tick", "message": "generated_at=2026-06-30 07:10:59 completed_passes=3306/5088 activity=slow"}
{"timestamp": 1782774689.976, "formatted_time": "2026-06-30 07:11:29", "event": "watch_tick", "message": "generated_at=2026-06-30 07:11:29 completed_passes=3306/5088 activity=moving"}
{"timestamp": 1782774720.077, "formatted_time": "2026-06-30 07:12:00", "event": "watch_tick", "message": "generated_at=2026-06-30 07:11:59 completed_passes=3311/5088 activity=moving"}
{"timestamp": 1782774750.175, "formatted_time": "2026-06-30 07:12:30", "event": "watch_tick", "message": "generated_at=2026-06-30 07:12:30 completed_passes=3315/5088 activity=moving"}
{"timestamp": 1782774780.269, "formatted_time": "2026-06-30 07:13:00", "event": "watch_tick", "message": "generated_at=2026-06-30 07:13:00 completed_passes=3320/5088 activity=moving"}
{"timestamp": 1782774810.365, "formatted_time": "2026-06-30 07:13:30", "event": "watch_tick", "message": "generated_at=2026-06-30 07:13:30 completed_passes=3324/5088 activity=moving"}
{"timestamp": 1782774840.469, "formatted_time": "2026-06-30 07:14:00", "event": "watch_tick", "message": "generated_at=2026-06-30 07:14:00 completed_passes=3326/5088 activity=moving"}
{"timestamp": 1782774870.543, "formatted_time": "2026-06-30 07:14:30", "event": "watch_tick", "message": "generated_at=2026-06-30 07:14:30 completed_passes=3329/5088 activity=moving"}
{"timestamp": 1782774900.645, "formatted_time": "2026-06-30 07:15:00", "event": "watch_tick", "message": "generated_at=2026-06-30 07:15:00 completed_passes=3331/5088 activity=moving"}
{"timestamp": 1782774930.745, "formatted_time": "2026-06-30 07:15:30", "event": "watch_tick", "message": "generated_at=2026-06-30 07:15:30 completed_passes=3334/5088 activity=moving"}
{"timestamp": 1782774960.844, "formatted_time": "2026-06-30 07:16:00", "event": "watch_tick", "message": "generated_at=2026-06-30 07:16:00 completed_passes=3338/5088 activity=moving"}
{"timestamp": 1782774990.939, "formatted_time": "2026-06-30 07:16:30", "event": "watch_tick", "message": "generated_at=2026-06-30 07:16:30 completed_passes=3341/5088 activity=moving"}
{"timestamp": 1782775021.05, "formatted_time": "2026-06-30 07:17:01", "event": "watch_tick", "message": "generated_at=2026-06-30 07:17:00 completed_passes=3343/5088 activity=moving"}
{"timestamp": 1782775051.156, "formatted_time": "2026-06-30 07:17:31", "event": "watch_tick", "message": "generated_at=2026-06-30 07:17:31 completed_passes=3346/5088 activity=moving"}
{"timestamp": 1782775081.264, "formatted_time": "2026-06-30 07:18:01", "event": "watch_tick", "message": "generated_at=2026-06-30 07:18:01 completed_passes=3350/5088 activity=moving"}
{"timestamp": 1782775111.367, "formatted_time": "2026-06-30 07:18:31", "event": "watch_tick", "message": "generated_at=2026-06-30 07:18:31 completed_passes=3352/5088 activity=moving"}
{"timestamp": 1782775141.467, "formatted_time": "2026-06-30 07:19:01", "event": "watch_tick", "message": "generated_at=2026-06-30 07:19:01 completed_passes=3354/5088 activity=moving"}
{"timestamp": 1782775171.564, "formatted_time": "2026-06-30 07:19:31", "event": "watch_tick", "message": "generated_at=2026-06-30 07:19:31 completed_passes=3357/5088 activity=moving"}
{"timestamp": 1782775201.656, "formatted_time": "2026-06-30 07:20:01", "event": "watch_tick", "message": "generated_at=2026-06-30 07:20:01 completed_passes=3360/5088 activity=moving"}
{"timestamp": 1782775231.758, "formatted_time": "2026-06-30 07:20:31", "event": "watch_tick", "message": "generated_at=2026-06-30 07:20:31 completed_passes=3364/5088 activity=moving"}
{"timestamp": 1782775261.83, "formatted_time": "2026-06-30 07:21:01", "event": "watch_tick", "message": "generated_at=2026-06-30 07:21:01 completed_passes=3370/5088 activity=moving"}
{"timestamp": 1782775291.926, "formatted_time": "2026-06-30 07:21:31", "event": "watch_tick", "message": "generated_at=2026-06-30 07:21:31 completed_passes=3374/5088 activity=moving"}
{"timestamp": 1782775322.026, "formatted_time": "2026-06-30 07:22:02", "event": "watch_tick", "message": "generated_at=2026-06-30 07:22:01 completed_passes=3378/5088 activity=moving"}
{"timestamp": 1782775352.119, "formatted_time": "2026-06-30 07:22:32", "event": "watch_tick", "message": "generated_at=2026-06-30 07:22:32 completed_passes=3381/5088 activity=moving"}
{"timestamp": 1782775382.214, "formatted_time": "2026-06-30 07:23:02", "event": "watch_tick", "message": "generated_at=2026-06-30 07:23:02 completed_passes=3385/5088 activity=moving"}
{"timestamp": 1782775412.312, "formatted_time": "2026-06-30 07:23:32", "event": "watch_tick", "message": "generated_at=2026-06-30 07:23:32 completed_passes=3388/5088 activity=moving"}
{"timestamp": 1782775442.416, "formatted_time": "2026-06-30 07:24:02", "event": "watch_tick", "message": "generated_at=2026-06-30 07:24:02 completed_passes=3390/5088 activity=moving"}
{"timestamp": 1782775472.514, "formatted_time": "2026-06-30 07:24:32", "event": "watch_tick", "message": "generated_at=2026-06-30 07:24:32 completed_passes=3392/5088 activity=moving"}
{"timestamp": 1782775502.616, "formatted_time": "2026-06-30 07:25:02", "event": "watch_tick", "message": "generated_at=2026-06-30 07:25:02 completed_passes=3395/5088 activity=moving"}
{"timestamp": 1782775532.711, "formatted_time": "2026-06-30 07:25:32", "event": "watch_tick", "message": "generated_at=2026-06-30 07:25:32 completed_passes=3398/5088 activity=moving"}
{"timestamp": 1782775562.813, "formatted_time": "2026-06-30 07:26:02", "event": "watch_tick", "message": "generated_at=2026-06-30 07:26:02 completed_passes=3401/5088 activity=moving"}
{"timestamp": 1782775592.907, "formatted_time": "2026-06-30 07:26:32", "event": "watch_tick", "message": "generated_at=2026-06-30 07:26:32 completed_passes=3404/5088 activity=moving"}
{"timestamp": 1782775623.015, "formatted_time": "2026-06-30 07:27:03", "event": "watch_tick", "message": "generated_at=2026-06-30 07:27:02 completed_passes=3406/5088 activity=moving"}
{"timestamp": 1782775653.119, "formatted_time": "2026-06-30 07:27:33", "event": "watch_tick", "message": "generated_at=2026-06-30 07:27:33 completed_passes=3409/5088 activity=moving"}
{"timestamp": 1782775683.224, "formatted_time": "2026-06-30 07:28:03", "event": "watch_tick", "message": "generated_at=2026-06-30 07:28:03 completed_passes=3413/5088 activity=moving"}
{"timestamp": 1782775713.325, "formatted_time": "2026-06-30 07:28:33", "event": "watch_tick", "message": "generated_at=2026-06-30 07:28:33 completed_passes=3415/5088 activity=moving"}
{"timestamp": 1782775743.428, "formatted_time": "2026-06-30 07:29:03", "event": "watch_tick", "message": "generated_at=2026-06-30 07:29:03 completed_passes=3418/5088 activity=moving"}
{"timestamp": 1782775773.539, "formatted_time": "2026-06-30 07:29:33", "event": "watch_tick", "message": "generated_at=2026-06-30 07:29:33 completed_passes=3420/5088 activity=moving"}
{"timestamp": 1782775803.639, "formatted_time": "2026-06-30 07:30:03", "event": "watch_tick", "message": "generated_at=2026-06-30 07:30:03 completed_passes=3423/5088 activity=moving"}
{"timestamp": 1782775833.75, "formatted_time": "2026-06-30 07:30:33", "event": "watch_tick", "message": "generated_at=2026-06-30 07:30:33 completed_passes=3426/5088 activity=moving"}
{"timestamp": 1782775863.851, "formatted_time": "2026-06-30 07:31:03", "event": "watch_tick", "message": "generated_at=2026-06-30 07:31:03 completed_passes=3428/5088 activity=moving"}
{"timestamp": 1782775893.945, "formatted_time": "2026-06-30 07:31:33", "event": "watch_tick", "message": "generated_at=2026-06-30 07:31:33 completed_passes=3430/5088 activity=moving"}
{"timestamp": 1782775924.048, "formatted_time": "2026-06-30 07:32:04", "event": "watch_tick", "message": "generated_at=2026-06-30 07:32:03 completed_passes=3432/5088 activity=moving"}
{"timestamp": 1782775954.156, "formatted_time": "2026-06-30 07:32:34", "event": "watch_tick", "message": "generated_at=2026-06-30 07:32:34 completed_passes=3435/5088 activity=moving"}
{"timestamp": 1782775984.254, "formatted_time": "2026-06-30 07:33:04", "event": "watch_tick", "message": "generated_at=2026-06-30 07:33:04 completed_passes=3437/5088 activity=moving"}
{"timestamp": 1782776014.357, "formatted_time": "2026-06-30 07:33:34", "event": "watch_tick", "message": "generated_at=2026-06-30 07:33:34 completed_passes=3440/5088 activity=moving"}
{"timestamp": 1782776044.452, "formatted_time": "2026-06-30 07:34:04", "event": "watch_tick", "message": "generated_at=2026-06-30 07:34:04 completed_passes=3442/5088 activity=moving"}
{"timestamp": 1782776074.534, "formatted_time": "2026-06-30 07:34:34", "event": "watch_tick", "message": "generated_at=2026-06-30 07:34:34 completed_passes=3446/5088 activity=moving"}
{"timestamp": 1782776104.573, "formatted_time": "2026-06-30 07:35:04", "event": "watch_tick", "message": "generated_at=2026-06-30 07:35:04 completed_passes=3448/5088 activity=moving"}
{"timestamp": 1782776134.683, "formatted_time": "2026-06-30 07:35:34", "event": "watch_tick", "message": "generated_at=2026-06-30 07:35:34 completed_passes=3451/5088 activity=moving"}
{"timestamp": 1782776164.778, "formatted_time": "2026-06-30 07:36:04", "event": "watch_tick", "message": "generated_at=2026-06-30 07:36:04 completed_passes=3454/5088 activity=moving"}
{"timestamp": 1782776194.873, "formatted_time": "2026-06-30 07:36:34", "event": "watch_tick", "message": "generated_at=2026-06-30 07:36:34 completed_passes=3457/5088 activity=moving"}
{"timestamp": 1782776224.991, "formatted_time": "2026-06-30 07:37:04", "event": "watch_tick", "message": "generated_at=2026-06-30 07:37:04 completed_passes=3459/5088 activity=moving"}
{"timestamp": 1782776255.104, "formatted_time": "2026-06-30 07:37:35", "event": "watch_tick", "message": "generated_at=2026-06-30 07:37:34 completed_passes=3462/5088 activity=moving"}
{"timestamp": 1782776285.222, "formatted_time": "2026-06-30 07:38:05", "event": "watch_tick", "message": "generated_at=2026-06-30 07:38:05 completed_passes=3465/5088 activity=moving"}
{"timestamp": 1782776315.299, "formatted_time": "2026-06-30 07:38:35", "event": "watch_tick", "message": "generated_at=2026-06-30 07:38:35 completed_passes=3469/5088 activity=moving"}
{"timestamp": 1782776345.399, "formatted_time": "2026-06-30 07:39:05", "event": "watch_tick", "message": "generated_at=2026-06-30 07:39:05 completed_passes=3472/5088 activity=moving"}
{"timestamp": 1782776375.495, "formatted_time": "2026-06-30 07:39:35", "event": "watch_tick", "message": "generated_at=2026-06-30 07:39:35 completed_passes=3475/5088 activity=moving"}
{"timestamp": 1782776405.609, "formatted_time": "2026-06-30 07:40:05", "event": "watch_tick", "message": "generated_at=2026-06-30 07:40:05 completed_passes=3477/5088 activity=moving"}
{"timestamp": 1782776435.715, "formatted_time": "2026-06-30 07:40:35", "event": "watch_tick", "message": "generated_at=2026-06-30 07:40:35 completed_passes=3480/5088 activity=moving"}
{"timestamp": 1782776465.815, "formatted_time": "2026-06-30 07:41:05", "event": "watch_tick", "message": "generated_at=2026-06-30 07:41:05 completed_passes=3483/5088 activity=moving"}
{"timestamp": 1782776495.917, "formatted_time": "2026-06-30 07:41:35", "event": "watch_tick", "message": "generated_at=2026-06-30 07:41:35 completed_passes=3485/5088 activity=moving"}
{"timestamp": 1782776526.018, "formatted_time": "2026-06-30 07:42:06", "event": "watch_tick", "message": "generated_at=2026-06-30 07:42:05 completed_passes=3488/5088 activity=moving"}
{"timestamp": 1782776556.115, "formatted_time": "2026-06-30 07:42:36", "event": "watch_tick", "message": "generated_at=2026-06-30 07:42:36 completed_passes=3490/5088 activity=moving"}
{"timestamp": 1782776586.205, "formatted_time": "2026-06-30 07:43:06", "event": "watch_tick", "message": "generated_at=2026-06-30 07:43:06 completed_passes=3493/5088 activity=moving"}
{"timestamp": 1782776616.305, "formatted_time": "2026-06-30 07:43:36", "event": "watch_tick", "message": "generated_at=2026-06-30 07:43:36 completed_passes=3497/5088 activity=moving"}
{"timestamp": 1782776646.403, "formatted_time": "2026-06-30 07:44:06", "event": "watch_tick", "message": "generated_at=2026-06-30 07:44:06 completed_passes=3500/5088 activity=moving"}
{"timestamp": 1782776676.502, "formatted_time": "2026-06-30 07:44:36", "event": "watch_tick", "message": "generated_at=2026-06-30 07:44:36 completed_passes=3504/5088 activity=moving"}
{"timestamp": 1782776706.601, "formatted_time": "2026-06-30 07:45:06", "event": "watch_tick", "message": "generated_at=2026-06-30 07:45:06 completed_passes=3508/5088 activity=moving"}
{"timestamp": 1782776736.71, "formatted_time": "2026-06-30 07:45:36", "event": "watch_tick", "message": "generated_at=2026-06-30 07:45:36 completed_passes=3510/5088 activity=moving"}
{"timestamp": 1782776766.809, "formatted_time": "2026-06-30 07:46:06", "event": "watch_tick", "message": "generated_at=2026-06-30 07:46:06 completed_passes=3513/5088 activity=moving"}
{"timestamp": 1782776796.904, "formatted_time": "2026-06-30 07:46:36", "event": "watch_tick", "message": "generated_at=2026-06-30 07:46:36 completed_passes=3517/5088 activity=moving"}
{"timestamp": 1782776827.001, "formatted_time": "2026-06-30 07:47:07", "event": "watch_tick", "message": "generated_at=2026-06-30 07:47:06 completed_passes=3519/5088 activity=moving"}
{"timestamp": 1782776857.097, "formatted_time": "2026-06-30 07:47:37", "event": "watch_tick", "message": "generated_at=2026-06-30 07:47:37 completed_passes=3522/5088 activity=moving"}
{"timestamp": 1782776887.189, "formatted_time": "2026-06-30 07:48:07", "event": "watch_tick", "message": "generated_at=2026-06-30 07:48:07 completed_passes=3524/5088 activity=moving"}
{"timestamp": 1782776917.287, "formatted_time": "2026-06-30 07:48:37", "event": "watch_tick", "message": "generated_at=2026-06-30 07:48:37 completed_passes=3526/5088 activity=moving"}
{"timestamp": 1782776947.381, "formatted_time": "2026-06-30 07:49:07", "event": "watch_tick", "message": "generated_at=2026-06-30 07:49:07 completed_passes=3529/5088 activity=moving"}
{"timestamp": 1782776977.475, "formatted_time": "2026-06-30 07:49:37", "event": "watch_tick", "message": "generated_at=2026-06-30 07:49:37 completed_passes=3533/5088 activity=moving"}
{"timestamp": 1782777007.566, "formatted_time": "2026-06-30 07:50:07", "event": "watch_tick", "message": "generated_at=2026-06-30 07:50:07 completed_passes=3537/5088 activity=moving"}
{"timestamp": 1782777037.662, "formatted_time": "2026-06-30 07:50:37", "event": "watch_tick", "message": "generated_at=2026-06-30 07:50:37 completed_passes=3541/5088 activity=moving"}
{"timestamp": 1782777067.76, "formatted_time": "2026-06-30 07:51:07", "event": "watch_tick", "message": "generated_at=2026-06-30 07:51:07 completed_passes=3545/5088 activity=moving"}
{"timestamp": 1782777097.853, "formatted_time": "2026-06-30 07:51:37", "event": "watch_tick", "message": "generated_at=2026-06-30 07:51:37 completed_passes=3548/5088 activity=moving"}
{"timestamp": 1782777127.95, "formatted_time": "2026-06-30 07:52:07", "event": "watch_tick", "message": "generated_at=2026-06-30 07:52:07 completed_passes=3549/5088 activity=moving"}
{"timestamp": 1782777158.045, "formatted_time": "2026-06-30 07:52:38", "event": "watch_tick", "message": "generated_at=2026-06-30 07:52:37 completed_passes=3552/5088 activity=moving"}
{"timestamp": 1782777188.148, "formatted_time": "2026-06-30 07:53:08", "event": "watch_tick", "message": "generated_at=2026-06-30 07:53:08 completed_passes=3555/5088 activity=moving"}
{"timestamp": 1782777218.22, "formatted_time": "2026-06-30 07:53:38", "event": "watch_tick", "message": "generated_at=2026-06-30 07:53:38 completed_passes=3559/5088 activity=moving"}
{"timestamp": 1782777248.324, "formatted_time": "2026-06-30 07:54:08", "event": "watch_tick", "message": "generated_at=2026-06-30 07:54:08 completed_passes=3561/5088 activity=moving"}
{"timestamp": 1782777278.423, "formatted_time": "2026-06-30 07:54:38", "event": "watch_tick", "message": "generated_at=2026-06-30 07:54:38 completed_passes=3565/5088 activity=moving"}
{"timestamp": 1782777308.521, "formatted_time": "2026-06-30 07:55:08", "event": "watch_tick", "message": "generated_at=2026-06-30 07:55:08 completed_passes=3568/5088 activity=moving"}
{"timestamp": 1782777338.615, "formatted_time": "2026-06-30 07:55:38", "event": "watch_tick", "message": "generated_at=2026-06-30 07:55:38 completed_passes=3572/5088 activity=moving"}
{"timestamp": 1782777368.718, "formatted_time": "2026-06-30 07:56:08", "event": "watch_tick", "message": "generated_at=2026-06-30 07:56:08 completed_passes=3576/5088 activity=moving"}
{"timestamp": 1782777398.815, "formatted_time": "2026-06-30 07:56:38", "event": "watch_tick", "message": "generated_at=2026-06-30 07:56:38 completed_passes=3580/5088 activity=moving"}
{"timestamp": 1782777428.917, "formatted_time": "2026-06-30 07:57:08", "event": "watch_tick", "message": "generated_at=2026-06-30 07:57:08 completed_passes=3584/5088 activity=moving"}
{"timestamp": 1782777459.011, "formatted_time": "2026-06-30 07:57:39", "event": "watch_tick", "message": "generated_at=2026-06-30 07:57:38 completed_passes=3587/5088 activity=moving"}
{"timestamp": 1782777489.107, "formatted_time": "2026-06-30 07:58:09", "event": "watch_tick", "message": "generated_at=2026-06-30 07:58:09 completed_passes=3591/5088 activity=moving"}
{"timestamp": 1782777519.208, "formatted_time": "2026-06-30 07:58:39", "event": "watch_tick", "message": "generated_at=2026-06-30 07:58:39 completed_passes=3594/5088 activity=moving"}
{"timestamp": 1782777549.303, "formatted_time": "2026-06-30 07:59:09", "event": "watch_tick", "message": "generated_at=2026-06-30 07:59:09 completed_passes=3596/5088 activity=moving"}
{"timestamp": 1782777579.403, "formatted_time": "2026-06-30 07:59:39", "event": "watch_tick", "message": "generated_at=2026-06-30 07:59:39 completed_passes=3598/5088 activity=moving"}
{"timestamp": 1782777609.501, "formatted_time": "2026-06-30 08:00:09", "event": "watch_tick", "message": "generated_at=2026-06-30 08:00:09 completed_passes=3601/5088 activity=moving"}
{"timestamp": 1782777639.624, "formatted_time": "2026-06-30 08:00:39", "event": "watch_tick", "message": "generated_at=2026-06-30 08:00:39 completed_passes=3604/5088 activity=moving"}
{"timestamp": 1782777669.879, "formatted_time": "2026-06-30 08:01:09", "event": "watch_tick", "message": "generated_at=2026-06-30 08:01:09 completed_passes=3607/5088 activity=moving"}
{"timestamp": 1782777699.98, "formatted_time": "2026-06-30 08:01:39", "event": "watch_tick", "message": "generated_at=2026-06-30 08:01:39 completed_passes=3611/5088 activity=moving"}
{"timestamp": 1782777730.079, "formatted_time": "2026-06-30 08:02:10", "event": "watch_tick", "message": "generated_at=2026-06-30 08:02:09 completed_passes=3613/5088 activity=moving"}
{"timestamp": 1782777760.179, "formatted_time": "2026-06-30 08:02:40", "event": "watch_tick", "message": "generated_at=2026-06-30 08:02:40 completed_passes=3614/5088 activity=moving"}
{"timestamp": 1782777790.278, "formatted_time": "2026-06-30 08:03:10", "event": "watch_tick", "message": "generated_at=2026-06-30 08:03:10 completed_passes=3617/5088 activity=moving"}
{"timestamp": 1782777820.376, "formatted_time": "2026-06-30 08:03:40", "event": "watch_tick", "message": "generated_at=2026-06-30 08:03:40 completed_passes=3621/5088 activity=moving"}
{"timestamp": 1782777850.479, "formatted_time": "2026-06-30 08:04:10", "event": "watch_tick", "message": "generated_at=2026-06-30 08:04:10 completed_passes=3623/5088 activity=moving"}
{"timestamp": 1782777880.578, "formatted_time": "2026-06-30 08:04:40", "event": "watch_tick", "message": "generated_at=2026-06-30 08:04:40 completed_passes=3626/5088 activity=moving"}
{"timestamp": 1782777910.677, "formatted_time": "2026-06-30 08:05:10", "event": "watch_tick", "message": "generated_at=2026-06-30 08:05:10 completed_passes=3628/5088 activity=moving"}
{"timestamp": 1782777940.776, "formatted_time": "2026-06-30 08:05:40", "event": "watch_tick", "message": "generated_at=2026-06-30 08:05:40 completed_passes=3631/5088 activity=moving"}
{"timestamp": 1782777970.874, "formatted_time": "2026-06-30 08:06:10", "event": "watch_tick", "message": "generated_at=2026-06-30 08:06:10 completed_passes=3634/5088 activity=moving"}
{"timestamp": 1782778000.984, "formatted_time": "2026-06-30 08:06:40", "event": "watch_tick", "message": "generated_at=2026-06-30 08:06:40 completed_passes=3637/5088 activity=moving"}
{"timestamp": 1782778031.086, "formatted_time": "2026-06-30 08:07:11", "event": "watch_tick", "message": "generated_at=2026-06-30 08:07:10 completed_passes=3640/5088 activity=moving"}
{"timestamp": 1782778061.181, "formatted_time": "2026-06-30 08:07:41", "event": "watch_tick", "message": "generated_at=2026-06-30 08:07:41 completed_passes=3642/5088 activity=moving"}
{"timestamp": 1782778091.271, "formatted_time": "2026-06-30 08:08:11", "event": "watch_tick", "message": "generated_at=2026-06-30 08:08:11 completed_passes=3644/5088 activity=moving"}
{"timestamp": 1782778121.368, "formatted_time": "2026-06-30 08:08:41", "event": "watch_tick", "message": "generated_at=2026-06-30 08:08:41 completed_passes=3647/5088 activity=moving"}
{"timestamp": 1782778151.466, "formatted_time": "2026-06-30 08:09:11", "event": "watch_tick", "message": "generated_at=2026-06-30 08:09:11 completed_passes=3651/5088 activity=moving"}
{"timestamp": 1782778181.565, "formatted_time": "2026-06-30 08:09:41", "event": "watch_tick", "message": "generated_at=2026-06-30 08:09:41 completed_passes=3654/5088 activity=moving"}
{"timestamp": 1782778211.663, "formatted_time": "2026-06-30 08:10:11", "event": "watch_tick", "message": "generated_at=2026-06-30 08:10:11 completed_passes=3657/5088 activity=moving"}
{"timestamp": 1782778241.766, "formatted_time": "2026-06-30 08:10:41", "event": "watch_tick", "message": "generated_at=2026-06-30 08:10:41 completed_passes=3662/5088 activity=moving"}
{"timestamp": 1782778271.863, "formatted_time": "2026-06-30 08:11:11", "event": "watch_tick", "message": "generated_at=2026-06-30 08:11:11 completed_passes=3666/5088 activity=moving"}
{"timestamp": 1782778301.881, "formatted_time": "2026-06-30 08:11:41", "event": "watch_tick", "message": "generated_at=2026-06-30 08:11:41 completed_passes=3671/5088 activity=moving"}
{"timestamp": 1782778331.98, "formatted_time": "2026-06-30 08:12:11", "event": "watch_tick", "message": "generated_at=2026-06-30 08:12:11 completed_passes=3673/5088 activity=moving"}
{"timestamp": 1782778362.077, "formatted_time": "2026-06-30 08:12:42", "event": "watch_tick", "message": "generated_at=2026-06-30 08:12:41 completed_passes=3675/5088 activity=moving"}
{"timestamp": 1782778392.178, "formatted_time": "2026-06-30 08:13:12", "event": "watch_tick", "message": "generated_at=2026-06-30 08:13:12 completed_passes=3678/5088 activity=moving"}
{"timestamp": 1782778422.276, "formatted_time": "2026-06-30 08:13:42", "event": "watch_tick", "message": "generated_at=2026-06-30 08:13:42 completed_passes=3681/5088 activity=moving"}
{"timestamp": 1782778452.372, "formatted_time": "2026-06-30 08:14:12", "event": "watch_tick", "message": "generated_at=2026-06-30 08:14:12 completed_passes=3684/5088 activity=moving"}
{"timestamp": 1782778482.47, "formatted_time": "2026-06-30 08:14:42", "event": "watch_tick", "message": "generated_at=2026-06-30 08:14:42 completed_passes=3687/5088 activity=moving"}
{"timestamp": 1782778512.564, "formatted_time": "2026-06-30 08:15:12", "event": "watch_tick", "message": "generated_at=2026-06-30 08:15:12 completed_passes=3690/5088 activity=moving"}
{"timestamp": 1782778542.654, "formatted_time": "2026-06-30 08:15:42", "event": "watch_tick", "message": "generated_at=2026-06-30 08:15:42 completed_passes=3693/5088 activity=moving"}
{"timestamp": 1782778572.755, "formatted_time": "2026-06-30 08:16:12", "event": "watch_tick", "message": "generated_at=2026-06-30 08:16:12 completed_passes=3699/5088 activity=moving"}
{"timestamp": 1782778602.847, "formatted_time": "2026-06-30 08:16:42", "event": "watch_tick", "message": "generated_at=2026-06-30 08:16:42 completed_passes=3701/5088 activity=moving"}
{"timestamp": 1782778632.946, "formatted_time": "2026-06-30 08:17:12", "event": "watch_tick", "message": "generated_at=2026-06-30 08:17:12 completed_passes=3704/5088 activity=moving"}
{"timestamp": 1782778663.043, "formatted_time": "2026-06-30 08:17:43", "event": "watch_tick", "message": "generated_at=2026-06-30 08:17:42 completed_passes=3707/5088 activity=moving"}
{"timestamp": 1782778693.141, "formatted_time": "2026-06-30 08:18:13", "event": "watch_tick", "message": "generated_at=2026-06-30 08:18:13 completed_passes=3710/5088 activity=moving"}
{"timestamp": 1782778723.236, "formatted_time": "2026-06-30 08:18:43", "event": "watch_tick", "message": "generated_at=2026-06-30 08:18:43 completed_passes=3714/5088 activity=moving"}
{"timestamp": 1782778753.334, "formatted_time": "2026-06-30 08:19:13", "event": "watch_tick", "message": "generated_at=2026-06-30 08:19:13 completed_passes=3716/5088 activity=moving"}
{"timestamp": 1782778783.438, "formatted_time": "2026-06-30 08:19:43", "event": "watch_tick", "message": "generated_at=2026-06-30 08:19:43 completed_passes=3720/5088 activity=moving"}
{"timestamp": 1782778813.54, "formatted_time": "2026-06-30 08:20:13", "event": "watch_tick", "message": "generated_at=2026-06-30 08:20:13 completed_passes=3723/5088 activity=moving"}
{"timestamp": 1782778843.639, "formatted_time": "2026-06-30 08:20:43", "event": "watch_tick", "message": "generated_at=2026-06-30 08:20:43 completed_passes=3726/5088 activity=moving"}
{"timestamp": 1782778873.738, "formatted_time": "2026-06-30 08:21:13", "event": "watch_tick", "message": "generated_at=2026-06-30 08:21:13 completed_passes=3728/5088 activity=moving"}
{"timestamp": 1782778903.847, "formatted_time": "2026-06-30 08:21:43", "event": "watch_tick", "message": "generated_at=2026-06-30 08:21:43 completed_passes=3732/5088 activity=moving"}
{"timestamp": 1782778933.948, "formatted_time": "2026-06-30 08:22:13", "event": "watch_tick", "message": "generated_at=2026-06-30 08:22:13 completed_passes=3736/5088 activity=moving"}
{"timestamp": 1782778964.049, "formatted_time": "2026-06-30 08:22:44", "event": "watch_tick", "message": "generated_at=2026-06-30 08:22:43 completed_passes=3740/5088 activity=moving"}
{"timestamp": 1782778994.15, "formatted_time": "2026-06-30 08:23:14", "event": "watch_tick", "message": "generated_at=2026-06-30 08:23:14 completed_passes=3744/5088 activity=moving"}
{"timestamp": 1782779024.246, "formatted_time": "2026-06-30 08:23:44", "event": "watch_tick", "message": "generated_at=2026-06-30 08:23:44 completed_passes=3748/5088 activity=moving"}
{"timestamp": 1782779054.344, "formatted_time": "2026-06-30 08:24:14", "event": "watch_tick", "message": "generated_at=2026-06-30 08:24:14 completed_passes=3750/5088 activity=moving"}
{"timestamp": 1782779084.44, "formatted_time": "2026-06-30 08:24:44", "event": "watch_tick", "message": "generated_at=2026-06-30 08:24:44 completed_passes=3754/5088 activity=moving"}
{"timestamp": 1782779114.521, "formatted_time": "2026-06-30 08:25:14", "event": "watch_tick", "message": "generated_at=2026-06-30 08:25:14 completed_passes=3757/5088 activity=moving"}
{"timestamp": 1782779144.628, "formatted_time": "2026-06-30 08:25:44", "event": "watch_tick", "message": "generated_at=2026-06-30 08:25:44 completed_passes=3759/5088 activity=moving"}
{"timestamp": 1782779174.731, "formatted_time": "2026-06-30 08:26:14", "event": "watch_tick", "message": "generated_at=2026-06-30 08:26:14 completed_passes=3761/5088 activity=moving"}
{"timestamp": 1782779204.827, "formatted_time": "2026-06-30 08:26:44", "event": "watch_tick", "message": "generated_at=2026-06-30 08:26:44 completed_passes=3763/5088 activity=moving"}
{"timestamp": 1782779234.929, "formatted_time": "2026-06-30 08:27:14", "event": "watch_tick", "message": "generated_at=2026-06-30 08:27:14 completed_passes=3767/5088 activity=moving"}
{"timestamp": 1782779265.021, "formatted_time": "2026-06-30 08:27:45", "event": "watch_tick", "message": "generated_at=2026-06-30 08:27:44 completed_passes=3771/5088 activity=moving"}
{"timestamp": 1782779295.121, "formatted_time": "2026-06-30 08:28:15", "event": "watch_tick", "message": "generated_at=2026-06-30 08:28:15 completed_passes=3776/5088 activity=moving"}
{"timestamp": 1782779325.215, "formatted_time": "2026-06-30 08:28:45", "event": "watch_tick", "message": "generated_at=2026-06-30 08:28:45 completed_passes=3779/5088 activity=moving"}
{"timestamp": 1782779355.309, "formatted_time": "2026-06-30 08:29:15", "event": "watch_tick", "message": "generated_at=2026-06-30 08:29:15 completed_passes=3782/5088 activity=moving"}
{"timestamp": 1782779385.407, "formatted_time": "2026-06-30 08:29:45", "event": "watch_tick", "message": "generated_at=2026-06-30 08:29:45 completed_passes=3785/5088 activity=moving"}
{"timestamp": 1782779435.314, "formatted_time": "2026-06-30 08:30:35", "event": "watch_tick", "message": "generated_at=2026-06-30 08:30:34 completed_passes=3790/5088 activity=moving"}
{"timestamp": 1782779465.414, "formatted_time": "2026-06-30 08:31:05", "event": "watch_tick", "message": "generated_at=2026-06-30 08:31:05 completed_passes=3792/5088 activity=moving"}
{"timestamp": 1782779495.52, "formatted_time": "2026-06-30 08:31:35", "event": "watch_tick", "message": "generated_at=2026-06-30 08:31:35 completed_passes=3796/5088 activity=moving"}
{"timestamp": 1782779525.618, "formatted_time": "2026-06-30 08:32:05", "event": "watch_tick", "message": "generated_at=2026-06-30 08:32:05 completed_passes=3799/5088 activity=moving"}
{"timestamp": 1782779555.719, "formatted_time": "2026-06-30 08:32:35", "event": "watch_tick", "message": "generated_at=2026-06-30 08:32:35 completed_passes=3803/5088 activity=moving"}
{"timestamp": 1782779585.814, "formatted_time": "2026-06-30 08:33:05", "event": "watch_tick", "message": "generated_at=2026-06-30 08:33:05 completed_passes=3806/5088 activity=moving"}
{"timestamp": 1782779615.9, "formatted_time": "2026-06-30 08:33:35", "event": "watch_tick", "message": "generated_at=2026-06-30 08:33:35 completed_passes=3811/5088 activity=moving"}
{"timestamp": 1782779735.718, "formatted_time": "2026-06-30 08:35:35", "event": "watch_tick", "message": "generated_at=2026-06-30 08:35:35 completed_passes=3812/5088 activity=moving"}
{"timestamp": 1782779765.801, "formatted_time": "2026-06-30 08:36:05", "event": "watch_tick", "message": "generated_at=2026-06-30 08:36:05 completed_passes=3815/5088 activity=moving"}
{"timestamp": 1782779795.899, "formatted_time": "2026-06-30 08:36:35", "event": "watch_tick", "message": "generated_at=2026-06-30 08:36:35 completed_passes=3819/5088 activity=moving"}
{"timestamp": 1782779825.996, "formatted_time": "2026-06-30 08:37:05", "event": "watch_tick", "message": "generated_at=2026-06-30 08:37:05 completed_passes=3820/5088 activity=moving"}
{"timestamp": 1782779856.094, "formatted_time": "2026-06-30 08:37:36", "event": "watch_tick", "message": "generated_at=2026-06-30 08:37:36 completed_passes=3821/5088 activity=moving"}
{"timestamp": 1782779886.192, "formatted_time": "2026-06-30 08:38:06", "event": "watch_tick", "message": "generated_at=2026-06-30 08:38:06 completed_passes=3825/5088 activity=moving"}
{"timestamp": 1782779916.287, "formatted_time": "2026-06-30 08:38:36", "event": "watch_tick", "message": "generated_at=2026-06-30 08:38:36 completed_passes=3827/5088 activity=moving"}
{"timestamp": 1782779946.383, "formatted_time": "2026-06-30 08:39:06", "event": "watch_tick", "message": "generated_at=2026-06-30 08:39:06 completed_passes=3829/5088 activity=moving"}
{"timestamp": 1782779976.494, "formatted_time": "2026-06-30 08:39:36", "event": "watch_tick", "message": "generated_at=2026-06-30 08:39:36 completed_passes=3831/5088 activity=moving"}
{"timestamp": 1782780006.589, "formatted_time": "2026-06-30 08:40:06", "event": "watch_tick", "message": "generated_at=2026-06-30 08:40:06 completed_passes=3835/5088 activity=moving"}
{"timestamp": 1782780036.682, "formatted_time": "2026-06-30 08:40:36", "event": "watch_tick", "message": "generated_at=2026-06-30 08:40:36 completed_passes=3838/5088 activity=moving"}
{"timestamp": 1782780066.778, "formatted_time": "2026-06-30 08:41:06", "event": "watch_tick", "message": "generated_at=2026-06-30 08:41:06 completed_passes=3841/5088 activity=moving"}
{"timestamp": 1782780096.877, "formatted_time": "2026-06-30 08:41:36", "event": "watch_tick", "message": "generated_at=2026-06-30 08:41:36 completed_passes=3845/5088 activity=moving"}
{"timestamp": 1782780126.983, "formatted_time": "2026-06-30 08:42:06", "event": "watch_tick", "message": "generated_at=2026-06-30 08:42:06 completed_passes=3849/5088 activity=moving"}
{"timestamp": 1782780157.082, "formatted_time": "2026-06-30 08:42:37", "event": "watch_tick", "message": "generated_at=2026-06-30 08:42:36 completed_passes=3853/5088 activity=moving"}
{"timestamp": 1782780187.189, "formatted_time": "2026-06-30 08:43:07", "event": "watch_tick", "message": "generated_at=2026-06-30 08:43:07 completed_passes=3857/5088 activity=moving"}
{"timestamp": 1782780217.284, "formatted_time": "2026-06-30 08:43:37", "event": "watch_tick", "message": "generated_at=2026-06-30 08:43:37 completed_passes=3860/5088 activity=moving"}
{"timestamp": 1782780247.378, "formatted_time": "2026-06-30 08:44:07", "event": "watch_tick", "message": "generated_at=2026-06-30 08:44:07 completed_passes=3862/5088 activity=moving"}
{"timestamp": 1782780277.467, "formatted_time": "2026-06-30 08:44:37", "event": "watch_tick", "message": "generated_at=2026-06-30 08:44:37 completed_passes=3865/5088 activity=moving"}
{"timestamp": 1782780307.563, "formatted_time": "2026-06-30 08:45:07", "event": "watch_tick", "message": "generated_at=2026-06-30 08:45:07 completed_passes=3867/5088 activity=moving"}
{"timestamp": 1782780337.671, "formatted_time": "2026-06-30 08:45:37", "event": "watch_tick", "message": "generated_at=2026-06-30 08:45:37 completed_passes=3869/5088 activity=moving"}
{"timestamp": 1782780367.767, "formatted_time": "2026-06-30 08:46:07", "event": "watch_tick", "message": "generated_at=2026-06-30 08:46:07 completed_passes=3871/5088 activity=moving"}
{"timestamp": 1782780397.875, "formatted_time": "2026-06-30 08:46:37", "event": "watch_tick", "message": "generated_at=2026-06-30 08:46:37 completed_passes=3873/5088 activity=moving"}
{"timestamp": 1782780427.964, "formatted_time": "2026-06-30 08:47:07", "event": "watch_tick", "message": "generated_at=2026-06-30 08:47:07 completed_passes=3875/5088 activity=moving"}
{"timestamp": 1782780458.063, "formatted_time": "2026-06-30 08:47:38", "event": "watch_tick", "message": "generated_at=2026-06-30 08:47:37 completed_passes=3877/5088 activity=moving"}
{"timestamp": 1782780488.159, "formatted_time": "2026-06-30 08:48:08", "event": "watch_tick", "message": "generated_at=2026-06-30 08:48:08 completed_passes=3880/5088 activity=moving"}
{"timestamp": 1782780518.259, "formatted_time": "2026-06-30 08:48:38", "event": "watch_tick", "message": "generated_at=2026-06-30 08:48:38 completed_passes=3883/5088 activity=moving"}
{"timestamp": 1782780548.373, "formatted_time": "2026-06-30 08:49:08", "event": "watch_tick", "message": "generated_at=2026-06-30 08:49:08 completed_passes=3887/5088 activity=moving"}
{"timestamp": 1782780578.469, "formatted_time": "2026-06-30 08:49:38", "event": "watch_tick", "message": "generated_at=2026-06-30 08:49:38 completed_passes=3891/5088 activity=moving"}
{"timestamp": 1782780608.578, "formatted_time": "2026-06-30 08:50:08", "event": "watch_tick", "message": "generated_at=2026-06-30 08:50:08 completed_passes=3894/5088 activity=moving"}
{"timestamp": 1782780638.671, "formatted_time": "2026-06-30 08:50:38", "event": "watch_tick", "message": "generated_at=2026-06-30 08:50:38 completed_passes=3896/5088 activity=moving"}
{"timestamp": 1782780668.772, "formatted_time": "2026-06-30 08:51:08", "event": "watch_tick", "message": "generated_at=2026-06-30 08:51:08 completed_passes=3898/5088 activity=moving"}
{"timestamp": 1782780698.879, "formatted_time": "2026-06-30 08:51:38", "event": "watch_tick", "message": "generated_at=2026-06-30 08:51:38 completed_passes=3901/5088 activity=moving"}
{"timestamp": 1782780728.975, "formatted_time": "2026-06-30 08:52:08", "event": "watch_tick", "message": "generated_at=2026-06-30 08:52:08 completed_passes=3903/5088 activity=moving"}
{"timestamp": 1782780759.058, "formatted_time": "2026-06-30 08:52:39", "event": "watch_tick", "message": "generated_at=2026-06-30 08:52:38 completed_passes=3909/5088 activity=moving"}
{"timestamp": 1782780874.669, "formatted_time": "2026-06-30 08:54:34", "event": "watch_tick", "message": "generated_at=2026-06-30 08:54:34 completed_passes=3910/5088 activity=moving"}
{"timestamp": 1782780904.761, "formatted_time": "2026-06-30 08:55:04", "event": "watch_tick", "message": "generated_at=2026-06-30 08:55:04 completed_passes=3911/5088 activity=moving"}
{"timestamp": 1782780934.859, "formatted_time": "2026-06-30 08:55:34", "event": "watch_tick", "message": "generated_at=2026-06-30 08:55:34 completed_passes=3913/5088 activity=moving"}
{"timestamp": 1782780964.972, "formatted_time": "2026-06-30 08:56:04", "event": "watch_tick", "message": "generated_at=2026-06-30 08:56:04 completed_passes=3916/5088 activity=moving"}
{"timestamp": 1782780995.07, "formatted_time": "2026-06-30 08:56:35", "event": "watch_tick", "message": "generated_at=2026-06-30 08:56:34 completed_passes=3919/5088 activity=moving"}
{"timestamp": 1782781025.179, "formatted_time": "2026-06-30 08:57:05", "event": "watch_tick", "message": "generated_at=2026-06-30 08:57:05 completed_passes=3922/5088 activity=moving"}
{"timestamp": 1782781055.278, "formatted_time": "2026-06-30 08:57:35", "event": "watch_tick", "message": "generated_at=2026-06-30 08:57:35 completed_passes=3926/5088 activity=moving"}
{"timestamp": 1782781085.375, "formatted_time": "2026-06-30 08:58:05", "event": "watch_tick", "message": "generated_at=2026-06-30 08:58:05 completed_passes=3930/5088 activity=moving"}
{"timestamp": 1782781115.466, "formatted_time": "2026-06-30 08:58:35", "event": "watch_tick", "message": "generated_at=2026-06-30 08:58:35 completed_passes=3934/5088 activity=moving"}
{"timestamp": 1782781145.559, "formatted_time": "2026-06-30 08:59:05", "event": "watch_tick", "message": "generated_at=2026-06-30 08:59:05 completed_passes=3937/5088 activity=moving"}
{"timestamp": 1782781367.621, "formatted_time": "2026-06-30 09:02:47", "event": "watch_tick", "message": "generated_at=2026-06-30 09:02:47 completed_passes=3940/5088 activity=moving"}
{"timestamp": 1782781397.745, "formatted_time": "2026-06-30 09:03:17", "event": "watch_tick", "message": "generated_at=2026-06-30 09:03:17 completed_passes=3942/5088 activity=moving"}
{"timestamp": 1782781427.868, "formatted_time": "2026-06-30 09:03:47", "event": "watch_tick", "message": "generated_at=2026-06-30 09:03:47 completed_passes=3945/5088 activity=moving"}
{"timestamp": 1782781457.993, "formatted_time": "2026-06-30 09:04:17", "event": "watch_tick", "message": "generated_at=2026-06-30 09:04:17 completed_passes=3947/5088 activity=moving"}
{"timestamp": 1782781488.123, "formatted_time": "2026-06-30 09:04:48", "event": "watch_tick", "message": "generated_at=2026-06-30 09:04:47 completed_passes=3951/5088 activity=moving"}
{"timestamp": 1782781518.25, "formatted_time": "2026-06-30 09:05:18", "event": "watch_tick", "message": "generated_at=2026-06-30 09:05:18 completed_passes=3954/5088 activity=moving"}
{"timestamp": 1782781548.361, "formatted_time": "2026-06-30 09:05:48", "event": "watch_tick", "message": "generated_at=2026-06-30 09:05:48 completed_passes=3958/5088 activity=moving"}
{"timestamp": 1782781578.456, "formatted_time": "2026-06-30 09:06:18", "event": "watch_tick", "message": "generated_at=2026-06-30 09:06:18 completed_passes=3960/5088 activity=moving"}
{"timestamp": 1782781608.57, "formatted_time": "2026-06-30 09:06:48", "event": "watch_tick", "message": "generated_at=2026-06-30 09:06:48 completed_passes=3962/5088 activity=moving"}
{"timestamp": 1782781638.668, "formatted_time": "2026-06-30 09:07:18", "event": "watch_tick", "message": "generated_at=2026-06-30 09:07:18 completed_passes=3965/5088 activity=moving"}
{"timestamp": 1782781668.766, "formatted_time": "2026-06-30 09:07:48", "event": "watch_tick", "message": "generated_at=2026-06-30 09:07:48 completed_passes=3967/5088 activity=moving"}
{"timestamp": 1782781698.861, "formatted_time": "2026-06-30 09:08:18", "event": "watch_tick", "message": "generated_at=2026-06-30 09:08:18 completed_passes=3969/5088 activity=moving"}
{"timestamp": 1782781728.958, "formatted_time": "2026-06-30 09:08:48", "event": "watch_tick", "message": "generated_at=2026-06-30 09:08:48 completed_passes=3972/5088 activity=moving"}
{"timestamp": 1782781759.056, "formatted_time": "2026-06-30 09:09:19", "event": "watch_tick", "message": "generated_at=2026-06-30 09:09:18 completed_passes=3974/5088 activity=moving"}
{"timestamp": 1782781789.153, "formatted_time": "2026-06-30 09:09:49", "event": "watch_tick", "message": "generated_at=2026-06-30 09:09:49 completed_passes=3977/5088 activity=moving"}
{"timestamp": 1782782490.18, "formatted_time": "2026-06-30 09:21:30", "event": "watch_tick", "message": "generated_at=2026-06-30 09:21:30 completed_passes=3978/5088 activity=slow"}
{"timestamp": 1782782520.277, "formatted_time": "2026-06-30 09:22:00", "event": "watch_tick", "message": "generated_at=2026-06-30 09:22:00 completed_passes=3978/5088 activity=slow"}
{"timestamp": 1782782550.391, "formatted_time": "2026-06-30 09:22:30", "event": "watch_tick", "message": "generated_at=2026-06-30 09:22:30 completed_passes=3979/5088 activity=moving"}
{"timestamp": 1782782580.494, "formatted_time": "2026-06-30 09:23:00", "event": "watch_tick", "message": "generated_at=2026-06-30 09:23:00 completed_passes=3981/5088 activity=moving"}
{"timestamp": 1782782610.596, "formatted_time": "2026-06-30 09:23:30", "event": "watch_tick", "message": "generated_at=2026-06-30 09:23:30 completed_passes=3983/5088 activity=moving"}
{"timestamp": 1782782640.697, "formatted_time": "2026-06-30 09:24:00", "event": "watch_tick", "message": "generated_at=2026-06-30 09:24:00 completed_passes=3987/5088 activity=moving"}
{"timestamp": 1782782670.805, "formatted_time": "2026-06-30 09:24:30", "event": "watch_tick", "message": "generated_at=2026-06-30 09:24:30 completed_passes=3989/5088 activity=moving"}
{"timestamp": 1782782807.451, "formatted_time": "2026-06-30 09:26:47", "event": "watch_tick", "message": "generated_at=2026-06-30 09:26:47 completed_passes=3992/5088 activity=moving"}
{"timestamp": 1782782837.554, "formatted_time": "2026-06-30 09:27:17", "event": "watch_tick", "message": "generated_at=2026-06-30 09:27:17 completed_passes=3994/5088 activity=moving"}
{"timestamp": 1782782867.662, "formatted_time": "2026-06-30 09:27:47", "event": "watch_tick", "message": "generated_at=2026-06-30 09:27:47 completed_passes=3996/5088 activity=moving"}
{"timestamp": 1782782897.761, "formatted_time": "2026-06-30 09:28:17", "event": "watch_tick", "message": "generated_at=2026-06-30 09:28:17 completed_passes=3998/5088 activity=moving"}
{"timestamp": 1782782927.86, "formatted_time": "2026-06-30 09:28:47", "event": "watch_tick", "message": "generated_at=2026-06-30 09:28:47 completed_passes=4000/5088 activity=moving"}
{"timestamp": 1782782957.966, "formatted_time": "2026-06-30 09:29:17", "event": "watch_tick", "message": "generated_at=2026-06-30 09:29:17 completed_passes=4002/5088 activity=moving"}
{"timestamp": 1782783253.316, "formatted_time": "2026-06-30 09:34:13", "event": "watch_tick", "message": "generated_at=2026-06-30 09:34:13 completed_passes=4005/5088 activity=moving"}
{"timestamp": 1782783283.409, "formatted_time": "2026-06-30 09:34:43", "event": "watch_tick", "message": "generated_at=2026-06-30 09:34:43 completed_passes=4005/5088 activity=slow"}
{"timestamp": 1782783313.506, "formatted_time": "2026-06-30 09:35:13", "event": "watch_tick", "message": "generated_at=2026-06-30 09:35:13 completed_passes=4005/5088 activity=slow"}
{"timestamp": 1782783343.604, "formatted_time": "2026-06-30 09:35:43", "event": "watch_tick", "message": "generated_at=2026-06-30 09:35:43 completed_passes=4005/5088 activity=slow"}
{"timestamp": 1782783373.701, "formatted_time": "2026-06-30 09:36:13", "event": "watch_tick", "message": "generated_at=2026-06-30 09:36:13 completed_passes=4005/5088 activity=slow"}
{"timestamp": 1782783403.814, "formatted_time": "2026-06-30 09:36:43", "event": "watch_tick", "message": "generated_at=2026-06-30 09:36:43 completed_passes=4007/5088 activity=moving"}
{"timestamp": 1782783433.914, "formatted_time": "2026-06-30 09:37:13", "event": "watch_tick", "message": "generated_at=2026-06-30 09:37:13 completed_passes=4010/5088 activity=moving"}
{"timestamp": 1782783464.025, "formatted_time": "2026-06-30 09:37:44", "event": "watch_tick", "message": "generated_at=2026-06-30 09:37:43 completed_passes=4012/5088 activity=moving"}
{"timestamp": 1782783494.123, "formatted_time": "2026-06-30 09:38:14", "event": "watch_tick", "message": "generated_at=2026-06-30 09:38:14 completed_passes=4015/5088 activity=moving"}
{"timestamp": 1782783524.221, "formatted_time": "2026-06-30 09:38:44", "event": "watch_tick", "message": "generated_at=2026-06-30 09:38:44 completed_passes=4019/5088 activity=moving"}
{"timestamp": 1782783554.317, "formatted_time": "2026-06-30 09:39:14", "event": "watch_tick", "message": "generated_at=2026-06-30 09:39:14 completed_passes=4022/5088 activity=moving"}
{"timestamp": 1782783584.425, "formatted_time": "2026-06-30 09:39:44", "event": "watch_tick", "message": "generated_at=2026-06-30 09:39:44 completed_passes=4027/5088 activity=moving"}
{"timestamp": 1782783614.501, "formatted_time": "2026-06-30 09:40:14", "event": "watch_tick", "message": "generated_at=2026-06-30 09:40:14 completed_passes=4027/5088 activity=moving"}
{"timestamp": 1782783744.729, "formatted_time": "2026-06-30 09:42:24", "event": "watch_tick", "message": "generated_at=2026-06-30 09:42:24 completed_passes=4028/5088 activity=moving"}
{"timestamp": 1782783774.819, "formatted_time": "2026-06-30 09:42:54", "event": "watch_tick", "message": "generated_at=2026-06-30 09:42:54 completed_passes=4030/5088 activity=moving"}
{"timestamp": 1782783804.929, "formatted_time": "2026-06-30 09:43:24", "event": "watch_tick", "message": "generated_at=2026-06-30 09:43:24 completed_passes=4033/5088 activity=moving"}
{"timestamp": 1782783835.028, "formatted_time": "2026-06-30 09:43:55", "event": "watch_tick", "message": "generated_at=2026-06-30 09:43:54 completed_passes=4036/5088 activity=moving"}
{"timestamp": 1782783865.123, "formatted_time": "2026-06-30 09:44:25", "event": "watch_tick", "message": "generated_at=2026-06-30 09:44:25 completed_passes=4039/5088 activity=moving"}
{"timestamp": 1782783895.223, "formatted_time": "2026-06-30 09:44:55", "event": "watch_tick", "message": "generated_at=2026-06-30 09:44:55 completed_passes=4042/5088 activity=moving"}
{"timestamp": 1782783925.333, "formatted_time": "2026-06-30 09:45:25", "event": "watch_tick", "message": "generated_at=2026-06-30 09:45:25 completed_passes=4046/5088 activity=moving"}
{"timestamp": 1782783955.43, "formatted_time": "2026-06-30 09:45:55", "event": "watch_tick", "message": "generated_at=2026-06-30 09:45:55 completed_passes=4049/5088 activity=moving"}
{"timestamp": 1782783985.524, "formatted_time": "2026-06-30 09:46:25", "event": "watch_tick", "message": "generated_at=2026-06-30 09:46:25 completed_passes=4052/5088 activity=moving"}
{"timestamp": 1782784015.624, "formatted_time": "2026-06-30 09:46:55", "event": "watch_tick", "message": "generated_at=2026-06-30 09:46:55 completed_passes=4054/5088 activity=moving"}
{"timestamp": 1782784045.731, "formatted_time": "2026-06-30 09:47:25", "event": "watch_tick", "message": "generated_at=2026-06-30 09:47:25 completed_passes=4057/5088 activity=moving"}
{"timestamp": 1782784075.832, "formatted_time": "2026-06-30 09:47:55", "event": "watch_tick", "message": "generated_at=2026-06-30 09:47:55 completed_passes=4059/5088 activity=moving"}
{"timestamp": 1782784105.929, "formatted_time": "2026-06-30 09:48:25", "event": "watch_tick", "message": "generated_at=2026-06-30 09:48:25 completed_passes=4062/5088 activity=moving"}
{"timestamp": 1782784136.041, "formatted_time": "2026-06-30 09:48:56", "event": "watch_tick", "message": "generated_at=2026-06-30 09:48:55 completed_passes=4064/5088 activity=moving"}
{"timestamp": 1782784166.136, "formatted_time": "2026-06-30 09:49:26", "event": "watch_tick", "message": "generated_at=2026-06-30 09:49:26 completed_passes=4066/5088 activity=moving"}
{"timestamp": 1782784196.24, "formatted_time": "2026-06-30 09:49:56", "event": "watch_tick", "message": "generated_at=2026-06-30 09:49:56 completed_passes=4068/5088 activity=moving"}
{"timestamp": 1782784226.349, "formatted_time": "2026-06-30 09:50:26", "event": "watch_tick", "message": "generated_at=2026-06-30 09:50:26 completed_passes=4071/5088 activity=moving"}
{"timestamp": 1782784256.447, "formatted_time": "2026-06-30 09:50:56", "event": "watch_tick", "message": "generated_at=2026-06-30 09:50:56 completed_passes=4074/5088 activity=moving"}
{"timestamp": 1782784286.548, "formatted_time": "2026-06-30 09:51:26", "event": "watch_tick", "message": "generated_at=2026-06-30 09:51:26 completed_passes=4077/5088 activity=moving"}
{"timestamp": 1782784316.66, "formatted_time": "2026-06-30 09:51:56", "event": "watch_tick", "message": "generated_at=2026-06-30 09:51:56 completed_passes=4079/5088 activity=moving"}
{"timestamp": 1782784346.757, "formatted_time": "2026-06-30 09:52:26", "event": "watch_tick", "message": "generated_at=2026-06-30 09:52:26 completed_passes=4082/5088 activity=moving"}
{"timestamp": 1782784376.849, "formatted_time": "2026-06-30 09:52:56", "event": "watch_tick", "message": "generated_at=2026-06-30 09:52:56 completed_passes=4085/5088 activity=moving"}
{"timestamp": 1782784406.96, "formatted_time": "2026-06-30 09:53:26", "event": "watch_tick", "message": "generated_at=2026-06-30 09:53:26 completed_passes=4089/5088 activity=moving"}
{"timestamp": 1782784437.058, "formatted_time": "2026-06-30 09:53:57", "event": "watch_tick", "message": "generated_at=2026-06-30 09:53:56 completed_passes=4092/5088 activity=moving"}
{"timestamp": 1782784467.16, "formatted_time": "2026-06-30 09:54:27", "event": "watch_tick", "message": "generated_at=2026-06-30 09:54:27 completed_passes=4094/5088 activity=moving"}
{"timestamp": 1782784497.266, "formatted_time": "2026-06-30 09:54:57", "event": "watch_tick", "message": "generated_at=2026-06-30 09:54:57 completed_passes=4097/5088 activity=moving"}
{"timestamp": 1782784527.373, "formatted_time": "2026-06-30 09:55:27", "event": "watch_tick", "message": "generated_at=2026-06-30 09:55:27 completed_passes=4099/5088 activity=moving"}
{"timestamp": 1782784557.466, "formatted_time": "2026-06-30 09:55:57", "event": "watch_tick", "message": "generated_at=2026-06-30 09:55:57 completed_passes=4102/5088 activity=moving"}
{"timestamp": 1782784587.578, "formatted_time": "2026-06-30 09:56:27", "event": "watch_tick", "message": "generated_at=2026-06-30 09:56:27 completed_passes=4104/5088 activity=moving"}
{"timestamp": 1782784617.69, "formatted_time": "2026-06-30 09:56:57", "event": "watch_tick", "message": "generated_at=2026-06-30 09:56:57 completed_passes=4106/5088 activity=moving"}
{"timestamp": 1782784647.787, "formatted_time": "2026-06-30 09:57:27", "event": "watch_tick", "message": "generated_at=2026-06-30 09:57:27 completed_passes=4108/5088 activity=moving"}
{"timestamp": 1782784677.889, "formatted_time": "2026-06-30 09:57:57", "event": "watch_tick", "message": "generated_at=2026-06-30 09:57:57 completed_passes=4111/5088 activity=moving"}
{"timestamp": 1782784707.997, "formatted_time": "2026-06-30 09:58:27", "event": "watch_tick", "message": "generated_at=2026-06-30 09:58:27 completed_passes=4113/5088 activity=moving"}
{"timestamp": 1782784738.104, "formatted_time": "2026-06-30 09:58:58", "event": "watch_tick", "message": "generated_at=2026-06-30 09:58:58 completed_passes=4115/5088 activity=moving"}
{"timestamp": 1782784768.217, "formatted_time": "2026-06-30 09:59:28", "event": "watch_tick", "message": "generated_at=2026-06-30 09:59:28 completed_passes=4119/5088 activity=moving"}
{"timestamp": 1782784798.311, "formatted_time": "2026-06-30 09:59:58", "event": "watch_tick", "message": "generated_at=2026-06-30 09:59:58 completed_passes=4123/5088 activity=moving"}
{"timestamp": 1782784828.431, "formatted_time": "2026-06-30 10:00:28", "event": "watch_tick", "message": "generated_at=2026-06-30 10:00:28 completed_passes=4126/5088 activity=moving"}
{"timestamp": 1782784858.528, "formatted_time": "2026-06-30 10:00:58", "event": "watch_tick", "message": "generated_at=2026-06-30 10:00:58 completed_passes=4129/5088 activity=moving"}
{"timestamp": 1782784888.641, "formatted_time": "2026-06-30 10:01:28", "event": "watch_tick", "message": "generated_at=2026-06-30 10:01:28 completed_passes=4131/5088 activity=moving"}
{"timestamp": 1782784918.746, "formatted_time": "2026-06-30 10:01:58", "event": "watch_tick", "message": "generated_at=2026-06-30 10:01:58 completed_passes=4133/5088 activity=moving"}
{"timestamp": 1782784948.868, "formatted_time": "2026-06-30 10:02:28", "event": "watch_tick", "message": "generated_at=2026-06-30 10:02:28 completed_passes=4135/5088 activity=moving"}
{"timestamp": 1782784978.967, "formatted_time": "2026-06-30 10:02:58", "event": "watch_tick", "message": "generated_at=2026-06-30 10:02:58 completed_passes=4136/5088 activity=moving"}
{"timestamp": 1782785009.06, "formatted_time": "2026-06-30 10:03:29", "event": "watch_tick", "message": "generated_at=2026-06-30 10:03:28 completed_passes=4138/5088 activity=moving"}
{"timestamp": 1782785039.153, "formatted_time": "2026-06-30 10:03:59", "event": "watch_tick", "message": "generated_at=2026-06-30 10:03:59 completed_passes=4140/5088 activity=moving"}
{"timestamp": 1782785069.259, "formatted_time": "2026-06-30 10:04:29", "event": "watch_tick", "message": "generated_at=2026-06-30 10:04:29 completed_passes=4143/5088 activity=moving"}
{"timestamp": 1782785099.352, "formatted_time": "2026-06-30 10:04:59", "event": "watch_tick", "message": "generated_at=2026-06-30 10:04:59 completed_passes=4145/5088 activity=moving"}
{"timestamp": 1782785129.442, "formatted_time": "2026-06-30 10:05:29", "event": "watch_tick", "message": "generated_at=2026-06-30 10:05:29 completed_passes=4148/5088 activity=moving"}
{"timestamp": 1782785159.528, "formatted_time": "2026-06-30 10:05:59", "event": "watch_tick", "message": "generated_at=2026-06-30 10:05:59 completed_passes=4152/5088 activity=moving"}
{"timestamp": 1782785189.621, "formatted_time": "2026-06-30 10:06:29", "event": "watch_tick", "message": "generated_at=2026-06-30 10:06:29 completed_passes=4155/5088 activity=moving"}
{"timestamp": 1782785219.715, "formatted_time": "2026-06-30 10:06:59", "event": "watch_tick", "message": "generated_at=2026-06-30 10:06:59 completed_passes=4158/5088 activity=moving"}
{"timestamp": 1782785249.83, "formatted_time": "2026-06-30 10:07:29", "event": "watch_tick", "message": "generated_at=2026-06-30 10:07:29 completed_passes=4160/5088 activity=moving"}
{"timestamp": 1782785279.927, "formatted_time": "2026-06-30 10:07:59", "event": "watch_tick", "message": "generated_at=2026-06-30 10:07:59 completed_passes=4162/5088 activity=moving"}
{"timestamp": 1782785310.024, "formatted_time": "2026-06-30 10:08:30", "event": "watch_tick", "message": "generated_at=2026-06-30 10:08:29 completed_passes=4166/5088 activity=moving"}
{"timestamp": 1782785340.123, "formatted_time": "2026-06-30 10:09:00", "event": "watch_tick", "message": "generated_at=2026-06-30 10:09:00 completed_passes=4169/5088 activity=moving"}
{"timestamp": 1782785370.222, "formatted_time": "2026-06-30 10:09:30", "event": "watch_tick", "message": "generated_at=2026-06-30 10:09:30 completed_passes=4172/5088 activity=moving"}
{"timestamp": 1782785400.318, "formatted_time": "2026-06-30 10:10:00", "event": "watch_tick", "message": "generated_at=2026-06-30 10:10:00 completed_passes=4174/5088 activity=moving"}
{"timestamp": 1782785430.415, "formatted_time": "2026-06-30 10:10:30", "event": "watch_tick", "message": "generated_at=2026-06-30 10:10:30 completed_passes=4177/5088 activity=moving"}
{"timestamp": 1782785460.524, "formatted_time": "2026-06-30 10:11:00", "event": "watch_tick", "message": "generated_at=2026-06-30 10:11:00 completed_passes=4179/5088 activity=moving"}
{"timestamp": 1782785843.964, "formatted_time": "2026-06-30 10:17:23", "event": "watch_tick", "message": "generated_at=2026-06-30 10:17:23 completed_passes=4181/5088 activity=moving"}
{"timestamp": 1782785874.078, "formatted_time": "2026-06-30 10:17:54", "event": "watch_tick", "message": "generated_at=2026-06-30 10:17:53 completed_passes=4184/5088 activity=moving"}
{"timestamp": 1782785904.176, "formatted_time": "2026-06-30 10:18:24", "event": "watch_tick", "message": "generated_at=2026-06-30 10:18:24 completed_passes=4185/5088 activity=moving"}
{"timestamp": 1782785934.274, "formatted_time": "2026-06-30 10:18:54", "event": "watch_tick", "message": "generated_at=2026-06-30 10:18:54 completed_passes=4187/5088 activity=moving"}
{"timestamp": 1782785964.369, "formatted_time": "2026-06-30 10:19:24", "event": "watch_tick", "message": "generated_at=2026-06-30 10:19:24 completed_passes=4189/5088 activity=moving"}
{"timestamp": 1782785994.464, "formatted_time": "2026-06-30 10:19:54", "event": "watch_tick", "message": "generated_at=2026-06-30 10:19:54 completed_passes=4192/5088 activity=moving"}
{"timestamp": 1782786024.579, "formatted_time": "2026-06-30 10:20:24", "event": "watch_tick", "message": "generated_at=2026-06-30 10:20:24 completed_passes=4194/5088 activity=moving"}
{"timestamp": 1782786054.68, "formatted_time": "2026-06-30 10:20:54", "event": "watch_tick", "message": "generated_at=2026-06-30 10:20:54 completed_passes=4197/5088 activity=moving"}
{"timestamp": 1782786084.777, "formatted_time": "2026-06-30 10:21:24", "event": "watch_tick", "message": "generated_at=2026-06-30 10:21:24 completed_passes=4200/5088 activity=moving"}
{"timestamp": 1782786114.893, "formatted_time": "2026-06-30 10:21:54", "event": "watch_tick", "message": "generated_at=2026-06-30 10:21:54 completed_passes=4202/5088 activity=moving"}
{"timestamp": 1782786144.991, "formatted_time": "2026-06-30 10:22:24", "event": "watch_tick", "message": "generated_at=2026-06-30 10:22:24 completed_passes=4204/5088 activity=moving"}
{"timestamp": 1782786175.102, "formatted_time": "2026-06-30 10:22:55", "event": "watch_tick", "message": "generated_at=2026-06-30 10:22:54 completed_passes=4205/5088 activity=moving"}
{"timestamp": 1782786205.201, "formatted_time": "2026-06-30 10:23:25", "event": "watch_tick", "message": "generated_at=2026-06-30 10:23:25 completed_passes=4207/5088 activity=moving"}
{"timestamp": 1782786235.298, "formatted_time": "2026-06-30 10:23:55", "event": "watch_tick", "message": "generated_at=2026-06-30 10:23:55 completed_passes=4209/5088 activity=moving"}
{"timestamp": 1782786265.395, "formatted_time": "2026-06-30 10:24:25", "event": "watch_tick", "message": "generated_at=2026-06-30 10:24:25 completed_passes=4211/5088 activity=moving"}
{"timestamp": 1782786295.494, "formatted_time": "2026-06-30 10:24:55", "event": "watch_tick", "message": "generated_at=2026-06-30 10:24:55 completed_passes=4215/5088 activity=moving"}
{"timestamp": 1782786325.611, "formatted_time": "2026-06-30 10:25:25", "event": "watch_tick", "message": "generated_at=2026-06-30 10:25:25 completed_passes=4219/5088 activity=moving"}
{"timestamp": 1782786355.708, "formatted_time": "2026-06-30 10:25:55", "event": "watch_tick", "message": "generated_at=2026-06-30 10:25:55 completed_passes=4223/5088 activity=moving"}
{"timestamp": 1782786385.812, "formatted_time": "2026-06-30 10:26:25", "event": "watch_tick", "message": "generated_at=2026-06-30 10:26:25 completed_passes=4226/5088 activity=moving"}
{"timestamp": 1782786415.91, "formatted_time": "2026-06-30 10:26:55", "event": "watch_tick", "message": "generated_at=2026-06-30 10:26:55 completed_passes=4227/5088 activity=moving"}
{"timestamp": 1782786446.008, "formatted_time": "2026-06-30 10:27:26", "event": "watch_tick", "message": "generated_at=2026-06-30 10:27:25 completed_passes=4230/5088 activity=moving"}
{"timestamp": 1782786476.105, "formatted_time": "2026-06-30 10:27:56", "event": "watch_tick", "message": "generated_at=2026-06-30 10:27:56 completed_passes=4232/5088 activity=moving"}
{"timestamp": 1782786506.206, "formatted_time": "2026-06-30 10:28:26", "event": "watch_tick", "message": "generated_at=2026-06-30 10:28:26 completed_passes=4234/5088 activity=moving"}
{"timestamp": 1782786536.303, "formatted_time": "2026-06-30 10:28:56", "event": "watch_tick", "message": "generated_at=2026-06-30 10:28:56 completed_passes=4236/5088 activity=moving"}
{"timestamp": 1782786566.399, "formatted_time": "2026-06-30 10:29:26", "event": "watch_tick", "message": "generated_at=2026-06-30 10:29:26 completed_passes=4239/5088 activity=moving"}
{"timestamp": 1782786596.499, "formatted_time": "2026-06-30 10:29:56", "event": "watch_tick", "message": "generated_at=2026-06-30 10:29:56 completed_passes=4241/5088 activity=moving"}
{"timestamp": 1782786626.607, "formatted_time": "2026-06-30 10:30:26", "event": "watch_tick", "message": "generated_at=2026-06-30 10:30:26 completed_passes=4244/5088 activity=moving"}
{"timestamp": 1782786656.707, "formatted_time": "2026-06-30 10:30:56", "event": "watch_tick", "message": "generated_at=2026-06-30 10:30:56 completed_passes=4246/5088 activity=moving"}
{"timestamp": 1782786686.816, "formatted_time": "2026-06-30 10:31:26", "event": "watch_tick", "message": "generated_at=2026-06-30 10:31:26 completed_passes=4248/5088 activity=moving"}
{"timestamp": 1782786716.919, "formatted_time": "2026-06-30 10:31:56", "event": "watch_tick", "message": "generated_at=2026-06-30 10:31:56 completed_passes=4250/5088 activity=moving"}
{"timestamp": 1782786747.036, "formatted_time": "2026-06-30 10:32:27", "event": "watch_tick", "message": "generated_at=2026-06-30 10:32:26 completed_passes=4252/5088 activity=moving"}
{"timestamp": 1782786777.136, "formatted_time": "2026-06-30 10:32:57", "event": "watch_tick", "message": "generated_at=2026-06-30 10:32:57 completed_passes=4254/5088 activity=moving"}
{"timestamp": 1782786807.23, "formatted_time": "2026-06-30 10:33:27", "event": "watch_tick", "message": "generated_at=2026-06-30 10:33:27 completed_passes=4257/5088 activity=moving"}
{"timestamp": 1782786837.336, "formatted_time": "2026-06-30 10:33:57", "event": "watch_tick", "message": "generated_at=2026-06-30 10:33:57 completed_passes=4259/5088 activity=moving"}
{"timestamp": 1782786867.437, "formatted_time": "2026-06-30 10:34:27", "event": "watch_tick", "message": "generated_at=2026-06-30 10:34:27 completed_passes=4261/5088 activity=moving"}
{"timestamp": 1782786897.556, "formatted_time": "2026-06-30 10:34:57", "event": "watch_tick", "message": "generated_at=2026-06-30 10:34:57 completed_passes=4263/5088 activity=moving"}
{"timestamp": 1782786927.659, "formatted_time": "2026-06-30 10:35:27", "event": "watch_tick", "message": "generated_at=2026-06-30 10:35:27 completed_passes=4266/5088 activity=moving"}
{"timestamp": 1782786957.775, "formatted_time": "2026-06-30 10:35:57", "event": "watch_tick", "message": "generated_at=2026-06-30 10:35:57 completed_passes=4268/5088 activity=moving"}
{"timestamp": 1782786987.892, "formatted_time": "2026-06-30 10:36:27", "event": "watch_tick", "message": "generated_at=2026-06-30 10:36:27 completed_passes=4270/5088 activity=moving"}
{"timestamp": 1782787017.992, "formatted_time": "2026-06-30 10:36:57", "event": "watch_tick", "message": "generated_at=2026-06-30 10:36:57 completed_passes=4272/5088 activity=moving"}
{"timestamp": 1782787048.09, "formatted_time": "2026-06-30 10:37:28", "event": "watch_tick", "message": "generated_at=2026-06-30 10:37:27 completed_passes=4274/5088 activity=moving"}
{"timestamp": 1782787078.198, "formatted_time": "2026-06-30 10:37:58", "event": "watch_tick", "message": "generated_at=2026-06-30 10:37:58 completed_passes=4277/5088 activity=moving"}
{"timestamp": 1782787108.296, "formatted_time": "2026-06-30 10:38:28", "event": "watch_tick", "message": "generated_at=2026-06-30 10:38:28 completed_passes=4280/5088 activity=moving"}
{"timestamp": 1782787138.392, "formatted_time": "2026-06-30 10:38:58", "event": "watch_tick", "message": "generated_at=2026-06-30 10:38:58 completed_passes=4280/5088 activity=moving"}
{"timestamp": 1782787168.509, "formatted_time": "2026-06-30 10:39:28", "event": "watch_tick", "message": "generated_at=2026-06-30 10:39:28 completed_passes=4283/5088 activity=moving"}
{"timestamp": 1782787198.605, "formatted_time": "2026-06-30 10:39:58", "event": "watch_tick", "message": "generated_at=2026-06-30 10:39:58 completed_passes=4285/5088 activity=moving"}
{"timestamp": 1782787228.72, "formatted_time": "2026-06-30 10:40:28", "event": "watch_tick", "message": "generated_at=2026-06-30 10:40:28 completed_passes=4287/5088 activity=moving"}
{"timestamp": 1782787258.824, "formatted_time": "2026-06-30 10:40:58", "event": "watch_tick", "message": "generated_at=2026-06-30 10:40:58 completed_passes=4289/5088 activity=moving"}
{"timestamp": 1782787288.936, "formatted_time": "2026-06-30 10:41:28", "event": "watch_tick", "message": "generated_at=2026-06-30 10:41:28 completed_passes=4291/5088 activity=moving"}
{"timestamp": 1782787319.039, "formatted_time": "2026-06-30 10:41:59", "event": "watch_tick", "message": "generated_at=2026-06-30 10:41:58 completed_passes=4293/5088 activity=moving"}
{"timestamp": 1782787349.161, "formatted_time": "2026-06-30 10:42:29", "event": "watch_tick", "message": "generated_at=2026-06-30 10:42:29 completed_passes=4295/5088 activity=moving"}
{"timestamp": 1782787379.268, "formatted_time": "2026-06-30 10:42:59", "event": "watch_tick", "message": "generated_at=2026-06-30 10:42:59 completed_passes=4297/5088 activity=moving"}
{"timestamp": 1782787409.38, "formatted_time": "2026-06-30 10:43:29", "event": "watch_tick", "message": "generated_at=2026-06-30 10:43:29 completed_passes=4300/5088 activity=moving"}
{"timestamp": 1782787439.478, "formatted_time": "2026-06-30 10:43:59", "event": "watch_tick", "message": "generated_at=2026-06-30 10:43:59 completed_passes=4302/5088 activity=moving"}
{"timestamp": 1782787469.577, "formatted_time": "2026-06-30 10:44:29", "event": "watch_tick", "message": "generated_at=2026-06-30 10:44:29 completed_passes=4304/5088 activity=moving"}
{"timestamp": 1782787499.691, "formatted_time": "2026-06-30 10:44:59", "event": "watch_tick", "message": "generated_at=2026-06-30 10:44:59 completed_passes=4307/5088 activity=moving"}
{"timestamp": 1782787529.794, "formatted_time": "2026-06-30 10:45:29", "event": "watch_tick", "message": "generated_at=2026-06-30 10:45:29 completed_passes=4309/5088 activity=moving"}
{"timestamp": 1782787559.891, "formatted_time": "2026-06-30 10:45:59", "event": "watch_tick", "message": "generated_at=2026-06-30 10:45:59 completed_passes=4311/5088 activity=moving"}
{"timestamp": 1782787590.01, "formatted_time": "2026-06-30 10:46:30", "event": "watch_tick", "message": "generated_at=2026-06-30 10:46:29 completed_passes=4313/5088 activity=moving"}
{"timestamp": 1782787620.107, "formatted_time": "2026-06-30 10:47:00", "event": "watch_tick", "message": "generated_at=2026-06-30 10:47:00 completed_passes=4316/5088 activity=moving"}
{"timestamp": 1782787650.223, "formatted_time": "2026-06-30 10:47:30", "event": "watch_tick", "message": "generated_at=2026-06-30 10:47:30 completed_passes=4318/5088 activity=moving"}
{"timestamp": 1782787680.322, "formatted_time": "2026-06-30 10:48:00", "event": "watch_tick", "message": "generated_at=2026-06-30 10:48:00 completed_passes=4320/5088 activity=moving"}
{"timestamp": 1782787710.434, "formatted_time": "2026-06-30 10:48:30", "event": "watch_tick", "message": "generated_at=2026-06-30 10:48:30 completed_passes=4323/5088 activity=moving"}
{"timestamp": 1782787740.534, "formatted_time": "2026-06-30 10:49:00", "event": "watch_tick", "message": "generated_at=2026-06-30 10:49:00 completed_passes=4325/5088 activity=moving"}
{"timestamp": 1782787770.649, "formatted_time": "2026-06-30 10:49:30", "event": "watch_tick", "message": "generated_at=2026-06-30 10:49:30 completed_passes=4327/5088 activity=moving"}
{"timestamp": 1782787800.737, "formatted_time": "2026-06-30 10:50:00", "event": "watch_tick", "message": "generated_at=2026-06-30 10:50:00 completed_passes=4330/5088 activity=moving"}
{"timestamp": 1782787830.851, "formatted_time": "2026-06-30 10:50:30", "event": "watch_tick", "message": "generated_at=2026-06-30 10:50:30 completed_passes=4331/5088 activity=moving"}
{"timestamp": 1782787860.952, "formatted_time": "2026-06-30 10:51:00", "event": "watch_tick", "message": "generated_at=2026-06-30 10:51:00 completed_passes=4333/5088 activity=moving"}
{"timestamp": 1782787891.068, "formatted_time": "2026-06-30 10:51:31", "event": "watch_tick", "message": "generated_at=2026-06-30 10:51:30 completed_passes=4335/5088 activity=moving"}
{"timestamp": 1782787921.173, "formatted_time": "2026-06-30 10:52:01", "event": "watch_tick", "message": "generated_at=2026-06-30 10:52:01 completed_passes=4337/5088 activity=moving"}
{"timestamp": 1782787951.285, "formatted_time": "2026-06-30 10:52:31", "event": "watch_tick", "message": "generated_at=2026-06-30 10:52:31 completed_passes=4340/5088 activity=moving"}
{"timestamp": 1782787981.386, "formatted_time": "2026-06-30 10:53:01", "event": "watch_tick", "message": "generated_at=2026-06-30 10:53:01 completed_passes=4342/5088 activity=moving"}
{"timestamp": 1782788011.496, "formatted_time": "2026-06-30 10:53:31", "event": "watch_tick", "message": "generated_at=2026-06-30 10:53:31 completed_passes=4345/5088 activity=moving"}
{"timestamp": 1782788041.612, "formatted_time": "2026-06-30 10:54:01", "event": "watch_tick", "message": "generated_at=2026-06-30 10:54:01 completed_passes=4346/5088 activity=moving"}
{"timestamp": 1782788071.724, "formatted_time": "2026-06-30 10:54:31", "event": "watch_tick", "message": "generated_at=2026-06-30 10:54:31 completed_passes=4348/5088 activity=moving"}
{"timestamp": 1782788101.832, "formatted_time": "2026-06-30 10:55:01", "event": "watch_tick", "message": "generated_at=2026-06-30 10:55:01 completed_passes=4349/5088 activity=moving"}
{"timestamp": 1782788131.944, "formatted_time": "2026-06-30 10:55:31", "event": "watch_tick", "message": "generated_at=2026-06-30 10:55:31 completed_passes=4351/5088 activity=moving"}
{"timestamp": 1782788162.049, "formatted_time": "2026-06-30 10:56:02", "event": "watch_tick", "message": "generated_at=2026-06-30 10:56:01 completed_passes=4354/5088 activity=moving"}
{"timestamp": 1782788192.156, "formatted_time": "2026-06-30 10:56:32", "event": "watch_tick", "message": "generated_at=2026-06-30 10:56:32 completed_passes=4358/5088 activity=moving"}
{"timestamp": 1782788222.262, "formatted_time": "2026-06-30 10:57:02", "event": "watch_tick", "message": "generated_at=2026-06-30 10:57:02 completed_passes=4360/5088 activity=moving"}
{"timestamp": 1782788252.376, "formatted_time": "2026-06-30 10:57:32", "event": "watch_tick", "message": "generated_at=2026-06-30 10:57:32 completed_passes=4363/5088 activity=moving"}
{"timestamp": 1782788282.476, "formatted_time": "2026-06-30 10:58:02", "event": "watch_tick", "message": "generated_at=2026-06-30 10:58:02 completed_passes=4365/5088 activity=moving"}
{"timestamp": 1782788312.59, "formatted_time": "2026-06-30 10:58:32", "event": "watch_tick", "message": "generated_at=2026-06-30 10:58:32 completed_passes=4368/5088 activity=moving"}
{"timestamp": 1782788342.697, "formatted_time": "2026-06-30 10:59:02", "event": "watch_tick", "message": "generated_at=2026-06-30 10:59:02 completed_passes=4370/5088 activity=moving"}
{"timestamp": 1782788372.812, "formatted_time": "2026-06-30 10:59:32", "event": "watch_tick", "message": "generated_at=2026-06-30 10:59:32 completed_passes=4371/5088 activity=moving"}
{"timestamp": 1782788402.926, "formatted_time": "2026-06-30 11:00:02", "event": "watch_tick", "message": "generated_at=2026-06-30 11:00:02 completed_passes=4373/5088 activity=moving"}
{"timestamp": 1782788433.048, "formatted_time": "2026-06-30 11:00:33", "event": "watch_tick", "message": "generated_at=2026-06-30 11:00:32 completed_passes=4375/5088 activity=moving"}
{"timestamp": 1782788463.176, "formatted_time": "2026-06-30 11:01:03", "event": "watch_tick", "message": "generated_at=2026-06-30 11:01:03 completed_passes=4377/5088 activity=moving"}
{"timestamp": 1782788493.276, "formatted_time": "2026-06-30 11:01:33", "event": "watch_tick", "message": "generated_at=2026-06-30 11:01:33 completed_passes=4379/5088 activity=moving"}
{"timestamp": 1782788523.394, "formatted_time": "2026-06-30 11:02:03", "event": "watch_tick", "message": "generated_at=2026-06-30 11:02:03 completed_passes=4381/5088 activity=moving"}
{"timestamp": 1782788553.494, "formatted_time": "2026-06-30 11:02:33", "event": "watch_tick", "message": "generated_at=2026-06-30 11:02:33 completed_passes=4384/5088 activity=moving"}
{"timestamp": 1782788583.588, "formatted_time": "2026-06-30 11:03:03", "event": "watch_tick", "message": "generated_at=2026-06-30 11:03:03 completed_passes=4386/5088 activity=moving"}
{"timestamp": 1782788613.682, "formatted_time": "2026-06-30 11:03:33", "event": "watch_tick", "message": "generated_at=2026-06-30 11:03:33 completed_passes=4388/5088 activity=moving"}
{"timestamp": 1782788643.78, "formatted_time": "2026-06-30 11:04:03", "event": "watch_tick", "message": "generated_at=2026-06-30 11:04:03 completed_passes=4391/5088 activity=moving"}
{"timestamp": 1782788673.88, "formatted_time": "2026-06-30 11:04:33", "event": "watch_tick", "message": "generated_at=2026-06-30 11:04:33 completed_passes=4393/5088 activity=moving"}
{"timestamp": 1782788703.99, "formatted_time": "2026-06-30 11:05:03", "event": "watch_tick", "message": "generated_at=2026-06-30 11:05:03 completed_passes=4396/5088 activity=moving"}
{"timestamp": 1782788734.088, "formatted_time": "2026-06-30 11:05:34", "event": "watch_tick", "message": "generated_at=2026-06-30 11:05:33 completed_passes=4398/5088 activity=moving"}
{"timestamp": 1782788764.199, "formatted_time": "2026-06-30 11:06:04", "event": "watch_tick", "message": "generated_at=2026-06-30 11:06:04 completed_passes=4400/5088 activity=moving"}
{"timestamp": 1782788794.299, "formatted_time": "2026-06-30 11:06:34", "event": "watch_tick", "message": "generated_at=2026-06-30 11:06:34 completed_passes=4402/5088 activity=moving"}
{"timestamp": 1782788824.41, "formatted_time": "2026-06-30 11:07:04", "event": "watch_tick", "message": "generated_at=2026-06-30 11:07:04 completed_passes=4404/5088 activity=moving"}
{"timestamp": 1782788854.512, "formatted_time": "2026-06-30 11:07:34", "event": "watch_tick", "message": "generated_at=2026-06-30 11:07:34 completed_passes=4406/5088 activity=moving"}
{"timestamp": 1782788884.627, "formatted_time": "2026-06-30 11:08:04", "event": "watch_tick", "message": "generated_at=2026-06-30 11:08:04 completed_passes=4409/5088 activity=moving"}
{"timestamp": 1782788914.727, "formatted_time": "2026-06-30 11:08:34", "event": "watch_tick", "message": "generated_at=2026-06-30 11:08:34 completed_passes=4412/5088 activity=moving"}
{"timestamp": 1782788944.841, "formatted_time": "2026-06-30 11:09:04", "event": "watch_tick", "message": "generated_at=2026-06-30 11:09:04 completed_passes=4415/5088 activity=moving"}
{"timestamp": 1782788974.948, "formatted_time": "2026-06-30 11:09:34", "event": "watch_tick", "message": "generated_at=2026-06-30 11:09:34 completed_passes=4417/5088 activity=moving"}
{"timestamp": 1782789005.06, "formatted_time": "2026-06-30 11:10:05", "event": "watch_tick", "message": "generated_at=2026-06-30 11:10:04 completed_passes=4420/5088 activity=moving"}
{"timestamp": 1782789035.163, "formatted_time": "2026-06-30 11:10:35", "event": "watch_tick", "message": "generated_at=2026-06-30 11:10:35 completed_passes=4422/5088 activity=moving"}
{"timestamp": 1782789065.276, "formatted_time": "2026-06-30 11:11:05", "event": "watch_tick", "message": "generated_at=2026-06-30 11:11:05 completed_passes=4424/5088 activity=moving"}
{"timestamp": 1782789095.382, "formatted_time": "2026-06-30 11:11:35", "event": "watch_tick", "message": "generated_at=2026-06-30 11:11:35 completed_passes=4426/5088 activity=moving"}
{"timestamp": 1782789125.505, "formatted_time": "2026-06-30 11:12:05", "event": "watch_tick", "message": "generated_at=2026-06-30 11:12:05 completed_passes=4429/5088 activity=moving"}
{"timestamp": 1782789155.607, "formatted_time": "2026-06-30 11:12:35", "event": "watch_tick", "message": "generated_at=2026-06-30 11:12:35 completed_passes=4431/5088 activity=moving"}
{"timestamp": 1782789185.715, "formatted_time": "2026-06-30 11:13:05", "event": "watch_tick", "message": "generated_at=2026-06-30 11:13:05 completed_passes=4434/5088 activity=moving"}
{"timestamp": 1782789215.823, "formatted_time": "2026-06-30 11:13:35", "event": "watch_tick", "message": "generated_at=2026-06-30 11:13:35 completed_passes=4436/5088 activity=moving"}
{"timestamp": 1782789245.939, "formatted_time": "2026-06-30 11:14:05", "event": "watch_tick", "message": "generated_at=2026-06-30 11:14:05 completed_passes=4438/5088 activity=moving"}
{"timestamp": 1782789276.051, "formatted_time": "2026-06-30 11:14:36", "event": "watch_tick", "message": "generated_at=2026-06-30 11:14:35 completed_passes=4440/5088 activity=moving"}
{"timestamp": 1782789306.16, "formatted_time": "2026-06-30 11:15:06", "event": "watch_tick", "message": "generated_at=2026-06-30 11:15:06 completed_passes=4442/5088 activity=moving"}
{"timestamp": 1782789336.263, "formatted_time": "2026-06-30 11:15:36", "event": "watch_tick", "message": "generated_at=2026-06-30 11:15:36 completed_passes=4444/5088 activity=moving"}
{"timestamp": 1782789366.371, "formatted_time": "2026-06-30 11:16:06", "event": "watch_tick", "message": "generated_at=2026-06-30 11:16:06 completed_passes=4446/5088 activity=moving"}
{"timestamp": 1782789396.476, "formatted_time": "2026-06-30 11:16:36", "event": "watch_tick", "message": "generated_at=2026-06-30 11:16:36 completed_passes=4448/5088 activity=moving"}
{"timestamp": 1782789426.58, "formatted_time": "2026-06-30 11:17:06", "event": "watch_tick", "message": "generated_at=2026-06-30 11:17:06 completed_passes=4451/5088 activity=moving"}
{"timestamp": 1782789456.696, "formatted_time": "2026-06-30 11:17:36", "event": "watch_tick", "message": "generated_at=2026-06-30 11:17:36 completed_passes=4452/5088 activity=moving"}
{"timestamp": 1782789486.796, "formatted_time": "2026-06-30 11:18:06", "event": "watch_tick", "message": "generated_at=2026-06-30 11:18:06 completed_passes=4455/5088 activity=moving"}
{"timestamp": 1782789516.907, "formatted_time": "2026-06-30 11:18:36", "event": "watch_tick", "message": "generated_at=2026-06-30 11:18:36 completed_passes=4457/5088 activity=moving"}
{"timestamp": 1782789547.009, "formatted_time": "2026-06-30 11:19:07", "event": "watch_tick", "message": "generated_at=2026-06-30 11:19:06 completed_passes=4459/5088 activity=moving"}
{"timestamp": 1782789577.114, "formatted_time": "2026-06-30 11:19:37", "event": "watch_tick", "message": "generated_at=2026-06-30 11:19:37 completed_passes=4462/5088 activity=moving"}
{"timestamp": 1782789607.215, "formatted_time": "2026-06-30 11:20:07", "event": "watch_tick", "message": "generated_at=2026-06-30 11:20:07 completed_passes=4463/5088 activity=moving"}
{"timestamp": 1782789637.33, "formatted_time": "2026-06-30 11:20:37", "event": "watch_tick", "message": "generated_at=2026-06-30 11:20:37 completed_passes=4467/5088 activity=moving"}
{"timestamp": 1782789667.423, "formatted_time": "2026-06-30 11:21:07", "event": "watch_tick", "message": "generated_at=2026-06-30 11:21:07 completed_passes=4471/5088 activity=moving"}
{"timestamp": 1782789697.519, "formatted_time": "2026-06-30 11:21:37", "event": "watch_tick", "message": "generated_at=2026-06-30 11:21:37 completed_passes=4472/5088 activity=moving"}
{"timestamp": 1782789727.637, "formatted_time": "2026-06-30 11:22:07", "event": "watch_tick", "message": "generated_at=2026-06-30 11:22:07 completed_passes=4474/5088 activity=moving"}
{"timestamp": 1782789757.737, "formatted_time": "2026-06-30 11:22:37", "event": "watch_tick", "message": "generated_at=2026-06-30 11:22:37 completed_passes=4476/5088 activity=moving"}
{"timestamp": 1782789787.853, "formatted_time": "2026-06-30 11:23:07", "event": "watch_tick", "message": "generated_at=2026-06-30 11:23:07 completed_passes=4479/5088 activity=moving"}
{"timestamp": 1782789817.958, "formatted_time": "2026-06-30 11:23:37", "event": "watch_tick", "message": "generated_at=2026-06-30 11:23:37 completed_passes=4482/5088 activity=moving"}
{"timestamp": 1782789848.08, "formatted_time": "2026-06-30 11:24:08", "event": "watch_tick", "message": "generated_at=2026-06-30 11:24:07 completed_passes=4484/5088 activity=moving"}
{"timestamp": 1782789878.177, "formatted_time": "2026-06-30 11:24:38", "event": "watch_tick", "message": "generated_at=2026-06-30 11:24:38 completed_passes=4487/5088 activity=moving"}
{"timestamp": 1782789908.291, "formatted_time": "2026-06-30 11:25:08", "event": "watch_tick", "message": "generated_at=2026-06-30 11:25:08 completed_passes=4489/5088 activity=moving"}
{"timestamp": 1782789938.39, "formatted_time": "2026-06-30 11:25:38", "event": "watch_tick", "message": "generated_at=2026-06-30 11:25:38 completed_passes=4492/5088 activity=moving"}
{"timestamp": 1782789968.5, "formatted_time": "2026-06-30 11:26:08", "event": "watch_tick", "message": "generated_at=2026-06-30 11:26:08 completed_passes=4494/5088 activity=moving"}
{"timestamp": 1782789998.608, "formatted_time": "2026-06-30 11:26:38", "event": "watch_tick", "message": "generated_at=2026-06-30 11:26:38 completed_passes=4497/5088 activity=moving"}
{"timestamp": 1782790028.715, "formatted_time": "2026-06-30 11:27:08", "event": "watch_tick", "message": "generated_at=2026-06-30 11:27:08 completed_passes=4500/5088 activity=moving"}
{"timestamp": 1782790058.825, "formatted_time": "2026-06-30 11:27:38", "event": "watch_tick", "message": "generated_at=2026-06-30 11:27:38 completed_passes=4502/5088 activity=moving"}
{"timestamp": 1782790088.92, "formatted_time": "2026-06-30 11:28:08", "event": "watch_tick", "message": "generated_at=2026-06-30 11:28:08 completed_passes=4504/5088 activity=moving"}
{"timestamp": 1782790119.004, "formatted_time": "2026-06-30 11:28:39", "event": "watch_tick", "message": "generated_at=2026-06-30 11:28:38 completed_passes=4507/5088 activity=moving"}
{"timestamp": 1782790149.098, "formatted_time": "2026-06-30 11:29:09", "event": "watch_tick", "message": "generated_at=2026-06-30 11:29:09 completed_passes=4509/5088 activity=moving"}
{"timestamp": 1782790179.184, "formatted_time": "2026-06-30 11:29:39", "event": "watch_tick", "message": "generated_at=2026-06-30 11:29:39 completed_passes=4512/5088 activity=moving"}
{"timestamp": 1782790209.284, "formatted_time": "2026-06-30 11:30:09", "event": "watch_tick", "message": "generated_at=2026-06-30 11:30:09 completed_passes=4514/5088 activity=moving"}
{"timestamp": 1782790239.381, "formatted_time": "2026-06-30 11:30:39", "event": "watch_tick", "message": "generated_at=2026-06-30 11:30:39 completed_passes=4516/5088 activity=moving"}
{"timestamp": 1782790269.481, "formatted_time": "2026-06-30 11:31:09", "event": "watch_tick", "message": "generated_at=2026-06-30 11:31:09 completed_passes=4518/5088 activity=moving"}
{"timestamp": 1782790299.577, "formatted_time": "2026-06-30 11:31:39", "event": "watch_tick", "message": "generated_at=2026-06-30 11:31:39 completed_passes=4520/5088 activity=moving"}
{"timestamp": 1782790329.677, "formatted_time": "2026-06-30 11:32:09", "event": "watch_tick", "message": "generated_at=2026-06-30 11:32:09 completed_passes=4523/5088 activity=moving"}
{"timestamp": 1782790359.778, "formatted_time": "2026-06-30 11:32:39", "event": "watch_tick", "message": "generated_at=2026-06-30 11:32:39 completed_passes=4525/5088 activity=moving"}
{"timestamp": 1782790389.871, "formatted_time": "2026-06-30 11:33:09", "event": "watch_tick", "message": "generated_at=2026-06-30 11:33:09 completed_passes=4527/5088 activity=moving"}
{"timestamp": 1782790419.985, "formatted_time": "2026-06-30 11:33:39", "event": "watch_tick", "message": "generated_at=2026-06-30 11:33:39 completed_passes=4530/5088 activity=moving"}
{"timestamp": 1782790450.077, "formatted_time": "2026-06-30 11:34:10", "event": "watch_tick", "message": "generated_at=2026-06-30 11:34:09 completed_passes=4532/5088 activity=moving"}
{"timestamp": 1782790480.173, "formatted_time": "2026-06-30 11:34:40", "event": "watch_tick", "message": "generated_at=2026-06-30 11:34:40 completed_passes=4534/5088 activity=moving"}
{"timestamp": 1782790510.267, "formatted_time": "2026-06-30 11:35:10", "event": "watch_tick", "message": "generated_at=2026-06-30 11:35:10 completed_passes=4537/5088 activity=moving"}
{"timestamp": 1782790540.364, "formatted_time": "2026-06-30 11:35:40", "event": "watch_tick", "message": "generated_at=2026-06-30 11:35:40 completed_passes=4539/5088 activity=moving"}
{"timestamp": 1782790570.461, "formatted_time": "2026-06-30 11:36:10", "event": "watch_tick", "message": "generated_at=2026-06-30 11:36:10 completed_passes=4541/5088 activity=moving"}
{"timestamp": 1782790600.555, "formatted_time": "2026-06-30 11:36:40", "event": "watch_tick", "message": "generated_at=2026-06-30 11:36:40 completed_passes=4543/5088 activity=moving"}
{"timestamp": 1782790630.65, "formatted_time": "2026-06-30 11:37:10", "event": "watch_tick", "message": "generated_at=2026-06-30 11:37:10 completed_passes=4545/5088 activity=moving"}
{"timestamp": 1782790660.752, "formatted_time": "2026-06-30 11:37:40", "event": "watch_tick", "message": "generated_at=2026-06-30 11:37:40 completed_passes=4547/5088 activity=moving"}
{"timestamp": 1782790690.854, "formatted_time": "2026-06-30 11:38:10", "event": "watch_tick", "message": "generated_at=2026-06-30 11:38:10 completed_passes=4550/5088 activity=moving"}
{"timestamp": 1782790720.948, "formatted_time": "2026-06-30 11:38:40", "event": "watch_tick", "message": "generated_at=2026-06-30 11:38:40 completed_passes=4553/5088 activity=moving"}
{"timestamp": 1782790751.044, "formatted_time": "2026-06-30 11:39:11", "event": "watch_tick", "message": "generated_at=2026-06-30 11:39:10 completed_passes=4557/5088 activity=moving"}
{"timestamp": 1782790781.14, "formatted_time": "2026-06-30 11:39:41", "event": "watch_tick", "message": "generated_at=2026-06-30 11:39:41 completed_passes=4559/5088 activity=moving"}
{"timestamp": 1782790811.236, "formatted_time": "2026-06-30 11:40:11", "event": "watch_tick", "message": "generated_at=2026-06-30 11:40:11 completed_passes=4561/5088 activity=moving"}
{"timestamp": 1782790841.335, "formatted_time": "2026-06-30 11:40:41", "event": "watch_tick", "message": "generated_at=2026-06-30 11:40:41 completed_passes=4563/5088 activity=moving"}
{"timestamp": 1782790871.448, "formatted_time": "2026-06-30 11:41:11", "event": "watch_tick", "message": "generated_at=2026-06-30 11:41:11 completed_passes=4565/5088 activity=moving"}
{"timestamp": 1782790901.547, "formatted_time": "2026-06-30 11:41:41", "event": "watch_tick", "message": "generated_at=2026-06-30 11:41:41 completed_passes=4567/5088 activity=moving"}
{"timestamp": 1782790931.641, "formatted_time": "2026-06-30 11:42:11", "event": "watch_tick", "message": "generated_at=2026-06-30 11:42:11 completed_passes=4569/5088 activity=moving"}
{"timestamp": 1782790961.748, "formatted_time": "2026-06-30 11:42:41", "event": "watch_tick", "message": "generated_at=2026-06-30 11:42:41 completed_passes=4571/5088 activity=moving"}
{"timestamp": 1782790991.842, "formatted_time": "2026-06-30 11:43:11", "event": "watch_tick", "message": "generated_at=2026-06-30 11:43:11 completed_passes=4573/5088 activity=moving"}
{"timestamp": 1782791021.934, "formatted_time": "2026-06-30 11:43:41", "event": "watch_tick", "message": "generated_at=2026-06-30 11:43:41 completed_passes=4575/5088 activity=moving"}
{"timestamp": 1782791052.03, "formatted_time": "2026-06-30 11:44:12", "event": "watch_tick", "message": "generated_at=2026-06-30 11:44:11 completed_passes=4578/5088 activity=moving"}
{"timestamp": 1782791082.14, "formatted_time": "2026-06-30 11:44:42", "event": "watch_tick", "message": "generated_at=2026-06-30 11:44:42 completed_passes=4580/5088 activity=moving"}
{"timestamp": 1782791112.23, "formatted_time": "2026-06-30 11:45:12", "event": "watch_tick", "message": "generated_at=2026-06-30 11:45:12 completed_passes=4583/5088 activity=moving"}
{"timestamp": 1782791142.32, "formatted_time": "2026-06-30 11:45:42", "event": "watch_tick", "message": "generated_at=2026-06-30 11:45:42 completed_passes=4585/5088 activity=moving"}
{"timestamp": 1782791172.413, "formatted_time": "2026-06-30 11:46:12", "event": "watch_tick", "message": "generated_at=2026-06-30 11:46:12 completed_passes=4587/5088 activity=moving"}
{"timestamp": 1782791202.502, "formatted_time": "2026-06-30 11:46:42", "event": "watch_tick", "message": "generated_at=2026-06-30 11:46:42 completed_passes=4589/5088 activity=moving"}
{"timestamp": 1782791232.593, "formatted_time": "2026-06-30 11:47:12", "event": "watch_tick", "message": "generated_at=2026-06-30 11:47:12 completed_passes=4591/5088 activity=moving"}
{"timestamp": 1782791262.692, "formatted_time": "2026-06-30 11:47:42", "event": "watch_tick", "message": "generated_at=2026-06-30 11:47:42 completed_passes=4594/5088 activity=moving"}
{"timestamp": 1782791292.787, "formatted_time": "2026-06-30 11:48:12", "event": "watch_tick", "message": "generated_at=2026-06-30 11:48:12 completed_passes=4596/5088 activity=moving"}
{"timestamp": 1782791322.886, "formatted_time": "2026-06-30 11:48:42", "event": "watch_tick", "message": "generated_at=2026-06-30 11:48:42 completed_passes=4599/5088 activity=moving"}
{"timestamp": 1782791352.984, "formatted_time": "2026-06-30 11:49:12", "event": "watch_tick", "message": "generated_at=2026-06-30 11:49:12 completed_passes=4601/5088 activity=moving"}
{"timestamp": 1782791383.08, "formatted_time": "2026-06-30 11:49:43", "event": "watch_tick", "message": "generated_at=2026-06-30 11:49:42 completed_passes=4604/5088 activity=moving"}
{"timestamp": 1782791413.174, "formatted_time": "2026-06-30 11:50:13", "event": "watch_tick", "message": "generated_at=2026-06-30 11:50:13 completed_passes=4606/5088 activity=moving"}
{"timestamp": 1782791443.268, "formatted_time": "2026-06-30 11:50:43", "event": "watch_tick", "message": "generated_at=2026-06-30 11:50:43 completed_passes=4608/5088 activity=moving"}
{"timestamp": 1782791473.369, "formatted_time": "2026-06-30 11:51:13", "event": "watch_tick", "message": "generated_at=2026-06-30 11:51:13 completed_passes=4611/5088 activity=moving"}
{"timestamp": 1782791503.467, "formatted_time": "2026-06-30 11:51:43", "event": "watch_tick", "message": "generated_at=2026-06-30 11:51:43 completed_passes=4614/5088 activity=moving"}
{"timestamp": 1782791533.568, "formatted_time": "2026-06-30 11:52:13", "event": "watch_tick", "message": "generated_at=2026-06-30 11:52:13 completed_passes=4616/5088 activity=moving"}
{"timestamp": 1782791563.673, "formatted_time": "2026-06-30 11:52:43", "event": "watch_tick", "message": "generated_at=2026-06-30 11:52:43 completed_passes=4619/5088 activity=moving"}
{"timestamp": 1782791593.76, "formatted_time": "2026-06-30 11:53:13", "event": "watch_tick", "message": "generated_at=2026-06-30 11:53:13 completed_passes=4622/5088 activity=moving"}
{"timestamp": 1782791623.851, "formatted_time": "2026-06-30 11:53:43", "event": "watch_tick", "message": "generated_at=2026-06-30 11:53:43 completed_passes=4624/5088 activity=moving"}
{"timestamp": 1782791653.951, "formatted_time": "2026-06-30 11:54:13", "event": "watch_tick", "message": "generated_at=2026-06-30 11:54:13 completed_passes=4627/5088 activity=moving"}
{"timestamp": 1782791684.051, "formatted_time": "2026-06-30 11:54:44", "event": "watch_tick", "message": "generated_at=2026-06-30 11:54:43 completed_passes=4631/5088 activity=moving"}
{"timestamp": 1782791714.152, "formatted_time": "2026-06-30 11:55:14", "event": "watch_tick", "message": "generated_at=2026-06-30 11:55:14 completed_passes=4633/5088 activity=moving"}
{"timestamp": 1782791744.253, "formatted_time": "2026-06-30 11:55:44", "event": "watch_tick", "message": "generated_at=2026-06-30 11:55:44 completed_passes=4635/5088 activity=moving"}
{"timestamp": 1782791774.352, "formatted_time": "2026-06-30 11:56:14", "event": "watch_tick", "message": "generated_at=2026-06-30 11:56:14 completed_passes=4638/5088 activity=moving"}
{"timestamp": 1782791804.453, "formatted_time": "2026-06-30 11:56:44", "event": "watch_tick", "message": "generated_at=2026-06-30 11:56:44 completed_passes=4640/5088 activity=moving"}
{"timestamp": 1782791834.556, "formatted_time": "2026-06-30 11:57:14", "event": "watch_tick", "message": "generated_at=2026-06-30 11:57:14 completed_passes=4641/5088 activity=moving"}
{"timestamp": 1782791864.655, "formatted_time": "2026-06-30 11:57:44", "event": "watch_tick", "message": "generated_at=2026-06-30 11:57:44 completed_passes=4645/5088 activity=moving"}
{"timestamp": 1782791894.75, "formatted_time": "2026-06-30 11:58:14", "event": "watch_tick", "message": "generated_at=2026-06-30 11:58:14 completed_passes=4647/5088 activity=moving"}
{"timestamp": 1782791924.862, "formatted_time": "2026-06-30 11:58:44", "event": "watch_tick", "message": "generated_at=2026-06-30 11:58:44 completed_passes=4649/5088 activity=moving"}
{"timestamp": 1782791954.963, "formatted_time": "2026-06-30 11:59:14", "event": "watch_tick", "message": "generated_at=2026-06-30 11:59:14 completed_passes=4651/5088 activity=moving"}
{"timestamp": 1782791985.066, "formatted_time": "2026-06-30 11:59:45", "event": "watch_tick", "message": "generated_at=2026-06-30 11:59:44 completed_passes=4653/5088 activity=moving"}
{"timestamp": 1782792015.175, "formatted_time": "2026-06-30 12:00:15", "event": "watch_tick", "message": "generated_at=2026-06-30 12:00:15 completed_passes=4656/5088 activity=moving"}
{"timestamp": 1782792045.272, "formatted_time": "2026-06-30 12:00:45", "event": "watch_tick", "message": "generated_at=2026-06-30 12:00:45 completed_passes=4658/5088 activity=moving"}
{"timestamp": 1782792075.544, "formatted_time": "2026-06-30 12:01:15", "event": "watch_tick", "message": "generated_at=2026-06-30 12:01:15 completed_passes=4660/5088 activity=moving"}
{"timestamp": 1782792105.637, "formatted_time": "2026-06-30 12:01:45", "event": "watch_tick", "message": "generated_at=2026-06-30 12:01:45 completed_passes=4662/5088 activity=moving"}
{"timestamp": 1782792135.731, "formatted_time": "2026-06-30 12:02:15", "event": "watch_tick", "message": "generated_at=2026-06-30 12:02:15 completed_passes=4664/5088 activity=moving"}
{"timestamp": 1782792165.823, "formatted_time": "2026-06-30 12:02:45", "event": "watch_tick", "message": "generated_at=2026-06-30 12:02:45 completed_passes=4668/5088 activity=moving"}
{"timestamp": 1782792195.919, "formatted_time": "2026-06-30 12:03:15", "event": "watch_tick", "message": "generated_at=2026-06-30 12:03:15 completed_passes=4671/5088 activity=moving"}
{"timestamp": 1782792226.015, "formatted_time": "2026-06-30 12:03:46", "event": "watch_tick", "message": "generated_at=2026-06-30 12:03:45 completed_passes=4673/5088 activity=moving"}
{"timestamp": 1782792256.109, "formatted_time": "2026-06-30 12:04:16", "event": "watch_tick", "message": "generated_at=2026-06-30 12:04:16 completed_passes=4675/5088 activity=moving"}
{"timestamp": 1782792286.203, "formatted_time": "2026-06-30 12:04:46", "event": "watch_tick", "message": "generated_at=2026-06-30 12:04:46 completed_passes=4678/5088 activity=moving"}
{"timestamp": 1782792316.295, "formatted_time": "2026-06-30 12:05:16", "event": "watch_tick", "message": "generated_at=2026-06-30 12:05:16 completed_passes=4681/5088 activity=moving"}
{"timestamp": 1782792346.39, "formatted_time": "2026-06-30 12:05:46", "event": "watch_tick", "message": "generated_at=2026-06-30 12:05:46 completed_passes=4684/5088 activity=moving"}
{"timestamp": 1782792376.483, "formatted_time": "2026-06-30 12:06:16", "event": "watch_tick", "message": "generated_at=2026-06-30 12:06:16 completed_passes=4686/5088 activity=moving"}
{"timestamp": 1782792406.576, "formatted_time": "2026-06-30 12:06:46", "event": "watch_tick", "message": "generated_at=2026-06-30 12:06:46 completed_passes=4689/5088 activity=moving"}
{"timestamp": 1782792436.667, "formatted_time": "2026-06-30 12:07:16", "event": "watch_tick", "message": "generated_at=2026-06-30 12:07:16 completed_passes=4692/5088 activity=moving"}
{"timestamp": 1782792466.765, "formatted_time": "2026-06-30 12:07:46", "event": "watch_tick", "message": "generated_at=2026-06-30 12:07:46 completed_passes=4694/5088 activity=moving"}
{"timestamp": 1782792496.865, "formatted_time": "2026-06-30 12:08:16", "event": "watch_tick", "message": "generated_at=2026-06-30 12:08:16 completed_passes=4696/5088 activity=moving"}
{"timestamp": 1782792526.973, "formatted_time": "2026-06-30 12:08:46", "event": "watch_tick", "message": "generated_at=2026-06-30 12:08:46 completed_passes=4699/5088 activity=moving"}
{"timestamp": 1782792557.072, "formatted_time": "2026-06-30 12:09:17", "event": "watch_tick", "message": "generated_at=2026-06-30 12:09:16 completed_passes=4703/5088 activity=moving"}
{"timestamp": 1782792587.175, "formatted_time": "2026-06-30 12:09:47", "event": "watch_tick", "message": "generated_at=2026-06-30 12:09:47 completed_passes=4705/5088 activity=moving"}
{"timestamp": 1782792617.273, "formatted_time": "2026-06-30 12:10:17", "event": "watch_tick", "message": "generated_at=2026-06-30 12:10:17 completed_passes=4708/5088 activity=moving"}
{"timestamp": 1782792647.373, "formatted_time": "2026-06-30 12:10:47", "event": "watch_tick", "message": "generated_at=2026-06-30 12:10:47 completed_passes=4710/5088 activity=moving"}
{"timestamp": 1782792677.468, "formatted_time": "2026-06-30 12:11:17", "event": "watch_tick", "message": "generated_at=2026-06-30 12:11:17 completed_passes=4714/5088 activity=moving"}
{"timestamp": 1782792707.559, "formatted_time": "2026-06-30 12:11:47", "event": "watch_tick", "message": "generated_at=2026-06-30 12:11:47 completed_passes=4717/5088 activity=moving"}
{"timestamp": 1782792737.653, "formatted_time": "2026-06-30 12:12:17", "event": "watch_tick", "message": "generated_at=2026-06-30 12:12:17 completed_passes=4721/5088 activity=moving"}
{"timestamp": 1782792767.749, "formatted_time": "2026-06-30 12:12:47", "event": "watch_tick", "message": "generated_at=2026-06-30 12:12:47 completed_passes=4724/5088 activity=moving"}
{"timestamp": 1782792797.84, "formatted_time": "2026-06-30 12:13:17", "event": "watch_tick", "message": "generated_at=2026-06-30 12:13:17 completed_passes=4726/5088 activity=moving"}
{"timestamp": 1782792827.934, "formatted_time": "2026-06-30 12:13:47", "event": "watch_tick", "message": "generated_at=2026-06-30 12:13:47 completed_passes=4729/5088 activity=moving"}
{"timestamp": 1782792858.026, "formatted_time": "2026-06-30 12:14:18", "event": "watch_tick", "message": "generated_at=2026-06-30 12:14:17 completed_passes=4732/5088 activity=moving"}
{"timestamp": 1782792888.125, "formatted_time": "2026-06-30 12:14:48", "event": "watch_tick", "message": "generated_at=2026-06-30 12:14:48 completed_passes=4734/5088 activity=moving"}
{"timestamp": 1782792918.227, "formatted_time": "2026-06-30 12:15:18", "event": "watch_tick", "message": "generated_at=2026-06-30 12:15:18 completed_passes=4738/5088 activity=moving"}
{"timestamp": 1782792948.327, "formatted_time": "2026-06-30 12:15:48", "event": "watch_tick", "message": "generated_at=2026-06-30 12:15:48 completed_passes=4741/5088 activity=moving"}
{"timestamp": 1782792978.435, "formatted_time": "2026-06-30 12:16:18", "event": "watch_tick", "message": "generated_at=2026-06-30 12:16:18 completed_passes=4744/5088 activity=moving"}
{"timestamp": 1782793008.534, "formatted_time": "2026-06-30 12:16:48", "event": "watch_tick", "message": "generated_at=2026-06-30 12:16:48 completed_passes=4746/5088 activity=moving"}
{"timestamp": 1782793038.579, "formatted_time": "2026-06-30 12:17:18", "event": "watch_tick", "message": "generated_at=2026-06-30 12:17:18 completed_passes=4749/5088 activity=moving"}
{"timestamp": 1782793068.652, "formatted_time": "2026-06-30 12:17:48", "event": "watch_tick", "message": "generated_at=2026-06-30 12:17:48 completed_passes=4753/5088 activity=moving"}
{"timestamp": 1782793098.755, "formatted_time": "2026-06-30 12:18:18", "event": "watch_tick", "message": "generated_at=2026-06-30 12:18:18 completed_passes=4755/5088 activity=moving"}
{"timestamp": 1782793128.861, "formatted_time": "2026-06-30 12:18:48", "event": "watch_tick", "message": "generated_at=2026-06-30 12:18:48 completed_passes=4759/5088 activity=moving"}
{"timestamp": 1782793158.965, "formatted_time": "2026-06-30 12:19:18", "event": "watch_tick", "message": "generated_at=2026-06-30 12:19:18 completed_passes=4762/5088 activity=moving"}
{"timestamp": 1782793189.064, "formatted_time": "2026-06-30 12:19:49", "event": "watch_tick", "message": "generated_at=2026-06-30 12:19:48 completed_passes=4765/5088 activity=moving"}
{"timestamp": 1782793219.169, "formatted_time": "2026-06-30 12:20:19", "event": "watch_tick", "message": "generated_at=2026-06-30 12:20:19 completed_passes=4768/5088 activity=moving"}
{"timestamp": 1782793249.27, "formatted_time": "2026-06-30 12:20:49", "event": "watch_tick", "message": "generated_at=2026-06-30 12:20:49 completed_passes=4771/5088 activity=moving"}
{"timestamp": 1782793279.374, "formatted_time": "2026-06-30 12:21:19", "event": "watch_tick", "message": "generated_at=2026-06-30 12:21:19 completed_passes=4774/5088 activity=moving"}
{"timestamp": 1782793309.468, "formatted_time": "2026-06-30 12:21:49", "event": "watch_tick", "message": "generated_at=2026-06-30 12:21:49 completed_passes=4777/5088 activity=moving"}
{"timestamp": 1782793339.572, "formatted_time": "2026-06-30 12:22:19", "event": "watch_tick", "message": "generated_at=2026-06-30 12:22:19 completed_passes=4780/5088 activity=moving"}
{"timestamp": 1782793369.672, "formatted_time": "2026-06-30 12:22:49", "event": "watch_tick", "message": "generated_at=2026-06-30 12:22:49 completed_passes=4782/5088 activity=moving"}
{"timestamp": 1782793399.764, "formatted_time": "2026-06-30 12:23:19", "event": "watch_tick", "message": "generated_at=2026-06-30 12:23:19 completed_passes=4785/5088 activity=moving"}
{"timestamp": 1782793429.858, "formatted_time": "2026-06-30 12:23:49", "event": "watch_tick", "message": "generated_at=2026-06-30 12:23:49 completed_passes=4789/5088 activity=moving"}
{"timestamp": 1782793459.961, "formatted_time": "2026-06-30 12:24:19", "event": "watch_tick", "message": "generated_at=2026-06-30 12:24:19 completed_passes=4791/5088 activity=moving"}
{"timestamp": 1782793490.067, "formatted_time": "2026-06-30 12:24:50", "event": "watch_tick", "message": "generated_at=2026-06-30 12:24:49 completed_passes=4794/5088 activity=moving"}
{"timestamp": 1782793520.16, "formatted_time": "2026-06-30 12:25:20", "event": "watch_tick", "message": "generated_at=2026-06-30 12:25:20 completed_passes=4796/5088 activity=moving"}
{"timestamp": 1782793550.259, "formatted_time": "2026-06-30 12:25:50", "event": "watch_tick", "message": "generated_at=2026-06-30 12:25:50 completed_passes=4798/5088 activity=moving"}
{"timestamp": 1782793580.355, "formatted_time": "2026-06-30 12:26:20", "event": "watch_tick", "message": "generated_at=2026-06-30 12:26:20 completed_passes=4802/5088 activity=moving"}
{"timestamp": 1782793610.461, "formatted_time": "2026-06-30 12:26:50", "event": "watch_tick", "message": "generated_at=2026-06-30 12:26:50 completed_passes=4804/5088 activity=moving"}
{"timestamp": 1782793640.551, "formatted_time": "2026-06-30 12:27:20", "event": "watch_tick", "message": "generated_at=2026-06-30 12:27:20 completed_passes=4807/5088 activity=moving"}
{"timestamp": 1782793670.645, "formatted_time": "2026-06-30 12:27:50", "event": "watch_tick", "message": "generated_at=2026-06-30 12:27:50 completed_passes=4810/5088 activity=moving"}
{"timestamp": 1782793700.746, "formatted_time": "2026-06-30 12:28:20", "event": "watch_tick", "message": "generated_at=2026-06-30 12:28:20 completed_passes=4813/5088 activity=moving"}
{"timestamp": 1782793730.849, "formatted_time": "2026-06-30 12:28:50", "event": "watch_tick", "message": "generated_at=2026-06-30 12:28:50 completed_passes=4815/5088 activity=moving"}
{"timestamp": 1782793760.945, "formatted_time": "2026-06-30 12:29:20", "event": "watch_tick", "message": "generated_at=2026-06-30 12:29:20 completed_passes=4818/5088 activity=moving"}
{"timestamp": 1782793791.036, "formatted_time": "2026-06-30 12:29:51", "event": "watch_tick", "message": "generated_at=2026-06-30 12:29:50 completed_passes=4821/5088 activity=moving"}
{"timestamp": 1782793821.147, "formatted_time": "2026-06-30 12:30:21", "event": "watch_tick", "message": "generated_at=2026-06-30 12:30:21 completed_passes=4823/5088 activity=moving"}
{"timestamp": 1782793851.239, "formatted_time": "2026-06-30 12:30:51", "event": "watch_tick", "message": "generated_at=2026-06-30 12:30:51 completed_passes=4826/5088 activity=moving"}
{"timestamp": 1782793881.328, "formatted_time": "2026-06-30 12:31:21", "event": "watch_tick", "message": "generated_at=2026-06-30 12:31:21 completed_passes=4829/5088 activity=moving"}
{"timestamp": 1782793911.409, "formatted_time": "2026-06-30 12:31:51", "event": "watch_tick", "message": "generated_at=2026-06-30 12:31:51 completed_passes=4832/5088 activity=moving"}
{"timestamp": 1782793941.713, "formatted_time": "2026-06-30 12:32:21", "event": "watch_tick", "message": "generated_at=2026-06-30 12:32:21 completed_passes=4835/5088 activity=moving"}
{"timestamp": 1782793971.805, "formatted_time": "2026-06-30 12:32:51", "event": "watch_tick", "message": "generated_at=2026-06-30 12:32:51 completed_passes=4838/5088 activity=moving"}
{"timestamp": 1782794001.897, "formatted_time": "2026-06-30 12:33:21", "event": "watch_tick", "message": "generated_at=2026-06-30 12:33:21 completed_passes=4840/5088 activity=moving"}
{"timestamp": 1782794031.991, "formatted_time": "2026-06-30 12:33:51", "event": "watch_tick", "message": "generated_at=2026-06-30 12:33:51 completed_passes=4843/5088 activity=moving"}
{"timestamp": 1782794062.085, "formatted_time": "2026-06-30 12:34:22", "event": "watch_tick", "message": "generated_at=2026-06-30 12:34:21 completed_passes=4845/5088 activity=moving"}
{"timestamp": 1782794092.174, "formatted_time": "2026-06-30 12:34:52", "event": "watch_tick", "message": "generated_at=2026-06-30 12:34:52 completed_passes=4848/5088 activity=moving"}
{"timestamp": 1782794122.263, "formatted_time": "2026-06-30 12:35:22", "event": "watch_tick", "message": "generated_at=2026-06-30 12:35:22 completed_passes=4851/5088 activity=moving"}
{"timestamp": 1782794152.357, "formatted_time": "2026-06-30 12:35:52", "event": "watch_tick", "message": "generated_at=2026-06-30 12:35:52 completed_passes=4853/5088 activity=moving"}
{"timestamp": 1782794182.45, "formatted_time": "2026-06-30 12:36:22", "event": "watch_tick", "message": "generated_at=2026-06-30 12:36:22 completed_passes=4856/5088 activity=moving"}
{"timestamp": 1782794212.541, "formatted_time": "2026-06-30 12:36:52", "event": "watch_tick", "message": "generated_at=2026-06-30 12:36:52 completed_passes=4858/5088 activity=moving"}
{"timestamp": 1782794242.635, "formatted_time": "2026-06-30 12:37:22", "event": "watch_tick", "message": "generated_at=2026-06-30 12:37:22 completed_passes=4861/5088 activity=moving"}
{"timestamp": 1782794272.721, "formatted_time": "2026-06-30 12:37:52", "event": "watch_tick", "message": "generated_at=2026-06-30 12:37:52 completed_passes=4865/5088 activity=moving"}
{"timestamp": 1782794302.819, "formatted_time": "2026-06-30 12:38:22", "event": "watch_tick", "message": "generated_at=2026-06-30 12:38:22 completed_passes=4867/5088 activity=moving"}
{"timestamp": 1782794332.922, "formatted_time": "2026-06-30 12:38:52", "event": "watch_tick", "message": "generated_at=2026-06-30 12:38:52 completed_passes=4869/5088 activity=moving"}
{"timestamp": 1782794363.021, "formatted_time": "2026-06-30 12:39:23", "event": "watch_tick", "message": "generated_at=2026-06-30 12:39:22 completed_passes=4872/5088 activity=moving"}
{"timestamp": 1782794393.117, "formatted_time": "2026-06-30 12:39:53", "event": "watch_tick", "message": "generated_at=2026-06-30 12:39:53 completed_passes=4876/5088 activity=moving"}
{"timestamp": 1782794423.214, "formatted_time": "2026-06-30 12:40:23", "event": "watch_tick", "message": "generated_at=2026-06-30 12:40:23 completed_passes=4879/5088 activity=moving"}
{"timestamp": 1782794453.31, "formatted_time": "2026-06-30 12:40:53", "event": "watch_tick", "message": "generated_at=2026-06-30 12:40:53 completed_passes=4881/5088 activity=moving"}
{"timestamp": 1782794483.404, "formatted_time": "2026-06-30 12:41:23", "event": "watch_tick", "message": "generated_at=2026-06-30 12:41:23 completed_passes=4882/5088 activity=moving"}
{"timestamp": 1782794513.502, "formatted_time": "2026-06-30 12:41:53", "event": "watch_tick", "message": "generated_at=2026-06-30 12:41:53 completed_passes=4884/5088 activity=moving"}
{"timestamp": 1782794543.603, "formatted_time": "2026-06-30 12:42:23", "event": "watch_tick", "message": "generated_at=2026-06-30 12:42:23 completed_passes=4887/5088 activity=moving"}
{"timestamp": 1782794573.701, "formatted_time": "2026-06-30 12:42:53", "event": "watch_tick", "message": "generated_at=2026-06-30 12:42:53 completed_passes=4890/5088 activity=moving"}
{"timestamp": 1782794603.806, "formatted_time": "2026-06-30 12:43:23", "event": "watch_tick", "message": "generated_at=2026-06-30 12:43:23 completed_passes=4894/5088 activity=moving"}
{"timestamp": 1782794633.907, "formatted_time": "2026-06-30 12:43:53", "event": "watch_tick", "message": "generated_at=2026-06-30 12:43:53 completed_passes=4896/5088 activity=moving"}
{"timestamp": 1782794664.008, "formatted_time": "2026-06-30 12:44:24", "event": "watch_tick", "message": "generated_at=2026-06-30 12:44:23 completed_passes=4900/5088 activity=moving"}
{"timestamp": 1782794694.107, "formatted_time": "2026-06-30 12:44:54", "event": "watch_tick", "message": "generated_at=2026-06-30 12:44:54 completed_passes=4903/5088 activity=moving"}
{"timestamp": 1782794724.207, "formatted_time": "2026-06-30 12:45:24", "event": "watch_tick", "message": "generated_at=2026-06-30 12:45:24 completed_passes=4906/5088 activity=moving"}
{"timestamp": 1782794754.307, "formatted_time": "2026-06-30 12:45:54", "event": "watch_tick", "message": "generated_at=2026-06-30 12:45:54 completed_passes=4908/5088 activity=moving"}
{"timestamp": 1782794784.416, "formatted_time": "2026-06-30 12:46:24", "event": "watch_tick", "message": "generated_at=2026-06-30 12:46:24 completed_passes=4911/5088 activity=moving"}
{"timestamp": 1782794814.515, "formatted_time": "2026-06-30 12:46:54", "event": "watch_tick", "message": "generated_at=2026-06-30 12:46:54 completed_passes=4913/5088 activity=moving"}
{"timestamp": 1782794844.61, "formatted_time": "2026-06-30 12:47:24", "event": "watch_tick", "message": "generated_at=2026-06-30 12:47:24 completed_passes=4916/5088 activity=moving"}
{"timestamp": 1782794874.704, "formatted_time": "2026-06-30 12:47:54", "event": "watch_tick", "message": "generated_at=2026-06-30 12:47:54 completed_passes=4918/5088 activity=moving"}
{"timestamp": 1782794904.811, "formatted_time": "2026-06-30 12:48:24", "event": "watch_tick", "message": "generated_at=2026-06-30 12:48:24 completed_passes=4920/5088 activity=moving"}
{"timestamp": 1782794934.887, "formatted_time": "2026-06-30 12:48:54", "event": "watch_tick", "message": "generated_at=2026-06-30 12:48:54 completed_passes=4924/5088 activity=moving"}
{"timestamp": 1782794965.002, "formatted_time": "2026-06-30 12:49:25", "event": "watch_tick", "message": "generated_at=2026-06-30 12:49:24 completed_passes=4926/5088 activity=moving"}
{"timestamp": 1782794995.096, "formatted_time": "2026-06-30 12:49:55", "event": "watch_tick", "message": "generated_at=2026-06-30 12:49:55 completed_passes=4929/5088 activity=moving"}
{"timestamp": 1782795025.208, "formatted_time": "2026-06-30 12:50:25", "event": "watch_tick", "message": "generated_at=2026-06-30 12:50:25 completed_passes=4932/5088 activity=moving"}
{"timestamp": 1782795055.304, "formatted_time": "2026-06-30 12:50:55", "event": "watch_tick", "message": "generated_at=2026-06-30 12:50:55 completed_passes=4934/5088 activity=moving"}
{"timestamp": 1782795085.403, "formatted_time": "2026-06-30 12:51:25", "event": "watch_tick", "message": "generated_at=2026-06-30 12:51:25 completed_passes=4937/5088 activity=moving"}
{"timestamp": 1782795115.511, "formatted_time": "2026-06-30 12:51:55", "event": "watch_tick", "message": "generated_at=2026-06-30 12:51:55 completed_passes=4940/5088 activity=moving"}
{"timestamp": 1782795145.611, "formatted_time": "2026-06-30 12:52:25", "event": "watch_tick", "message": "generated_at=2026-06-30 12:52:25 completed_passes=4942/5088 activity=moving"}
{"timestamp": 1782795175.708, "formatted_time": "2026-06-30 12:52:55", "event": "watch_tick", "message": "generated_at=2026-06-30 12:52:55 completed_passes=4944/5088 activity=moving"}
{"timestamp": 1782795205.819, "formatted_time": "2026-06-30 12:53:25", "event": "watch_tick", "message": "generated_at=2026-06-30 12:53:25 completed_passes=4947/5088 activity=moving"}
{"timestamp": 1782795235.915, "formatted_time": "2026-06-30 12:53:55", "event": "watch_tick", "message": "generated_at=2026-06-30 12:53:55 completed_passes=4950/5088 activity=moving"}
{"timestamp": 1782795266.029, "formatted_time": "2026-06-30 12:54:26", "event": "watch_tick", "message": "generated_at=2026-06-30 12:54:25 completed_passes=4952/5088 activity=moving"}
{"timestamp": 1782795296.128, "formatted_time": "2026-06-30 12:54:56", "event": "watch_tick", "message": "generated_at=2026-06-30 12:54:56 completed_passes=4955/5088 activity=moving"}
{"timestamp": 1782795326.223, "formatted_time": "2026-06-30 12:55:26", "event": "watch_tick", "message": "generated_at=2026-06-30 12:55:26 completed_passes=4958/5088 activity=moving"}
{"timestamp": 1782795356.33, "formatted_time": "2026-06-30 12:55:56", "event": "watch_tick", "message": "generated_at=2026-06-30 12:55:56 completed_passes=4961/5088 activity=moving"}
{"timestamp": 1782795386.425, "formatted_time": "2026-06-30 12:56:26", "event": "watch_tick", "message": "generated_at=2026-06-30 12:56:26 completed_passes=4963/5088 activity=moving"}
{"timestamp": 1782795416.521, "formatted_time": "2026-06-30 12:56:56", "event": "watch_tick", "message": "generated_at=2026-06-30 12:56:56 completed_passes=4967/5088 activity=moving"}
{"timestamp": 1782795446.628, "formatted_time": "2026-06-30 12:57:26", "event": "watch_tick", "message": "generated_at=2026-06-30 12:57:26 completed_passes=4970/5088 activity=moving"}
{"timestamp": 1782795476.726, "formatted_time": "2026-06-30 12:57:56", "event": "watch_tick", "message": "generated_at=2026-06-30 12:57:56 completed_passes=4972/5088 activity=moving"}
{"timestamp": 1782795506.839, "formatted_time": "2026-06-30 12:58:26", "event": "watch_tick", "message": "generated_at=2026-06-30 12:58:26 completed_passes=4975/5088 activity=moving"}
{"timestamp": 1782795536.937, "formatted_time": "2026-06-30 12:58:56", "event": "watch_tick", "message": "generated_at=2026-06-30 12:58:56 completed_passes=4977/5088 activity=moving"}
{"timestamp": 1782795567.065, "formatted_time": "2026-06-30 12:59:27", "event": "watch_tick", "message": "generated_at=2026-06-30 12:59:26 completed_passes=4981/5088 activity=moving"}
{"timestamp": 1782795597.178, "formatted_time": "2026-06-30 12:59:57", "event": "watch_tick", "message": "generated_at=2026-06-30 12:59:57 completed_passes=4984/5088 activity=moving"}
{"timestamp": 1782795627.285, "formatted_time": "2026-06-30 13:00:27", "event": "watch_tick", "message": "generated_at=2026-06-30 13:00:27 completed_passes=4987/5088 activity=moving"}
{"timestamp": 1782795657.392, "formatted_time": "2026-06-30 13:00:57", "event": "watch_tick", "message": "generated_at=2026-06-30 13:00:57 completed_passes=4989/5088 activity=moving"}
{"timestamp": 1782795687.503, "formatted_time": "2026-06-30 13:01:27", "event": "watch_tick", "message": "generated_at=2026-06-30 13:01:27 completed_passes=4992/5088 activity=moving"}
{"timestamp": 1782795717.603, "formatted_time": "2026-06-30 13:01:57", "event": "watch_tick", "message": "generated_at=2026-06-30 13:01:57 completed_passes=4996/5088 activity=moving"}
{"timestamp": 1782795747.705, "formatted_time": "2026-06-30 13:02:27", "event": "watch_tick", "message": "generated_at=2026-06-30 13:02:27 completed_passes=4998/5088 activity=moving"}
{"timestamp": 1782795777.797, "formatted_time": "2026-06-30 13:02:57", "event": "watch_tick", "message": "generated_at=2026-06-30 13:02:57 completed_passes=5001/5088 activity=moving"}
{"timestamp": 1782795807.902, "formatted_time": "2026-06-30 13:03:27", "event": "watch_tick", "message": "generated_at=2026-06-30 13:03:27 completed_passes=5003/5088 activity=moving"}
{"timestamp": 1782795837.993, "formatted_time": "2026-06-30 13:03:57", "event": "watch_tick", "message": "generated_at=2026-06-30 13:03:57 completed_passes=5006/5088 activity=moving"}
{"timestamp": 1782795868.098, "formatted_time": "2026-06-30 13:04:28", "event": "watch_tick", "message": "generated_at=2026-06-30 13:04:27 completed_passes=5009/5088 activity=moving"}
{"timestamp": 1782795898.2, "formatted_time": "2026-06-30 13:04:58", "event": "watch_tick", "message": "generated_at=2026-06-30 13:04:58 completed_passes=5011/5088 activity=moving"}
{"timestamp": 1782795928.298, "formatted_time": "2026-06-30 13:05:28", "event": "watch_tick", "message": "generated_at=2026-06-30 13:05:28 completed_passes=5014/5088 activity=moving"}
{"timestamp": 1782795958.405, "formatted_time": "2026-06-30 13:05:58", "event": "watch_tick", "message": "generated_at=2026-06-30 13:05:58 completed_passes=5016/5088 activity=moving"}
{"timestamp": 1782795988.52, "formatted_time": "2026-06-30 13:06:28", "event": "watch_tick", "message": "generated_at=2026-06-30 13:06:28 completed_passes=5019/5088 activity=moving"}
{"timestamp": 1782796018.629, "formatted_time": "2026-06-30 13:06:58", "event": "watch_tick", "message": "generated_at=2026-06-30 13:06:58 completed_passes=5021/5088 activity=moving"}
{"timestamp": 1782796048.725, "formatted_time": "2026-06-30 13:07:28", "event": "watch_tick", "message": "generated_at=2026-06-30 13:07:28 completed_passes=5025/5088 activity=moving"}
{"timestamp": 1782796078.823, "formatted_time": "2026-06-30 13:07:58", "event": "watch_tick", "message": "generated_at=2026-06-30 13:07:58 completed_passes=5027/5088 activity=moving"}
{"timestamp": 1782796108.923, "formatted_time": "2026-06-30 13:08:28", "event": "watch_tick", "message": "generated_at=2026-06-30 13:08:28 completed_passes=5031/5088 activity=moving"}
{"timestamp": 1782796139.005, "formatted_time": "2026-06-30 13:08:59", "event": "watch_tick", "message": "generated_at=2026-06-30 13:08:58 completed_passes=5034/5088 activity=moving"}
{"timestamp": 1782796169.114, "formatted_time": "2026-06-30 13:09:29", "event": "watch_tick", "message": "generated_at=2026-06-30 13:09:29 completed_passes=5036/5088 activity=moving"}
{"timestamp": 1782796199.215, "formatted_time": "2026-06-30 13:09:59", "event": "watch_tick", "message": "generated_at=2026-06-30 13:09:59 completed_passes=5039/5088 activity=moving"}
{"timestamp": 1782796229.313, "formatted_time": "2026-06-30 13:10:29", "event": "watch_tick", "message": "generated_at=2026-06-30 13:10:29 completed_passes=5043/5088 activity=moving"}
{"timestamp": 1782796259.413, "formatted_time": "2026-06-30 13:10:59", "event": "watch_tick", "message": "generated_at=2026-06-30 13:10:59 completed_passes=5045/5088 activity=moving"}
{"timestamp": 1782796289.509, "formatted_time": "2026-06-30 13:11:29", "event": "watch_tick", "message": "generated_at=2026-06-30 13:11:29 completed_passes=5048/5088 activity=moving"}
{"timestamp": 1782796319.615, "formatted_time": "2026-06-30 13:11:59", "event": "watch_tick", "message": "generated_at=2026-06-30 13:11:59 completed_passes=5051/5088 activity=moving"}
{"timestamp": 1782796349.71, "formatted_time": "2026-06-30 13:12:29", "event": "watch_tick", "message": "generated_at=2026-06-30 13:12:29 completed_passes=5054/5088 activity=moving"}
{"timestamp": 1782796379.804, "formatted_time": "2026-06-30 13:12:59", "event": "watch_tick", "message": "generated_at=2026-06-30 13:12:59 completed_passes=5059/5088 activity=moving"}
{"timestamp": 1782796409.896, "formatted_time": "2026-06-30 13:13:29", "event": "watch_tick", "message": "generated_at=2026-06-30 13:13:29 completed_passes=5062/5088 activity=moving"}
{"timestamp": 1782796439.99, "formatted_time": "2026-06-30 13:13:59", "event": "watch_tick", "message": "generated_at=2026-06-30 13:13:59 completed_passes=5066/5088 activity=moving"}
{"timestamp": 1782796470.086, "formatted_time": "2026-06-30 13:14:30", "event": "watch_tick", "message": "generated_at=2026-06-30 13:14:29 completed_passes=5069/5088 activity=moving"}
{"timestamp": 1782796500.171, "formatted_time": "2026-06-30 13:15:00", "event": "watch_tick", "message": "generated_at=2026-06-30 13:15:00 completed_passes=5071/5088 activity=moving"}
{"timestamp": 1782796530.266, "formatted_time": "2026-06-30 13:15:30", "event": "watch_tick", "message": "generated_at=2026-06-30 13:15:30 completed_passes=5073/5088 activity=moving"}
{"timestamp": 1782796560.362, "formatted_time": "2026-06-30 13:16:00", "event": "watch_tick", "message": "generated_at=2026-06-30 13:16:00 completed_passes=5075/5088 activity=moving"}
{"timestamp": 1782796590.462, "formatted_time": "2026-06-30 13:16:30", "event": "watch_tick", "message": "generated_at=2026-06-30 13:16:30 completed_passes=5078/5088 activity=moving"}
{"timestamp": 1782796620.559, "formatted_time": "2026-06-30 13:17:00", "event": "watch_tick", "message": "generated_at=2026-06-30 13:17:00 completed_passes=5080/5088 activity=moving"}
{"timestamp": 1782796650.655, "formatted_time": "2026-06-30 13:17:30", "event": "watch_tick", "message": "generated_at=2026-06-30 13:17:30 completed_passes=5083/5088 activity=moving"}
{"timestamp": 1782796680.75, "formatted_time": "2026-06-30 13:18:00", "event": "watch_tick", "message": "generated_at=2026-06-30 13:18:00 completed_passes=5086/5088 activity=moving"}
{"timestamp": 1782796710.846, "formatted_time": "2026-06-30 13:18:30", "event": "watch_tick", "message": "generated_at=2026-06-30 13:18:30 completed_passes=5088/5088 activity=moving"}
{"timestamp": 1782796740.936, "formatted_time": "2026-06-30 13:19:00", "event": "watch_tick", "message": "generated_at=2026-06-30 13:19:00 completed_passes=5088/5088 activity=moving"}
{"timestamp": 1782796771.027, "formatted_time": "2026-06-30 13:19:31", "event": "watch_tick", "message": "generated_at=2026-06-30 13:19:30 completed_passes=5088/5088 activity=moving"}
{"timestamp": 1782796801.12, "formatted_time": "2026-06-30 13:20:01", "event": "watch_tick", "message": "generated_at=2026-06-30 13:20:01 completed_passes=5088/5088 activity=moving"}
{"timestamp": 1782796831.104, "formatted_time": "2026-06-30 13:20:31", "event": "watch_tick", "message": "generated_at=2026-06-30 13:20:31 completed_passes=5088/5088 activity=moving"}
{"timestamp": 1782796861.253, "formatted_time": "2026-06-30 13:21:01", "event": "watch_tick", "message": "generated_at=2026-06-30 13:21:01 completed_passes=5088/5088 activity=moving"}
{"timestamp": 1782796891.346, "formatted_time": "2026-06-30 13:21:31", "event": "watch_tick", "message": "generated_at=2026-06-30 13:21:31 completed_passes=5088/5088 activity=slow"}
{"timestamp": 1782796921.443, "formatted_time": "2026-06-30 13:22:01", "event": "watch_tick", "message": "generated_at=2026-06-30 13:22:01 completed_passes=5088/5088 activity=slow"}
{"timestamp": 1782796951.528, "formatted_time": "2026-06-30 13:22:31", "event": "watch_tick", "message": "generated_at=2026-06-30 13:22:31 completed_passes=5088/5088 activity=slow"}
{"timestamp": 1782796981.615, "formatted_time": "2026-06-30 13:23:01", "event": "watch_tick", "message": "generated_at=2026-06-30 13:23:01 completed_passes=5088/5088 activity=slow"}
{"timestamp": 1782797011.705, "formatted_time": "2026-06-30 13:23:31", "event": "watch_tick", "message": "generated_at=2026-06-30 13:23:31 completed_passes=5088/5088 activity=slow"}
{"timestamp": 1782797041.803, "formatted_time": "2026-06-30 13:24:01", "event": "watch_tick", "message": "generated_at=2026-06-30 13:24:01 completed_passes=5088/5088 activity=slow"}
{"timestamp": 1782797071.899, "formatted_time": "2026-06-30 13:24:31", "event": "watch_tick", "message": "generated_at=2026-06-30 13:24:31 completed_passes=5088/5088 activity=slow"}
{"timestamp": 1782797101.993, "formatted_time": "2026-06-30 13:25:01", "event": "watch_tick", "message": "generated_at=2026-06-30 13:25:01 completed_passes=5088/5088 activity=slow"}
{"timestamp": 1782797132.08, "formatted_time": "2026-06-30 13:25:32", "event": "watch_tick", "message": "generated_at=2026-06-30 13:25:31 completed_passes=5088/5088 activity=slow"}
{"timestamp": 1782797162.168, "formatted_time": "2026-06-30 13:26:02", "event": "watch_tick", "message": "generated_at=2026-06-30 13:26:02 completed_passes=5088/5088 activity=slow"}
{"timestamp": 1782797192.254, "formatted_time": "2026-06-30 13:26:32", "event": "watch_tick", "message": "generated_at=2026-06-30 13:26:32 completed_passes=5088/5088 activity=slow"}
{"timestamp": 1782797222.342, "formatted_time": "2026-06-30 13:27:02", "event": "watch_tick", "message": "generated_at=2026-06-30 13:27:02 completed_passes=5088/5088 activity=slow"}
{"timestamp": 1782797252.432, "formatted_time": "2026-06-30 13:27:32", "event": "watch_tick", "message": "generated_at=2026-06-30 13:27:32 completed_passes=5088/5088 activity=slow"}
{"timestamp": 1782797282.526, "formatted_time": "2026-06-30 13:28:02", "event": "watch_tick", "message": "generated_at=2026-06-30 13:28:02 completed_passes=5088/5088 activity=slow"}
{"timestamp": 1782797312.617, "formatted_time": "2026-06-30 13:28:32", "event": "watch_tick", "message": "generated_at=2026-06-30 13:28:32 completed_passes=5088/5088 activity=slow"}
{"timestamp": 1782797342.708, "formatted_time": "2026-06-30 13:29:02", "event": "watch_tick", "message": "generated_at=2026-06-30 13:29:02 completed_passes=5088/5088 activity=slow"}
{"timestamp": 1782797372.803, "formatted_time": "2026-06-30 13:29:32", "event": "watch_tick", "message": "generated_at=2026-06-30 13:29:32 completed_passes=5088/5088 activity=slow"}
{"timestamp": 1782797402.891, "formatted_time": "2026-06-30 13:30:02", "event": "watch_tick", "message": "generated_at=2026-06-30 13:30:02 completed_passes=5088/5088 activity=slow"}
{"timestamp": 1782797432.973, "formatted_time": "2026-06-30 13:30:32", "event": "watch_tick", "message": "generated_at=2026-06-30 13:30:32 completed_passes=5088/5088 activity=slow"}
{"timestamp": 1782797463.067, "formatted_time": "2026-06-30 13:31:03", "event": "watch_tick", "message": "generated_at=2026-06-30 13:31:02 completed_passes=5088/5088 activity=slow"}
{"timestamp": 1782797493.163, "formatted_time": "2026-06-30 13:31:33", "event": "watch_tick", "message": "generated_at=2026-06-30 13:31:33 completed_passes=5088/5088 activity=slow"}
{"timestamp": 1782797523.257, "formatted_time": "2026-06-30 13:32:03", "event": "watch_tick", "message": "generated_at=2026-06-30 13:32:03 completed_passes=5088/5088 activity=slow"}
{"timestamp": 1782797553.345, "formatted_time": "2026-06-30 13:32:33", "event": "watch_tick", "message": "generated_at=2026-06-30 13:32:33 completed_passes=5088/5088 activity=slow"}
{"timestamp": 1782797583.435, "formatted_time": "2026-06-30 13:33:03", "event": "watch_tick", "message": "generated_at=2026-06-30 13:33:03 completed_passes=5088/5088 activity=slow"}
{"timestamp": 1782797613.52, "formatted_time": "2026-06-30 13:33:33", "event": "watch_tick", "message": "generated_at=2026-06-30 13:33:33 completed_passes=5088/5088 activity=quiet"}
{"timestamp": 1782797643.617, "formatted_time": "2026-06-30 13:34:03", "event": "watch_tick", "message": "generated_at=2026-06-30 13:34:03 completed_passes=5088/5088 activity=quiet"}
{"timestamp": 1782797673.709, "formatted_time": "2026-06-30 13:34:33", "event": "watch_tick", "message": "generated_at=2026-06-30 13:34:33 completed_passes=5088/5088 activity=quiet"}
{"timestamp": 1782797703.803, "formatted_time": "2026-06-30 13:35:03", "event": "watch_tick", "message": "generated_at=2026-06-30 13:35:03 completed_passes=5088/5088 activity=quiet"}
{"timestamp": 1782797733.892, "formatted_time": "2026-06-30 13:35:33", "event": "watch_tick", "message": "generated_at=2026-06-30 13:35:33 completed_passes=5088/5088 activity=quiet"}
{"timestamp": 1782797763.977, "formatted_time": "2026-06-30 13:36:03", "event": "watch_tick", "message": "generated_at=2026-06-30 13:36:03 completed_passes=5088/5088 activity=quiet"}
{"timestamp": 1782797794.045, "formatted_time": "2026-06-30 13:36:34", "event": "watch_tick", "message": "generated_at=2026-06-30 13:36:33 completed_passes=5088/5088 activity=quiet"}
{"timestamp": 1782797824.12, "formatted_time": "2026-06-30 13:37:04", "event": "watch_tick", "message": "generated_at=2026-06-30 13:37:04 completed_passes=5088/5088 activity=quiet"}
{"timestamp": 1782797854.197, "formatted_time": "2026-06-30 13:37:34", "event": "watch_tick", "message": "generated_at=2026-06-30 13:37:34 completed_passes=5088/5088 activity=quiet"}
{"timestamp": 1782797884.284, "formatted_time": "2026-06-30 13:38:04", "event": "watch_tick", "message": "generated_at=2026-06-30 13:38:04 completed_passes=5088/5088 activity=quiet"}
{"timestamp": 1782797914.359, "formatted_time": "2026-06-30 13:38:34", "event": "watch_tick", "message": "generated_at=2026-06-30 13:38:34 completed_passes=5088/5088 activity=quiet"}
{"timestamp": 1782797944.526, "formatted_time": "2026-06-30 13:39:04", "event": "watch_tick", "message": "generated_at=2026-06-30 13:39:04 completed_passes=5088/5088 activity=quiet"}
{"timestamp": 1782798088.447, "formatted_time": "2026-06-30 13:41:28", "event": "watch_tick", "message": "generated_at=2026-06-30 13:41:28 completed_passes=5088/5088 activity=quiet"}
{"timestamp": 1782798118.556, "formatted_time": "2026-06-30 13:41:58", "event": "watch_tick", "message": "generated_at=2026-06-30 13:41:58 completed_passes=5088/5088 activity=quiet"}
{"timestamp": 1782798148.669, "formatted_time": "2026-06-30 13:42:28", "event": "watch_tick", "message": "generated_at=2026-06-30 13:42:28 completed_passes=5088/5088 activity=quiet"}
{"timestamp": 1782798178.822, "formatted_time": "2026-06-30 13:42:58", "event": "watch_tick", "message": "generated_at=2026-06-30 13:42:58 completed_passes=5088/5088 activity=quiet"}
{"timestamp": 1782798208.914, "formatted_time": "2026-06-30 13:43:28", "event": "watch_tick", "message": "generated_at=2026-06-30 13:43:28 completed_passes=5088/5088 activity=quiet"}
{"timestamp": 1782798239.024, "formatted_time": "2026-06-30 13:43:59", "event": "watch_tick", "message": "generated_at=2026-06-30 13:43:58 completed_passes=5088/5088 activity=quiet"}
{"timestamp": 1782798269.211, "formatted_time": "2026-06-30 13:44:29", "event": "watch_tick", "message": "generated_at=2026-06-30 13:44:29 completed_passes=5088/5088 activity=quiet"}
{"timestamp": 1782798299.375, "formatted_time": "2026-06-30 13:44:59", "event": "watch_tick", "message": "generated_at=2026-06-30 13:44:59 completed_passes=5088/5088 activity=quiet"}
{"timestamp": 1782798329.477, "formatted_time": "2026-06-30 13:45:29", "event": "watch_tick", "message": "generated_at=2026-06-30 13:45:29 completed_passes=5088/5088 activity=quiet"}
{"timestamp": 1782798359.569, "formatted_time": "2026-06-30 13:45:59", "event": "watch_tick", "message": "generated_at=2026-06-30 13:45:59 completed_passes=5088/5088 activity=quiet"}
{"timestamp": 1782798389.656, "formatted_time": "2026-06-30 13:46:29", "event": "watch_tick", "message": "generated_at=2026-06-30 13:46:29 completed_passes=5088/5088 activity=quiet"}
{"timestamp": 1782798419.801, "formatted_time": "2026-06-30 13:46:59", "event": "watch_tick", "message": "generated_at=2026-06-30 13:46:59 completed_passes=5088/5088 activity=quiet"}
{"timestamp": 1782798450.009, "formatted_time": "2026-06-30 13:47:30", "event": "watch_tick", "message": "generated_at=2026-06-30 13:47:29 completed_passes=5088/5088 activity=quiet"}
{"timestamp": 1782798480.1, "formatted_time": "2026-06-30 13:48:00", "event": "watch_tick", "message": "generated_at=2026-06-30 13:48:00 completed_passes=5088/5088 activity=quiet"}
{"timestamp": 1782798510.199, "formatted_time": "2026-06-30 13:48:30", "event": "watch_tick", "message": "generated_at=2026-06-30 13:48:30 completed_passes=5088/5088 activity=stalled"}
{"timestamp": 1782798540.291, "formatted_time": "2026-06-30 13:49:00", "event": "watch_tick", "message": "generated_at=2026-06-30 13:49:00 completed_passes=5088/5088 activity=stalled"}
{"timestamp": 1782798570.386, "formatted_time": "2026-06-30 13:49:30", "event": "watch_tick", "message": "generated_at=2026-06-30 13:49:30 completed_passes=5088/5088 activity=stalled"}
{"timestamp": 1782798600.484, "formatted_time": "2026-06-30 13:50:00", "event": "watch_tick", "message": "generated_at=2026-06-30 13:50:00 completed_passes=5088/5088 activity=stalled"}
{"timestamp": 1782798630.579, "formatted_time": "2026-06-30 13:50:30", "event": "watch_tick", "message": "generated_at=2026-06-30 13:50:30 completed_passes=5088/5088 activity=stalled"}
{"timestamp": 1782798660.671, "formatted_time": "2026-06-30 13:51:00", "event": "watch_tick", "message": "generated_at=2026-06-30 13:51:00 completed_passes=5088/5088 activity=stalled"}
{"timestamp": 1782798690.763, "formatted_time": "2026-06-30 13:51:30", "event": "watch_tick", "message": "generated_at=2026-06-30 13:51:30 completed_passes=5088/5088 activity=stalled"}
{"timestamp": 1782798720.855, "formatted_time": "2026-06-30 13:52:00", "event": "watch_tick", "message": "generated_at=2026-06-30 13:52:00 completed_passes=5088/5088 activity=stalled"}
{"timestamp": 1782798750.948, "formatted_time": "2026-06-30 13:52:30", "event": "watch_tick", "message": "generated_at=2026-06-30 13:52:30 completed_passes=5088/5088 activity=stalled"}
{"timestamp": 1782798781.036, "formatted_time": "2026-06-30 13:53:01", "event": "watch_tick", "message": "generated_at=2026-06-30 13:53:00 completed_passes=5088/5088 activity=stalled"}
{"timestamp": 1782798811.118, "formatted_time": "2026-06-30 13:53:31", "event": "watch_tick", "message": "generated_at=2026-06-30 13:53:31 completed_passes=5088/5088 activity=stalled"}
{"timestamp": 1782798841.277, "formatted_time": "2026-06-30 13:54:01", "event": "watch_tick", "message": "generated_at=2026-06-30 13:54:01 completed_passes=5088/5088 activity=stalled"}
{"timestamp": 1782798871.361, "formatted_time": "2026-06-30 13:54:31", "event": "watch_tick", "message": "generated_at=2026-06-30 13:54:31 completed_passes=5088/5088 activity=stalled"}
{"timestamp": 1782798901.503, "formatted_time": "2026-06-30 13:55:01", "event": "watch_tick", "message": "generated_at=2026-06-30 13:55:01 completed_passes=5088/5088 activity=quiet"}
{"timestamp": 1782798931.597, "formatted_time": "2026-06-30 13:55:31", "event": "watch_tick", "message": "generated_at=2026-06-30 13:55:31 completed_passes=5088/5088 activity=quiet"}
{"timestamp": 1782798961.689, "formatted_time": "2026-06-30 13:56:01", "event": "watch_tick", "message": "generated_at=2026-06-30 13:56:01 completed_passes=5088/5088 activity=quiet"}
{"timestamp": 1782798991.793, "formatted_time": "2026-06-30 13:56:31", "event": "watch_tick", "message": "generated_at=2026-06-30 13:56:31 completed_passes=5088/5088 activity=quiet"}
{"timestamp": 1782799021.887, "formatted_time": "2026-06-30 13:57:01", "event": "watch_tick", "message": "generated_at=2026-06-30 13:57:01 completed_passes=5088/5088 activity=quiet"}
{"timestamp": 1782799051.98, "formatted_time": "2026-06-30 13:57:31", "event": "watch_tick", "message": "generated_at=2026-06-30 13:57:31 completed_passes=5088/5088 activity=quiet"}
{"timestamp": 1782799082.137, "formatted_time": "2026-06-30 13:58:02", "event": "watch_tick", "message": "generated_at=2026-06-30 13:58:01 completed_passes=5088/5088 activity=quiet"}
{"timestamp": 1782799112.236, "formatted_time": "2026-06-30 13:58:32", "event": "watch_tick", "message": "generated_at=2026-06-30 13:58:32 completed_passes=5088/5088 activity=quiet"}
{"timestamp": 1782799142.33, "formatted_time": "2026-06-30 13:59:02", "event": "watch_tick", "message": "generated_at=2026-06-30 13:59:02 completed_passes=5088/5088 activity=quiet"}
{"timestamp": 1782799172.461, "formatted_time": "2026-06-30 13:59:32", "event": "watch_tick", "message": "generated_at=2026-06-30 13:59:32 completed_passes=5088/5088 activity=quiet"}
{"timestamp": 1782799203.035, "formatted_time": "2026-06-30 14:00:03", "event": "watch_tick", "message": "generated_at=2026-06-30 14:00:02 completed_passes=5088/5088 activity=quiet"}
{"timestamp": 1782799233.197, "formatted_time": "2026-06-30 14:00:33", "event": "watch_tick", "message": "generated_at=2026-06-30 14:00:33 completed_passes=5088/5088 activity=quiet"}
{"timestamp": 1782799263.301, "formatted_time": "2026-06-30 14:01:03", "event": "watch_tick", "message": "generated_at=2026-06-30 14:01:03 completed_passes=5088/5088 activity=quiet"}
{"timestamp": 1782799293.383, "formatted_time": "2026-06-30 14:01:33", "event": "watch_tick", "message": "generated_at=2026-06-30 14:01:33 completed_passes=5088/5088 activity=quiet"}
{"timestamp": 1782799323.468, "formatted_time": "2026-06-30 14:02:03", "event": "watch_tick", "message": "generated_at=2026-06-30 14:02:03 completed_passes=5088/5088 activity=quiet"}
{"timestamp": 1782799353.656, "formatted_time": "2026-06-30 14:02:33", "event": "watch_tick", "message": "generated_at=2026-06-30 14:02:33 completed_passes=5088/5088 activity=quiet"}
{"timestamp": 1782799383.742, "formatted_time": "2026-06-30 14:03:03", "event": "watch_tick", "message": "generated_at=2026-06-30 14:03:03 completed_passes=5088/5088 activity=quiet"}
{"timestamp": 1782799413.826, "formatted_time": "2026-06-30 14:03:33", "event": "watch_tick", "message": "generated_at=2026-06-30 14:03:33 completed_passes=5088/5088 activity=quiet"}
{"timestamp": 1782799444.227, "formatted_time": "2026-06-30 14:04:04", "event": "watch_tick", "message": "generated_at=2026-06-30 14:04:03 completed_passes=5088/5088 activity=quiet"}
{"timestamp": 1782799474.368, "formatted_time": "2026-06-30 14:04:34", "event": "watch_tick", "message": "generated_at=2026-06-30 14:04:34 completed_passes=5088/5088 activity=quiet"}
{"timestamp": 1782799504.455, "formatted_time": "2026-06-30 14:05:04", "event": "watch_tick", "message": "generated_at=2026-06-30 14:05:04 completed_passes=5088/5088 activity=quiet"}
{"timestamp": 1782799534.548, "formatted_time": "2026-06-30 14:05:34", "event": "watch_tick", "message": "generated_at=2026-06-30 14:05:34 completed_passes=5088/5088 activity=quiet"}
{"timestamp": 1782799564.918, "formatted_time": "2026-06-30 14:06:04", "event": "watch_tick", "message": "generated_at=2026-06-30 14:06:04 completed_passes=5088/5088 activity=quiet"}
{"timestamp": 1782799595.095, "formatted_time": "2026-06-30 14:06:35", "event": "watch_tick", "message": "generated_at=2026-06-30 14:06:34 completed_passes=5088/5088 activity=quiet"}
{"timestamp": 1782799625.203, "formatted_time": "2026-06-30 14:07:05", "event": "watch_tick", "message": "generated_at=2026-06-30 14:07:05 completed_passes=5088/5088 activity=quiet"}
{"timestamp": 1782799655.58, "formatted_time": "2026-06-30 14:07:35", "event": "watch_tick", "message": "generated_at=2026-06-30 14:07:35 completed_passes=5088/5088 activity=quiet"}
{"timestamp": 1782799685.678, "formatted_time": "2026-06-30 14:08:05", "event": "watch_tick", "message": "generated_at=2026-06-30 14:08:05 completed_passes=5088/5088 activity=quiet"}
{"timestamp": 1782799715.853, "formatted_time": "2026-06-30 14:08:35", "event": "watch_tick", "message": "generated_at=2026-06-30 14:08:35 completed_passes=5088/5088 activity=quiet"}
{"timestamp": 1782799745.941, "formatted_time": "2026-06-30 14:09:05", "event": "watch_tick", "message": "generated_at=2026-06-30 14:09:05 completed_passes=5088/5088 activity=quiet"}
{"timestamp": 1782799776.037, "formatted_time": "2026-06-30 14:09:36", "event": "watch_tick", "message": "generated_at=2026-06-30 14:09:35 completed_passes=5088/5088 activity=quiet"}
{"timestamp": 1782799806.132, "formatted_time": "2026-06-30 14:10:06", "event": "watch_tick", "message": "generated_at=2026-06-30 14:10:06 completed_passes=5088/5088 activity=quiet"}
{"timestamp": 1782799836.312, "formatted_time": "2026-06-30 14:10:36", "event": "watch_tick", "message": "generated_at=2026-06-30 14:10:36 completed_passes=5088/5088 activity=quiet"}
{"timestamp": 1782799866.443, "formatted_time": "2026-06-30 14:11:06", "event": "watch_tick", "message": "generated_at=2026-06-30 14:11:06 completed_passes=5088/5088 activity=quiet"}
{"timestamp": 1782799896.527, "formatted_time": "2026-06-30 14:11:36", "event": "watch_tick", "message": "generated_at=2026-06-30 14:11:36 completed_passes=5088/5088 activity=quiet"}
{"timestamp": 1782799926.614, "formatted_time": "2026-06-30 14:12:06", "event": "watch_tick", "message": "generated_at=2026-06-30 14:12:06 completed_passes=5088/5088 activity=quiet"}
{"timestamp": 1782799956.695, "formatted_time": "2026-06-30 14:12:36", "event": "watch_tick", "message": "generated_at=2026-06-30 14:12:36 completed_passes=5088/5088 activity=quiet"}
{"timestamp": 1782799986.79, "formatted_time": "2026-06-30 14:13:06", "event": "watch_tick", "message": "generated_at=2026-06-30 14:13:06 completed_passes=5088/5088 activity=quiet"}
{"timestamp": 1782800017.011, "formatted_time": "2026-06-30 14:13:37", "event": "watch_tick", "message": "generated_at=2026-06-30 14:13:36 completed_passes=5088/5088 activity=quiet"}
{"timestamp": 1782800047.111, "formatted_time": "2026-06-30 14:14:07", "event": "watch_tick", "message": "generated_at=2026-06-30 14:14:07 completed_passes=5088/5088 activity=quiet"}
{"timestamp": 1782800077.193, "formatted_time": "2026-06-30 14:14:37", "event": "watch_tick", "message": "generated_at=2026-06-30 14:14:37 completed_passes=5088/5088 activity=quiet"}
{"timestamp": 1782800107.283, "formatted_time": "2026-06-30 14:15:07", "event": "watch_tick", "message": "generated_at=2026-06-30 14:15:07 completed_passes=5088/5088 activity=quiet"}
{"timestamp": 1782800137.382, "formatted_time": "2026-06-30 14:15:37", "event": "watch_tick", "message": "generated_at=2026-06-30 14:15:37 completed_passes=5088/5088 activity=quiet"}
{"timestamp": 1782800167.487, "formatted_time": "2026-06-30 14:16:07", "event": "watch_tick", "message": "generated_at=2026-06-30 14:16:07 completed_passes=5088/5088 activity=quiet"}
{"timestamp": 1782800197.573, "formatted_time": "2026-06-30 14:16:37", "event": "watch_tick", "message": "generated_at=2026-06-30 14:16:37 completed_passes=5088/5088 activity=quiet"}
{"timestamp": 1782800227.684, "formatted_time": "2026-06-30 14:17:07", "event": "watch_tick", "message": "generated_at=2026-06-30 14:17:07 completed_passes=5088/5088 activity=quiet"}
{"timestamp": 1782800257.809, "formatted_time": "2026-06-30 14:17:37", "event": "watch_tick", "message": "generated_at=2026-06-30 14:17:37 completed_passes=5088/5088 activity=quiet"}
{"timestamp": 1782800287.894, "formatted_time": "2026-06-30 14:18:07", "event": "watch_tick", "message": "generated_at=2026-06-30 14:18:07 completed_passes=5088/5088 activity=quiet"}
{"timestamp": 1782800318.369, "formatted_time": "2026-06-30 14:18:38", "event": "watch_tick", "message": "generated_at=2026-06-30 14:18:37 completed_passes=5088/5088 activity=quiet"}
{"timestamp": 1782800348.459, "formatted_time": "2026-06-30 14:19:08", "event": "watch_tick", "message": "generated_at=2026-06-30 14:19:08 completed_passes=5088/5088 activity=quiet"}
{"timestamp": 1782800378.542, "formatted_time": "2026-06-30 14:19:38", "event": "watch_tick", "message": "generated_at=2026-06-30 14:19:38 completed_passes=5088/5088 activity=quiet"}
{"timestamp": 1782800408.72, "formatted_time": "2026-06-30 14:20:08", "event": "watch_tick", "message": "generated_at=2026-06-30 14:20:08 completed_passes=5088/5088 activity=quiet"}
{"timestamp": 1782800439.197, "formatted_time": "2026-06-30 14:20:39", "event": "watch_tick", "message": "generated_at=2026-06-30 14:20:38 completed_passes=5088/5088 activity=quiet"}
{"timestamp": 1782800469.281, "formatted_time": "2026-06-30 14:21:09", "event": "watch_tick", "message": "generated_at=2026-06-30 14:21:09 completed_passes=5088/5088 activity=quiet"}
{"timestamp": 1782800499.368, "formatted_time": "2026-06-30 14:21:39", "event": "watch_tick", "message": "generated_at=2026-06-30 14:21:39 completed_passes=5088/5088 activity=quiet"}
{"timestamp": 1782800529.45, "formatted_time": "2026-06-30 14:22:09", "event": "watch_tick", "message": "generated_at=2026-06-30 14:22:09 completed_passes=5088/5088 activity=quiet"}
{"timestamp": 1782800559.535, "formatted_time": "2026-06-30 14:22:39", "event": "watch_tick", "message": "generated_at=2026-06-30 14:22:39 completed_passes=5088/5088 activity=quiet"}
{"timestamp": 1782800589.636, "formatted_time": "2026-06-30 14:23:09", "event": "watch_tick", "message": "generated_at=2026-06-30 14:23:09 completed_passes=5088/5088 activity=quiet"}
{"timestamp": 1782800619.738, "formatted_time": "2026-06-30 14:23:39", "event": "watch_tick", "message": "generated_at=2026-06-30 14:23:39 completed_passes=5088/5088 activity=quiet"}
{"timestamp": 1782800649.836, "formatted_time": "2026-06-30 14:24:09", "event": "watch_tick", "message": "generated_at=2026-06-30 14:24:09 completed_passes=5088/5088 activity=quiet"}
{"timestamp": 1782800679.963, "formatted_time": "2026-06-30 14:24:39", "event": "watch_tick", "message": "generated_at=2026-06-30 14:24:39 completed_passes=5088/5088 activity=quiet"}
{"timestamp": 1782800710.059, "formatted_time": "2026-06-30 14:25:10", "event": "watch_tick", "message": "generated_at=2026-06-30 14:25:09 completed_passes=5088/5088 activity=stalled"}
{"timestamp": 1782800740.173, "formatted_time": "2026-06-30 14:25:40", "event": "watch_tick", "message": "generated_at=2026-06-30 14:25:40 completed_passes=5088/5088 activity=stalled"}
{"timestamp": 1782800770.271, "formatted_time": "2026-06-30 14:26:10", "event": "watch_tick", "message": "generated_at=2026-06-30 14:26:10 completed_passes=5088/5088 activity=stalled"}
{"timestamp": 1782800800.359, "formatted_time": "2026-06-30 14:26:40", "event": "watch_tick", "message": "generated_at=2026-06-30 14:26:40 completed_passes=5088/5088 activity=stalled"}
{"timestamp": 1782800830.445, "formatted_time": "2026-06-30 14:27:10", "event": "watch_tick", "message": "generated_at=2026-06-30 14:27:10 completed_passes=5088/5088 activity=stalled"}
{"timestamp": 1782800860.525, "formatted_time": "2026-06-30 14:27:40", "event": "watch_tick", "message": "generated_at=2026-06-30 14:27:40 completed_passes=5088/5088 activity=stalled"}
{"timestamp": 1782800890.607, "formatted_time": "2026-06-30 14:28:10", "event": "watch_tick", "message": "generated_at=2026-06-30 14:28:10 completed_passes=5088/5088 activity=stalled"}
{"timestamp": 1782800920.692, "formatted_time": "2026-06-30 14:28:40", "event": "watch_tick", "message": "generated_at=2026-06-30 14:28:40 completed_passes=5088/5088 activity=stalled"}
{"timestamp": 1782800950.78, "formatted_time": "2026-06-30 14:29:10", "event": "watch_tick", "message": "generated_at=2026-06-30 14:29:10 completed_passes=5088/5088 activity=stalled"}
{"timestamp": 1782800981.475, "formatted_time": "2026-06-30 14:29:41", "event": "watch_tick", "message": "generated_at=2026-06-30 14:29:40 completed_passes=5088/5088 activity=stalled"}
{"timestamp": 1782801011.978, "formatted_time": "2026-06-30 14:30:11", "event": "watch_tick", "message": "generated_at=2026-06-30 14:30:11 completed_passes=5088/5088 activity=stalled"}
{"timestamp": 1782801042.369, "formatted_time": "2026-06-30 14:30:42", "event": "watch_tick", "message": "generated_at=2026-06-30 14:30:41 completed_passes=5088/5088 activity=stalled"}
{"timestamp": 1782801072.453, "formatted_time": "2026-06-30 14:31:12", "event": "watch_tick", "message": "generated_at=2026-06-30 14:31:12 completed_passes=5088/5088 activity=stalled"}
{"timestamp": 1782801102.536, "formatted_time": "2026-06-30 14:31:42", "event": "watch_tick", "message": "generated_at=2026-06-30 14:31:42 completed_passes=5088/5088 activity=stalled"}
{"timestamp": 1782801132.621, "formatted_time": "2026-06-30 14:32:12", "event": "watch_tick", "message": "generated_at=2026-06-30 14:32:12 completed_passes=5088/5088 activity=stalled"}
{"timestamp": 1782801162.701, "formatted_time": "2026-06-30 14:32:42", "event": "watch_tick", "message": "generated_at=2026-06-30 14:32:42 completed_passes=5088/5088 activity=stalled"}
{"timestamp": 1782801192.818, "formatted_time": "2026-06-30 14:33:12", "event": "watch_tick", "message": "generated_at=2026-06-30 14:33:12 completed_passes=5088/5088 activity=stalled"}
{"timestamp": 1782801222.94, "formatted_time": "2026-06-30 14:33:42", "event": "watch_tick", "message": "generated_at=2026-06-30 14:33:42 completed_passes=5088/5088 activity=stalled"}
{"timestamp": 1782801253.024, "formatted_time": "2026-06-30 14:34:13", "event": "watch_tick", "message": "generated_at=2026-06-30 14:34:12 completed_passes=5088/5088 activity=stalled"}
{"timestamp": 1782801283.111, "formatted_time": "2026-06-30 14:34:43", "event": "watch_tick", "message": "generated_at=2026-06-30 14:34:43 completed_passes=5088/5088 activity=stalled"}
{"timestamp": 1782801313.231, "formatted_time": "2026-06-30 14:35:13", "event": "watch_tick", "message": "generated_at=2026-06-30 14:35:13 completed_passes=5088/5088 activity=stalled"}
{"timestamp": 1782801343.371, "formatted_time": "2026-06-30 14:35:43", "event": "watch_tick", "message": "generated_at=2026-06-30 14:35:43 completed_passes=5088/5088 activity=stalled"}
{"timestamp": 1782801373.458, "formatted_time": "2026-06-30 14:36:13", "event": "watch_tick", "message": "generated_at=2026-06-30 14:36:13 completed_passes=5088/5088 activity=stalled"}
{"timestamp": 1782801403.568, "formatted_time": "2026-06-30 14:36:43", "event": "watch_tick", "message": "generated_at=2026-06-30 14:36:43 completed_passes=5088/5088 activity=stalled"}
{"timestamp": 1782801433.65, "formatted_time": "2026-06-30 14:37:13", "event": "watch_tick", "message": "generated_at=2026-06-30 14:37:13 completed_passes=5088/5088 activity=stalled"}
{"timestamp": 1782801463.744, "formatted_time": "2026-06-30 14:37:43", "event": "watch_tick", "message": "generated_at=2026-06-30 14:37:43 completed_passes=5088/5088 activity=stalled"}
{"timestamp": 1782801493.83, "formatted_time": "2026-06-30 14:38:13", "event": "watch_tick", "message": "generated_at=2026-06-30 14:38:13 completed_passes=5088/5088 activity=stalled"}
{"timestamp": 1782801523.914, "formatted_time": "2026-06-30 14:38:43", "event": "watch_tick", "message": "generated_at=2026-06-30 14:38:43 completed_passes=5088/5088 activity=stalled"}
{"timestamp": 1782801553.992, "formatted_time": "2026-06-30 14:39:13", "event": "watch_tick", "message": "generated_at=2026-06-30 14:39:13 completed_passes=5088/5088 activity=stalled"}
{"timestamp": 1782801584.071, "formatted_time": "2026-06-30 14:39:44", "event": "watch_tick", "message": "generated_at=2026-06-30 14:39:43 completed_passes=5088/5088 activity=stalled"}
{"timestamp": 1782801614.191, "formatted_time": "2026-06-30 14:40:14", "event": "watch_tick", "message": "generated_at=2026-06-30 14:40:14 completed_passes=5088/5088 activity=stalled"}
{"timestamp": 1782801644.304, "formatted_time": "2026-06-30 14:40:44", "event": "watch_tick", "message": "generated_at=2026-06-30 14:40:44 completed_passes=5088/5088 activity=stalled"}
{"timestamp": 1782801674.414, "formatted_time": "2026-06-30 14:41:14", "event": "watch_tick", "message": "generated_at=2026-06-30 14:41:14 completed_passes=5088/5088 activity=stalled"}
{"timestamp": 1782801704.518, "formatted_time": "2026-06-30 14:41:44", "event": "watch_tick", "message": "generated_at=2026-06-30 14:41:44 completed_passes=5088/5088 activity=stalled"}
{"timestamp": 1782801734.607, "formatted_time": "2026-06-30 14:42:14", "event": "watch_tick", "message": "generated_at=2026-06-30 14:42:14 completed_passes=5088/5088 activity=stalled"}
{"timestamp": 1782801764.7, "formatted_time": "2026-06-30 14:42:44", "event": "watch_tick", "message": "generated_at=2026-06-30 14:42:44 completed_passes=5088/5088 activity=stalled"}
{"timestamp": 1782801794.783, "formatted_time": "2026-06-30 14:43:14", "event": "watch_tick", "message": "generated_at=2026-06-30 14:43:14 completed_passes=5088/5088 activity=stalled"}
{"timestamp": 1782801824.868, "formatted_time": "2026-06-30 14:43:44", "event": "watch_tick", "message": "generated_at=2026-06-30 14:43:44 completed_passes=5088/5088 activity=stalled"}
{"timestamp": 1782801854.993, "formatted_time": "2026-06-30 14:44:14", "event": "watch_tick", "message": "generated_at=2026-06-30 14:44:14 completed_passes=5088/5088 activity=stalled"}
{"timestamp": 1782801885.086, "formatted_time": "2026-06-30 14:44:45", "event": "watch_tick", "message": "generated_at=2026-06-30 14:44:44 completed_passes=5088/5088 activity=stalled"}
{"timestamp": 1782801915.173, "formatted_time": "2026-06-30 14:45:15", "event": "watch_tick", "message": "generated_at=2026-06-30 14:45:15 completed_passes=5088/5088 activity=stalled"}
{"timestamp": 1782801945.295, "formatted_time": "2026-06-30 14:45:45", "event": "watch_tick", "message": "generated_at=2026-06-30 14:45:45 completed_passes=5088/5088 activity=stalled"}
{"timestamp": 1782801975.388, "formatted_time": "2026-06-30 14:46:15", "event": "watch_tick", "message": "generated_at=2026-06-30 14:46:15 completed_passes=5088/5088 activity=stalled"}
{"timestamp": 1782802005.473, "formatted_time": "2026-06-30 14:46:45", "event": "watch_tick", "message": "generated_at=2026-06-30 14:46:45 completed_passes=5088/5088 activity=stalled"}
{"timestamp": 1782802035.587, "formatted_time": "2026-06-30 14:47:15", "event": "watch_tick", "message": "generated_at=2026-06-30 14:47:15 completed_passes=5088/5088 activity=stalled"}
{"timestamp": 1782802065.719, "formatted_time": "2026-06-30 14:47:45", "event": "watch_tick", "message": "generated_at=2026-06-30 14:47:45 completed_passes=5088/5088 activity=stalled"}
{"timestamp": 1782802095.803, "formatted_time": "2026-06-30 14:48:15", "event": "watch_tick", "message": "generated_at=2026-06-30 14:48:15 completed_passes=5088/5088 activity=stalled"}
{"timestamp": 1782802125.884, "formatted_time": "2026-06-30 14:48:45", "event": "watch_tick", "message": "generated_at=2026-06-30 14:48:45 completed_passes=5088/5088 activity=stalled"}
{"timestamp": 1782802155.969, "formatted_time": "2026-06-30 14:49:15", "event": "watch_tick", "message": "generated_at=2026-06-30 14:49:15 completed_passes=5088/5088 activity=stalled"}
{"timestamp": 1782802186.047, "formatted_time": "2026-06-30 14:49:46", "event": "watch_tick", "message": "generated_at=2026-06-30 14:49:45 completed_passes=5088/5088 activity=stalled"}
{"timestamp": 1782802216.147, "formatted_time": "2026-06-30 14:50:16", "event": "watch_tick", "message": "generated_at=2026-06-30 14:50:16 completed_passes=5088/5088 activity=stalled"}
{"timestamp": 1782802246.23, "formatted_time": "2026-06-30 14:50:46", "event": "watch_tick", "message": "generated_at=2026-06-30 14:50:46 completed_passes=5088/5088 activity=stalled"}
{"timestamp": 1782802276.313, "formatted_time": "2026-06-30 14:51:16", "event": "watch_tick", "message": "generated_at=2026-06-30 14:51:16 completed_passes=5088/5088 activity=stalled"}
{"timestamp": 1782802306.398, "formatted_time": "2026-06-30 14:51:46", "event": "watch_tick", "message": "generated_at=2026-06-30 14:51:46 completed_passes=5088/5088 activity=stalled"}
{"timestamp": 1782802336.543, "formatted_time": "2026-06-30 14:52:16", "event": "watch_tick", "message": "generated_at=2026-06-30 14:52:16 completed_passes=5088/5088 activity=stalled"}
{"timestamp": 1782802366.625, "formatted_time": "2026-06-30 14:52:46", "event": "watch_tick", "message": "generated_at=2026-06-30 14:52:46 completed_passes=5088/5088 activity=stalled"}
{"timestamp": 1782802396.707, "formatted_time": "2026-06-30 14:53:16", "event": "watch_tick", "message": "generated_at=2026-06-30 14:53:16 completed_passes=5088/5088 activity=stalled"}
{"timestamp": 1782802426.793, "formatted_time": "2026-06-30 14:53:46", "event": "watch_tick", "message": "generated_at=2026-06-30 14:53:46 completed_passes=5088/5088 activity=stalled"}
{"timestamp": 1782802456.881, "formatted_time": "2026-06-30 14:54:16", "event": "watch_tick", "message": "generated_at=2026-06-30 14:54:16 completed_passes=5088/5088 activity=stalled"}
{"timestamp": 1782802486.966, "formatted_time": "2026-06-30 14:54:46", "event": "watch_tick", "message": "generated_at=2026-06-30 14:54:46 completed_passes=5088/5088 activity=stalled"}
{"timestamp": 1782802517.083, "formatted_time": "2026-06-30 14:55:17", "event": "watch_tick", "message": "generated_at=2026-06-30 14:55:16 completed_passes=5088/5088 activity=stalled"}
{"timestamp": 1782802547.172, "formatted_time": "2026-06-30 14:55:47", "event": "watch_tick", "message": "generated_at=2026-06-30 14:55:47 completed_passes=5088/5088 activity=stalled"}
{"timestamp": 1782802577.257, "formatted_time": "2026-06-30 14:56:17", "event": "watch_tick", "message": "generated_at=2026-06-30 14:56:17 completed_passes=5088/5088 activity=stalled"}
{"timestamp": 1782802607.343, "formatted_time": "2026-06-30 14:56:47", "event": "watch_tick", "message": "generated_at=2026-06-30 14:56:47 completed_passes=5088/5088 activity=stalled"}
{"timestamp": 1782802637.425, "formatted_time": "2026-06-30 14:57:17", "event": "watch_tick", "message": "generated_at=2026-06-30 14:57:17 completed_passes=5088/5088 activity=stalled"}
{"timestamp": 1782802667.578, "formatted_time": "2026-06-30 14:57:47", "event": "watch_tick", "message": "generated_at=2026-06-30 14:57:47 completed_passes=5088/5088 activity=stalled"}
{"timestamp": 1782802697.66, "formatted_time": "2026-06-30 14:58:17", "event": "watch_tick", "message": "generated_at=2026-06-30 14:58:17 completed_passes=5088/5088 activity=stalled"}
{"timestamp": 1782802727.76, "formatted_time": "2026-06-30 14:58:47", "event": "watch_tick", "message": "generated_at=2026-06-30 14:58:47 completed_passes=5088/5088 activity=stalled"}
{"timestamp": 1782802757.841, "formatted_time": "2026-06-30 14:59:17", "event": "watch_tick", "message": "generated_at=2026-06-30 14:59:17 completed_passes=5088/5088 activity=stalled"}
{"timestamp": 1782802787.924, "formatted_time": "2026-06-30 14:59:47", "event": "watch_tick", "message": "generated_at=2026-06-30 14:59:47 completed_passes=5088/5088 activity=stalled"}
{"timestamp": 1782802818.007, "formatted_time": "2026-06-30 15:00:18", "event": "watch_tick", "message": "generated_at=2026-06-30 15:00:17 completed_passes=5088/5088 activity=stalled"}
{"timestamp": 1782802848.098, "formatted_time": "2026-06-30 15:00:48", "event": "watch_tick", "message": "generated_at=2026-06-30 15:00:48 completed_passes=5088/5088 activity=stalled"}
{"timestamp": 1782802878.182, "formatted_time": "2026-06-30 15:01:18", "event": "watch_tick", "message": "generated_at=2026-06-30 15:01:18 completed_passes=5088/5088 activity=stalled"}
{"timestamp": 1782802908.274, "formatted_time": "2026-06-30 15:01:48", "event": "watch_tick", "message": "generated_at=2026-06-30 15:01:48 completed_passes=5088/5088 activity=stalled"}
{"timestamp": 1782803011.972, "formatted_time": "2026-06-30 15:03:31", "event": "watch_tick", "message": "generated_at=2026-06-30 15:03:31 completed_passes=5088/5088 activity=stalled"}
{"timestamp": 1782803042.059, "formatted_time": "2026-06-30 15:04:02", "event": "watch_tick", "message": "generated_at=2026-06-30 15:04:01 completed_passes=5088/5088 activity=stalled"}
{"timestamp": 1782803072.138, "formatted_time": "2026-06-30 15:04:32", "event": "watch_tick", "message": "generated_at=2026-06-30 15:04:32 completed_passes=5088/5088 activity=stalled"}
{"timestamp": 1782803102.234, "formatted_time": "2026-06-30 15:05:02", "event": "watch_tick", "message": "generated_at=2026-06-30 15:05:02 completed_passes=5088/5088 activity=stalled"}
{"timestamp": 1782803132.327, "formatted_time": "2026-06-30 15:05:32", "event": "watch_tick", "message": "generated_at=2026-06-30 15:05:32 completed_passes=5088/5088 activity=stalled"}
{"timestamp": 1782803162.412, "formatted_time": "2026-06-30 15:06:02", "event": "watch_tick", "message": "generated_at=2026-06-30 15:06:02 completed_passes=5088/5088 activity=stalled"}
{"timestamp": 1782803192.495, "formatted_time": "2026-06-30 15:06:32", "event": "watch_tick", "message": "generated_at=2026-06-30 15:06:32 completed_passes=5088/5088 activity=stalled"}
{"timestamp": 1782803222.607, "formatted_time": "2026-06-30 15:07:02", "event": "watch_tick", "message": "generated_at=2026-06-30 15:07:02 completed_passes=5088/5088 activity=stalled"}
{"timestamp": 1782803252.72, "formatted_time": "2026-06-30 15:07:32", "event": "watch_tick", "message": "generated_at=2026-06-30 15:07:32 completed_passes=5088/5088 activity=stalled"}
{"timestamp": 1782803282.815, "formatted_time": "2026-06-30 15:08:02", "event": "watch_tick", "message": "generated_at=2026-06-30 15:08:02 completed_passes=5088/5088 activity=stalled"}
{"timestamp": 1782803312.963, "formatted_time": "2026-06-30 15:08:32", "event": "watch_tick", "message": "generated_at=2026-06-30 15:08:32 completed_passes=5088/5088 activity=stalled"}
{"timestamp": 1782803343.046, "formatted_time": "2026-06-30 15:09:03", "event": "watch_tick", "message": "generated_at=2026-06-30 15:09:02 completed_passes=5088/5088 activity=stalled"}
{"timestamp": 1782803373.164, "formatted_time": "2026-06-30 15:09:33", "event": "watch_tick", "message": "generated_at=2026-06-30 15:09:33 completed_passes=5088/5088 activity=stalled"}
{"timestamp": 1782803403.249, "formatted_time": "2026-06-30 15:10:03", "event": "watch_tick", "message": "generated_at=2026-06-30 15:10:03 completed_passes=5088/5088 activity=stalled"}
{"timestamp": 1782803433.325, "formatted_time": "2026-06-30 15:10:33", "event": "watch_tick", "message": "generated_at=2026-06-30 15:10:33 completed_passes=5088/5088 activity=stalled"}
{"timestamp": 1782803463.408, "formatted_time": "2026-06-30 15:11:03", "event": "watch_tick", "message": "generated_at=2026-06-30 15:11:03 completed_passes=5088/5088 activity=stalled"}
{"timestamp": 1782803493.489, "formatted_time": "2026-06-30 15:11:33", "event": "watch_tick", "message": "generated_at=2026-06-30 15:11:33 completed_passes=5088/5088 activity=stalled"}
{"timestamp": 1782803523.571, "formatted_time": "2026-06-30 15:12:03", "event": "watch_tick", "message": "generated_at=2026-06-30 15:12:03 completed_passes=5088/5088 activity=stalled"}
{"timestamp": 1782803553.884, "formatted_time": "2026-06-30 15:12:33", "event": "watch_tick", "message": "generated_at=2026-06-30 15:12:33 completed_passes=5088/5088 activity=stalled"}
{"timestamp": 1782803583.952, "formatted_time": "2026-06-30 15:13:03", "event": "watch_tick", "message": "generated_at=2026-06-30 15:13:03 completed_passes=5088/5088 activity=stalled"}
{"timestamp": 1782803614.031, "formatted_time": "2026-06-30 15:13:34", "event": "watch_tick", "message": "generated_at=2026-06-30 15:13:33 completed_passes=5088/5088 activity=stalled"}
{"timestamp": 1782803644.109, "formatted_time": "2026-06-30 15:14:04", "event": "watch_tick", "message": "generated_at=2026-06-30 15:14:04 completed_passes=5088/5088 activity=stalled"}
{"timestamp": 1782803674.577, "formatted_time": "2026-06-30 15:14:34", "event": "watch_tick", "message": "generated_at=2026-06-30 15:14:34 completed_passes=5088/5088 activity=stalled"}
{"timestamp": 1782803704.653, "formatted_time": "2026-06-30 15:15:04", "event": "watch_tick", "message": "generated_at=2026-06-30 15:15:04 completed_passes=5088/5088 activity=stalled"}
{"timestamp": 1782803734.736, "formatted_time": "2026-06-30 15:15:34", "event": "watch_tick", "message": "generated_at=2026-06-30 15:15:34 completed_passes=5088/5088 activity=stalled"}
{"timestamp": 1782803764.811, "formatted_time": "2026-06-30 15:16:04", "event": "watch_tick", "message": "generated_at=2026-06-30 15:16:04 completed_passes=5088/5088 activity=stalled"}
{"timestamp": 1782803794.879, "formatted_time": "2026-06-30 15:16:34", "event": "watch_tick", "message": "generated_at=2026-06-30 15:16:34 completed_passes=5088/5088 activity=stalled"}
{"timestamp": 1782803824.946, "formatted_time": "2026-06-30 15:17:04", "event": "watch_tick", "message": "generated_at=2026-06-30 15:17:04 completed_passes=5088/5088 activity=stalled"}
{"timestamp": 1782803855.014, "formatted_time": "2026-06-30 15:17:35", "event": "watch_tick", "message": "generated_at=2026-06-30 15:17:34 completed_passes=5088/5088 activity=stalled"}
{"timestamp": 1782803885.082, "formatted_time": "2026-06-30 15:18:05", "event": "watch_tick", "message": "generated_at=2026-06-30 15:18:05 completed_passes=5088/5088 activity=stalled"}
{"timestamp": 1782803915.151, "formatted_time": "2026-06-30 15:18:35", "event": "watch_tick", "message": "generated_at=2026-06-30 15:18:35 completed_passes=5088/5088 activity=stalled"}
{"timestamp": 1782803945.221, "formatted_time": "2026-06-30 15:19:05", "event": "watch_tick", "message": "generated_at=2026-06-30 15:19:05 completed_passes=5088/5088 activity=stalled"}
{"timestamp": 1782803975.291, "formatted_time": "2026-06-30 15:19:35", "event": "watch_tick", "message": "generated_at=2026-06-30 15:19:35 completed_passes=5088/5088 activity=stalled"}
{"timestamp": 1782804005.36, "formatted_time": "2026-06-30 15:20:05", "event": "watch_tick", "message": "generated_at=2026-06-30 15:20:05 completed_passes=5088/5088 activity=stalled"}
{"timestamp": 1782804035.463, "formatted_time": "2026-06-30 15:20:35", "event": "watch_tick", "message": "generated_at=2026-06-30 15:20:35 completed_passes=5088/5088 activity=stalled"}
{"timestamp": 1782804065.536, "formatted_time": "2026-06-30 15:21:05", "event": "watch_tick", "message": "generated_at=2026-06-30 15:21:05 completed_passes=5088/5088 activity=stalled"}
{"timestamp": 1782804095.611, "formatted_time": "2026-06-30 15:21:35", "event": "watch_tick", "message": "generated_at=2026-06-30 15:21:35 completed_passes=5088/5088 activity=stalled"}
{"timestamp": 1782804125.693, "formatted_time": "2026-06-30 15:22:05", "event": "watch_tick", "message": "generated_at=2026-06-30 15:22:05 completed_passes=5088/5088 activity=stalled"}
{"timestamp": 1782804155.763, "formatted_time": "2026-06-30 15:22:35", "event": "watch_tick", "message": "generated_at=2026-06-30 15:22:35 completed_passes=5088/5088 activity=stalled"}
{"timestamp": 1782804186.072, "formatted_time": "2026-06-30 15:23:06", "event": "watch_tick", "message": "generated_at=2026-06-30 15:23:05 completed_passes=5088/5088 activity=stalled"}
{"timestamp": 1782804216.149, "formatted_time": "2026-06-30 15:23:36", "event": "watch_tick", "message": "generated_at=2026-06-30 15:23:36 completed_passes=5088/5088 activity=stalled"}
{"timestamp": 1782804246.227, "formatted_time": "2026-06-30 15:24:06", "event": "watch_tick", "message": "generated_at=2026-06-30 15:24:06 completed_passes=5088/5088 activity=stalled"}
{"timestamp": 1782804276.301, "formatted_time": "2026-06-30 15:24:36", "event": "watch_tick", "message": "generated_at=2026-06-30 15:24:36 completed_passes=5088/5088 activity=stalled"}
{"timestamp": 1782804306.377, "formatted_time": "2026-06-30 15:25:06", "event": "watch_tick", "message": "generated_at=2026-06-30 15:25:06 completed_passes=5088/5088 activity=stalled"}
{"timestamp": 1782804336.452, "formatted_time": "2026-06-30 15:25:36", "event": "watch_tick", "message": "generated_at=2026-06-30 15:25:36 completed_passes=5088/5088 activity=stalled"}
{"timestamp": 1782804366.53, "formatted_time": "2026-06-30 15:26:06", "event": "watch_tick", "message": "generated_at=2026-06-30 15:26:06 completed_passes=5088/5088 activity=stalled"}
{"timestamp": 1782804396.624, "formatted_time": "2026-06-30 15:26:36", "event": "watch_tick", "message": "generated_at=2026-06-30 15:26:36 completed_passes=5088/5088 activity=stalled"}
{"timestamp": 1782804426.705, "formatted_time": "2026-06-30 15:27:06", "event": "watch_tick", "message": "generated_at=2026-06-30 15:27:06 completed_passes=5088/5088 activity=stalled"}
{"timestamp": 1782804456.783, "formatted_time": "2026-06-30 15:27:36", "event": "watch_tick", "message": "generated_at=2026-06-30 15:27:36 completed_passes=5088/5088 activity=stalled"}
{"timestamp": 1782804486.855, "formatted_time": "2026-06-30 15:28:06", "event": "watch_tick", "message": "generated_at=2026-06-30 15:28:06 completed_passes=5088/5088 activity=stalled"}
{"timestamp": 1782804516.934, "formatted_time": "2026-06-30 15:28:36", "event": "watch_tick", "message": "generated_at=2026-06-30 15:28:36 completed_passes=5088/5088 activity=stalled"}
{"timestamp": 1782804547.019, "formatted_time": "2026-06-30 15:29:07", "event": "watch_tick", "message": "generated_at=2026-06-30 15:29:06 completed_passes=5088/5088 activity=stalled"}
{"timestamp": 1782804577.095, "formatted_time": "2026-06-30 15:29:37", "event": "watch_tick", "message": "generated_at=2026-06-30 15:29:37 completed_passes=5088/5088 activity=stalled"}
{"timestamp": 1782804607.164, "formatted_time": "2026-06-30 15:30:07", "event": "watch_tick", "message": "generated_at=2026-06-30 15:30:07 completed_passes=5088/5088 activity=stalled"}
{"timestamp": 1782804637.236, "formatted_time": "2026-06-30 15:30:37", "event": "watch_tick", "message": "generated_at=2026-06-30 15:30:37 completed_passes=5088/5088 activity=stalled"}
{"timestamp": 1782804667.31, "formatted_time": "2026-06-30 15:31:07", "event": "watch_tick", "message": "generated_at=2026-06-30 15:31:07 completed_passes=5088/5088 activity=stalled"}
{"timestamp": 1782804697.388, "formatted_time": "2026-06-30 15:31:37", "event": "watch_tick", "message": "generated_at=2026-06-30 15:31:37 completed_passes=5088/5088 activity=stalled"}
{"timestamp": 1782804727.466, "formatted_time": "2026-06-30 15:32:07", "event": "watch_tick", "message": "generated_at=2026-06-30 15:32:07 completed_passes=5088/5088 activity=stalled"}
{"timestamp": 1782804757.546, "formatted_time": "2026-06-30 15:32:37", "event": "watch_tick", "message": "generated_at=2026-06-30 15:32:37 completed_passes=5088/5088 activity=stalled"}
{"timestamp": 1782804787.631, "formatted_time": "2026-06-30 15:33:07", "event": "watch_tick", "message": "generated_at=2026-06-30 15:33:07 completed_passes=5088/5088 activity=stalled"}
{"timestamp": 1782804817.708, "formatted_time": "2026-06-30 15:33:37", "event": "watch_tick", "message": "generated_at=2026-06-30 15:33:37 completed_passes=5088/5088 activity=stalled"}
{"timestamp": 1782804847.794, "formatted_time": "2026-06-30 15:34:07", "event": "watch_tick", "message": "generated_at=2026-06-30 15:34:07 completed_passes=5088/5088 activity=stalled"}
{"timestamp": 1782804877.876, "formatted_time": "2026-06-30 15:34:37", "event": "watch_tick", "message": "generated_at=2026-06-30 15:34:37 completed_passes=5088/5088 activity=stalled"}
{"timestamp": 1782804907.951, "formatted_time": "2026-06-30 15:35:07", "event": "watch_tick", "message": "generated_at=2026-06-30 15:35:07 completed_passes=5088/5088 activity=stalled"}
{"timestamp": 1782804938.103, "formatted_time": "2026-06-30 15:35:38", "event": "watch_tick", "message": "generated_at=2026-06-30 15:35:37 completed_passes=5088/5088 activity=stalled"}
{"timestamp": 1782804968.179, "formatted_time": "2026-06-30 15:36:08", "event": "watch_tick", "message": "generated_at=2026-06-30 15:36:08 completed_passes=5088/5088 activity=stalled"}
{"timestamp": 1782804998.264, "formatted_time": "2026-06-30 15:36:38", "event": "watch_tick", "message": "generated_at=2026-06-30 15:36:38 completed_passes=5088/5088 activity=stalled"}
{"timestamp": 1782805028.348, "formatted_time": "2026-06-30 15:37:08", "event": "watch_tick", "message": "generated_at=2026-06-30 15:37:08 completed_passes=5088/5088 activity=stalled"}
{"timestamp": 1782805058.423, "formatted_time": "2026-06-30 15:37:38", "event": "watch_tick", "message": "generated_at=2026-06-30 15:37:38 completed_passes=5088/5088 activity=stalled"}
{"timestamp": 1782805088.499, "formatted_time": "2026-06-30 15:38:08", "event": "watch_tick", "message": "generated_at=2026-06-30 15:38:08 completed_passes=5088/5088 activity=stalled"}
{"timestamp": 1782805118.575, "formatted_time": "2026-06-30 15:38:38", "event": "watch_tick", "message": "generated_at=2026-06-30 15:38:38 completed_passes=5088/5088 activity=stalled"}
{"timestamp": 1782805148.652, "formatted_time": "2026-06-30 15:39:08", "event": "watch_tick", "message": "generated_at=2026-06-30 15:39:08 completed_passes=5088/5088 activity=stalled"}
{"timestamp": 1782805178.726, "formatted_time": "2026-06-30 15:39:38", "event": "watch_tick", "message": "generated_at=2026-06-30 15:39:38 completed_passes=5088/5088 activity=stalled"}
{"timestamp": 1782805208.801, "formatted_time": "2026-06-30 15:40:08", "event": "watch_tick", "message": "generated_at=2026-06-30 15:40:08 completed_passes=5088/5088 activity=stalled"}
{"timestamp": 1782805238.877, "formatted_time": "2026-06-30 15:40:38", "event": "watch_tick", "message": "generated_at=2026-06-30 15:40:38 completed_passes=5088/5088 activity=stalled"}
{"timestamp": 1782805268.956, "formatted_time": "2026-06-30 15:41:08", "event": "watch_tick", "message": "generated_at=2026-06-30 15:41:08 completed_passes=5088/5088 activity=stalled"}
{"timestamp": 1782805299.029, "formatted_time": "2026-06-30 15:41:39", "event": "watch_tick", "message": "generated_at=2026-06-30 15:41:38 completed_passes=5088/5088 activity=stalled"}
{"timestamp": 1782805329.103, "formatted_time": "2026-06-30 15:42:09", "event": "watch_tick", "message": "generated_at=2026-06-30 15:42:09 completed_passes=5088/5088 activity=stalled"}
{"timestamp": 1782805359.198, "formatted_time": "2026-06-30 15:42:39", "event": "watch_tick", "message": "generated_at=2026-06-30 15:42:39 completed_passes=5088/5088 activity=stalled"}
{"timestamp": 1782805389.276, "formatted_time": "2026-06-30 15:43:09", "event": "watch_tick", "message": "generated_at=2026-06-30 15:43:09 completed_passes=5088/5088 activity=stalled"}
{"timestamp": 1782805419.351, "formatted_time": "2026-06-30 15:43:39", "event": "watch_tick", "message": "generated_at=2026-06-30 15:43:39 completed_passes=5088/5088 activity=stalled"}
{"timestamp": 1782805449.427, "formatted_time": "2026-06-30 15:44:09", "event": "watch_tick", "message": "generated_at=2026-06-30 15:44:09 completed_passes=5088/5088 activity=stalled"}
{"timestamp": 1782805479.503, "formatted_time": "2026-06-30 15:44:39", "event": "watch_tick", "message": "generated_at=2026-06-30 15:44:39 completed_passes=5088/5088 activity=stalled"}
{"timestamp": 1782805509.582, "formatted_time": "2026-06-30 15:45:09", "event": "watch_tick", "message": "generated_at=2026-06-30 15:45:09 completed_passes=5088/5088 activity=stalled"}
{"timestamp": 1782805539.658, "formatted_time": "2026-06-30 15:45:39", "event": "watch_tick", "message": "generated_at=2026-06-30 15:45:39 completed_passes=5088/5088 activity=stalled"}
{"timestamp": 1782806566.705, "formatted_time": "2026-06-30 16:02:46", "event": "watch_tick", "message": "generated_at=2026-06-30 16:02:46 completed_passes=5088/5088 activity=stalled"}
{"timestamp": 1782806596.785, "formatted_time": "2026-06-30 16:03:16", "event": "watch_tick", "message": "generated_at=2026-06-30 16:03:16 completed_passes=5088/5088 activity=stalled"}
{"timestamp": 1782807584.979, "formatted_time": "2026-06-30 16:19:44", "event": "watch_tick", "message": "generated_at=2026-06-30 16:19:44 completed_passes=5088/5088 activity=stalled"}
{"timestamp": 1782807615.052, "formatted_time": "2026-06-30 16:20:15", "event": "watch_tick", "message": "generated_at=2026-06-30 16:20:14 completed_passes=5088/5088 activity=stalled"}
{"timestamp": 1782807645.123, "formatted_time": "2026-06-30 16:20:45", "event": "watch_tick", "message": "generated_at=2026-06-30 16:20:45 completed_passes=5088/5088 activity=stalled"}
{"timestamp": 1782807675.2, "formatted_time": "2026-06-30 16:21:15", "event": "watch_tick", "message": "generated_at=2026-06-30 16:21:15 completed_passes=5088/5088 activity=stalled"}
{"timestamp": 1782808611.303, "formatted_time": "2026-06-30 16:36:51", "event": "watch_tick", "message": "generated_at=2026-06-30 16:36:51 completed_passes=5088/5088 activity=stalled"}
{"timestamp": 1782808641.37, "formatted_time": "2026-06-30 16:37:21", "event": "watch_tick", "message": "generated_at=2026-06-30 16:37:21 completed_passes=5088/5088 activity=stalled"}
{"timestamp": 1782808671.45, "formatted_time": "2026-06-30 16:37:51", "event": "watch_tick", "message": "generated_at=2026-06-30 16:37:51 completed_passes=5088/5088 activity=stalled"}
{"timestamp": 1782808701.525, "formatted_time": "2026-06-30 16:38:21", "event": "watch_tick", "message": "generated_at=2026-06-30 16:38:21 completed_passes=5088/5088 activity=stalled"}
{"timestamp": 1782808731.596, "formatted_time": "2026-06-30 16:38:51", "event": "watch_tick", "message": "generated_at=2026-06-30 16:38:51 completed_passes=5088/5088 activity=stalled"}
{"timestamp": 1782809738.119, "formatted_time": "2026-06-30 16:55:38", "event": "watch_tick", "message": "generated_at=2026-06-30 16:55:38 completed_passes=5088/5088 activity=stalled"}
{"timestamp": 1782809768.199, "formatted_time": "2026-06-30 16:56:08", "event": "watch_tick", "message": "generated_at=2026-06-30 16:56:08 completed_passes=5088/5088 activity=stalled"}
{"timestamp": 1782810701.33, "formatted_time": "2026-06-30 17:11:41", "event": "watch_tick", "message": "generated_at=2026-06-30 17:11:41 completed_passes=5088/5088 activity=stalled"}
{"timestamp": 1782810731.394, "formatted_time": "2026-06-30 17:12:11", "event": "watch_tick", "message": "generated_at=2026-06-30 17:12:11 completed_passes=5088/5088 activity=stalled"}
{"timestamp": 1782810761.464, "formatted_time": "2026-06-30 17:12:41", "event": "watch_tick", "message": "generated_at=2026-06-30 17:12:41 completed_passes=5088/5088 activity=stalled"}
{"timestamp": 1782810791.537, "formatted_time": "2026-06-30 17:13:11", "event": "watch_tick", "message": "generated_at=2026-06-30 17:13:11 completed_passes=5088/5088 activity=stalled"}
{"timestamp": 1782811305.567, "formatted_time": "2026-06-30 17:21:45", "event": "watch_tick", "message": "generated_at=2026-06-30 17:21:45 completed_passes=5088/5088 activity=stalled"}
{"timestamp": 1782811335.639, "formatted_time": "2026-06-30 17:22:15", "event": "watch_tick", "message": "generated_at=2026-06-30 17:22:15 completed_passes=5088/5088 activity=stalled"}
{"timestamp": 1782811365.71, "formatted_time": "2026-06-30 17:22:45", "event": "watch_tick", "message": "generated_at=2026-06-30 17:22:45 completed_passes=5088/5088 activity=stalled"}
{"timestamp": 1782811395.783, "formatted_time": "2026-06-30 17:23:15", "event": "watch_tick", "message": "generated_at=2026-06-30 17:23:15 completed_passes=5088/5088 activity=stalled"}
{"timestamp": 1782811425.856, "formatted_time": "2026-06-30 17:23:45", "event": "watch_tick", "message": "generated_at=2026-06-30 17:23:45 completed_passes=5088/5088 activity=stalled"}
{"timestamp": 1782812424.66, "formatted_time": "2026-06-30 17:40:24", "event": "watch_tick", "message": "generated_at=2026-06-30 17:40:24 completed_passes=5088/5088 activity=stalled"}
{"timestamp": 1782812454.732, "formatted_time": "2026-06-30 17:40:54", "event": "watch_tick", "message": "generated_at=2026-06-30 17:40:54 completed_passes=5088/5088 activity=stalled"}
{"timestamp": 1782813425.007, "formatted_time": "2026-06-30 17:57:05", "event": "watch_tick", "message": "generated_at=2026-06-30 17:57:04 completed_passes=5088/5088 activity=stalled"}
{"timestamp": 1782813455.081, "formatted_time": "2026-06-30 17:57:35", "event": "watch_tick", "message": "generated_at=2026-06-30 17:57:35 completed_passes=5088/5088 activity=stalled"}
{"timestamp": 1782813485.154, "formatted_time": "2026-06-30 17:58:05", "event": "watch_tick", "message": "generated_at=2026-06-30 17:58:05 completed_passes=5088/5088 activity=stalled"}
{"timestamp": 1782813515.232, "formatted_time": "2026-06-30 17:58:35", "event": "watch_tick", "message": "generated_at=2026-06-30 17:58:35 completed_passes=5088/5088 activity=stalled"}
{"timestamp": 1782813545.307, "formatted_time": "2026-06-30 17:59:05", "event": "watch_tick", "message": "generated_at=2026-06-30 17:59:05 completed_passes=5088/5088 activity=stalled"}
{"timestamp": 1782814617.773, "formatted_time": "2026-06-30 18:16:57", "event": "watch_tick", "message": "generated_at=2026-06-30 18:16:57 completed_passes=5088/5088 activity=stalled"}
{"timestamp": 1782814647.838, "formatted_time": "2026-06-30 18:17:27", "event": "watch_tick", "message": "generated_at=2026-06-30 18:17:27 completed_passes=5088/5088 activity=stalled"}
{"timestamp": 1782814677.914, "formatted_time": "2026-06-30 18:17:57", "event": "watch_tick", "message": "generated_at=2026-06-30 18:17:57 completed_passes=5088/5088 activity=stalled"}
{"timestamp": 1782814707.99, "formatted_time": "2026-06-30 18:18:27", "event": "watch_tick", "message": "generated_at=2026-06-30 18:18:27 completed_passes=5088/5088 activity=stalled"}
{"timestamp": 1782814738.061, "formatted_time": "2026-06-30 18:18:58", "event": "watch_tick", "message": "generated_at=2026-06-30 18:18:57 completed_passes=5088/5088 activity=stalled"}
{"timestamp": 1782814768.134, "formatted_time": "2026-06-30 18:19:28", "event": "watch_tick", "message": "generated_at=2026-06-30 18:19:28 completed_passes=5088/5088 activity=stalled"}
{"timestamp": 1782814798.205, "formatted_time": "2026-06-30 18:19:58", "event": "watch_tick", "message": "generated_at=2026-06-30 18:19:58 completed_passes=5088/5088 activity=stalled"}
{"timestamp": 1782814985.075, "formatted_time": "2026-06-30 18:23:05", "event": "watch_tick", "message": "generated_at=2026-06-30 18:23:05 completed_passes=5088/5088 activity=stalled"}
{"timestamp": 1782815015.148, "formatted_time": "2026-06-30 18:23:35", "event": "watch_tick", "message": "generated_at=2026-06-30 18:23:35 completed_passes=5088/5088 activity=stalled"}
{"timestamp": 1782815045.221, "formatted_time": "2026-06-30 18:24:05", "event": "watch_tick", "message": "generated_at=2026-06-30 18:24:05 completed_passes=5088/5088 activity=stalled"}
{"timestamp": 1782815075.292, "formatted_time": "2026-06-30 18:24:35", "event": "watch_tick", "message": "generated_at=2026-06-30 18:24:35 completed_passes=5088/5088 activity=stalled"}
{"timestamp": 1782816044.21, "formatted_time": "2026-06-30 18:40:44", "event": "watch_tick", "message": "generated_at=2026-06-30 18:40:44 completed_passes=5088/5088 activity=stalled"}
{"timestamp": 1782816074.298, "formatted_time": "2026-06-30 18:41:14", "event": "watch_tick", "message": "generated_at=2026-06-30 18:41:14 completed_passes=5088/5088 activity=stalled"}
{"timestamp": 1782816104.375, "formatted_time": "2026-06-30 18:41:44", "event": "watch_tick", "message": "generated_at=2026-06-30 18:41:44 completed_passes=5088/5088 activity=stalled"}
{"timestamp": 1782816134.449, "formatted_time": "2026-06-30 18:42:14", "event": "watch_tick", "message": "generated_at=2026-06-30 18:42:14 completed_passes=5088/5088 activity=stalled"}
{"timestamp": 1782816164.52, "formatted_time": "2026-06-30 18:42:44", "event": "watch_tick", "message": "generated_at=2026-06-30 18:42:44 completed_passes=5088/5088 activity=stalled"}
{"timestamp": 1782817153.657, "formatted_time": "2026-06-30 18:59:13", "event": "watch_tick", "message": "generated_at=2026-06-30 18:59:13 completed_passes=5088/5088 activity=stalled"}
{"timestamp": 1782817183.728, "formatted_time": "2026-06-30 18:59:43", "event": "watch_tick", "message": "generated_at=2026-06-30 18:59:43 completed_passes=5088/5088 activity=stalled"}
{"timestamp": 1782817213.802, "formatted_time": "2026-06-30 19:00:13", "event": "watch_tick", "message": "generated_at=2026-06-30 19:00:13 completed_passes=5088/5088 activity=stalled"}
{"timestamp": 1782817243.875, "formatted_time": "2026-06-30 19:00:43", "event": "watch_tick", "message": "generated_at=2026-06-30 19:00:43 completed_passes=5088/5088 activity=stalled"}
{"timestamp": 1782817273.951, "formatted_time": "2026-06-30 19:01:13", "event": "watch_tick", "message": "generated_at=2026-06-30 19:01:13 completed_passes=5088/5088 activity=stalled"}
{"timestamp": 1782818288.972, "formatted_time": "2026-06-30 19:18:08", "event": "watch_tick", "message": "generated_at=2026-06-30 19:18:08 completed_passes=5088/5088 activity=stalled"}
{"timestamp": 1782818319.029, "formatted_time": "2026-06-30 19:18:39", "event": "watch_tick", "message": "generated_at=2026-06-30 19:18:38 completed_passes=5088/5088 activity=stalled"}
{"timestamp": 1782818349.101, "formatted_time": "2026-06-30 19:19:09", "event": "watch_tick", "message": "generated_at=2026-06-30 19:19:09 completed_passes=5088/5088 activity=stalled"}
{"timestamp": 1782818379.173, "formatted_time": "2026-06-30 19:19:39", "event": "watch_tick", "message": "generated_at=2026-06-30 19:19:39 completed_passes=5088/5088 activity=stalled"}
{"timestamp": 1782818409.245, "formatted_time": "2026-06-30 19:20:09", "event": "watch_tick", "message": "generated_at=2026-06-30 19:20:09 completed_passes=5088/5088 activity=stalled"}
{"timestamp": 1782818439.32, "formatted_time": "2026-06-30 19:20:39", "event": "watch_tick", "message": "generated_at=2026-06-30 19:20:39 completed_passes=5088/5088 activity=stalled"}
{"timestamp": 1782818469.392, "formatted_time": "2026-06-30 19:21:09", "event": "watch_tick", "message": "generated_at=2026-06-30 19:21:09 completed_passes=5088/5088 activity=stalled"}
{"timestamp": 1782818499.465, "formatted_time": "2026-06-30 19:21:39", "event": "watch_tick", "message": "generated_at=2026-06-30 19:21:39 completed_passes=5088/5088 activity=stalled"}
{"timestamp": 1782818529.539, "formatted_time": "2026-06-30 19:22:09", "event": "watch_tick", "message": "generated_at=2026-06-30 19:22:09 completed_passes=5088/5088 activity=stalled"}
{"timestamp": 1782818643.519, "formatted_time": "2026-06-30 19:24:03", "event": "watch_tick", "message": "generated_at=2026-06-30 19:24:03 completed_passes=5088/5088 activity=stalled"}
{"timestamp": 1782818673.589, "formatted_time": "2026-06-30 19:24:33", "event": "watch_tick", "message": "generated_at=2026-06-30 19:24:33 completed_passes=5088/5088 activity=stalled"}
{"timestamp": 1782818703.662, "formatted_time": "2026-06-30 19:25:03", "event": "watch_tick", "message": "generated_at=2026-06-30 19:25:03 completed_passes=5088/5088 activity=stalled"}
{"timestamp": 1782818733.736, "formatted_time": "2026-06-30 19:25:33", "event": "watch_tick", "message": "generated_at=2026-06-30 19:25:33 completed_passes=5088/5088 activity=stalled"}
{"timestamp": 1782819693.928, "formatted_time": "2026-06-30 19:41:33", "event": "watch_tick", "message": "generated_at=2026-06-30 19:41:33 completed_passes=5088/5088 activity=stalled"}
{"timestamp": 1782819724.236, "formatted_time": "2026-06-30 19:42:04", "event": "watch_tick", "message": "generated_at=2026-06-30 19:42:03 completed_passes=5088/5088 activity=stalled"}
{"timestamp": 1782819754.308, "formatted_time": "2026-06-30 19:42:34", "event": "watch_tick", "message": "generated_at=2026-06-30 19:42:34 completed_passes=5088/5088 activity=stalled"}
{"timestamp": 1782819784.381, "formatted_time": "2026-06-30 19:43:04", "event": "watch_tick", "message": "generated_at=2026-06-30 19:43:04 completed_passes=5088/5088 activity=stalled"}
{"timestamp": 1782819814.453, "formatted_time": "2026-06-30 19:43:34", "event": "watch_tick", "message": "generated_at=2026-06-30 19:43:34 completed_passes=5088/5088 activity=stalled"}
{"timestamp": 1782819844.759, "formatted_time": "2026-06-30 19:44:04", "event": "watch_tick", "message": "generated_at=2026-06-30 19:44:04 completed_passes=5088/5088 activity=stalled"}
{"timestamp": 1782819874.892, "formatted_time": "2026-06-30 19:44:34", "event": "watch_tick", "message": "generated_at=2026-06-30 19:44:34 completed_passes=5088/5088 activity=stalled"}
{"timestamp": 1782819904.962, "formatted_time": "2026-06-30 19:45:04", "event": "watch_tick", "message": "generated_at=2026-06-30 19:45:04 completed_passes=5088/5088 activity=stalled"}
{"timestamp": 1782819935.034, "formatted_time": "2026-06-30 19:45:35", "event": "watch_tick", "message": "generated_at=2026-06-30 19:45:34 completed_passes=5088/5088 activity=stalled"}
{"timestamp": 1782819965.107, "formatted_time": "2026-06-30 19:46:05", "event": "watch_tick", "message": "generated_at=2026-06-30 19:46:05 completed_passes=5088/5088 activity=stalled"}
{"timestamp": 1782819995.178, "formatted_time": "2026-06-30 19:46:35", "event": "watch_tick", "message": "generated_at=2026-06-30 19:46:35 completed_passes=5088/5088 activity=stalled"}
{"timestamp": 1782820025.491, "formatted_time": "2026-06-30 19:47:05", "event": "watch_tick", "message": "generated_at=2026-06-30 19:47:05 completed_passes=5088/5088 activity=stalled"}
{"timestamp": 1782820055.649, "formatted_time": "2026-06-30 19:47:35", "event": "watch_tick", "message": "generated_at=2026-06-30 19:47:35 completed_passes=5088/5088 activity=stalled"}
{"timestamp": 1782820085.751, "formatted_time": "2026-06-30 19:48:05", "event": "watch_tick", "message": "generated_at=2026-06-30 19:48:05 completed_passes=5088/5088 activity=stalled"}
{"timestamp": 1782820115.85, "formatted_time": "2026-06-30 19:48:35", "event": "watch_tick", "message": "generated_at=2026-06-30 19:48:35 completed_passes=5088/5088 activity=stalled"}
{"timestamp": 1782820145.951, "formatted_time": "2026-06-30 19:49:05", "event": "watch_tick", "message": "generated_at=2026-06-30 19:49:05 completed_passes=5088/5088 activity=stalled"}
{"timestamp": 1782820176.053, "formatted_time": "2026-06-30 19:49:36", "event": "watch_tick", "message": "generated_at=2026-06-30 19:49:35 completed_passes=5088/5088 activity=stalled"}
{"timestamp": 1782820206.155, "formatted_time": "2026-06-30 19:50:06", "event": "watch_tick", "message": "generated_at=2026-06-30 19:50:06 completed_passes=5088/5088 activity=stalled"}
{"timestamp": 1782820236.255, "formatted_time": "2026-06-30 19:50:36", "event": "watch_tick", "message": "generated_at=2026-06-30 19:50:36 completed_passes=5088/5088 activity=stalled"}
{"timestamp": 1782820266.33, "formatted_time": "2026-06-30 19:51:06", "event": "watch_tick", "message": "generated_at=2026-06-30 19:51:06 completed_passes=5088/5088 activity=stalled"}
{"timestamp": 1782820296.404, "formatted_time": "2026-06-30 19:51:36", "event": "watch_tick", "message": "generated_at=2026-06-30 19:51:36 completed_passes=5088/5088 activity=stalled"}
{"timestamp": 1782820326.508, "formatted_time": "2026-06-30 19:52:06", "event": "watch_tick", "message": "generated_at=2026-06-30 19:52:06 completed_passes=5088/5088 activity=stalled"}
{"timestamp": 1782820356.61, "formatted_time": "2026-06-30 19:52:36", "event": "watch_tick", "message": "generated_at=2026-06-30 19:52:36 completed_passes=5088/5088 activity=stalled"}
{"timestamp": 1782820386.709, "formatted_time": "2026-06-30 19:53:06", "event": "watch_tick", "message": "generated_at=2026-06-30 19:53:06 completed_passes=5088/5088 activity=stalled"}
{"timestamp": 1782820416.813, "formatted_time": "2026-06-30 19:53:36", "event": "watch_tick", "message": "generated_at=2026-06-30 19:53:36 completed_passes=5088/5088 activity=stalled"}
{"timestamp": 1782820446.913, "formatted_time": "2026-06-30 19:54:06", "event": "watch_tick", "message": "generated_at=2026-06-30 19:54:06 completed_passes=5088/5088 activity=stalled"}
{"timestamp": 1782820477.015, "formatted_time": "2026-06-30 19:54:37", "event": "watch_tick", "message": "generated_at=2026-06-30 19:54:36 completed_passes=5088/5088 activity=stalled"}
{"timestamp": 1782820507.116, "formatted_time": "2026-06-30 19:55:07", "event": "watch_tick", "message": "generated_at=2026-06-30 19:55:07 completed_passes=5088/5088 activity=stalled"}
{"timestamp": 1782820537.219, "formatted_time": "2026-06-30 19:55:37", "event": "watch_tick", "message": "generated_at=2026-06-30 19:55:37 completed_passes=5088/5088 activity=stalled"}
{"timestamp": 1782820567.317, "formatted_time": "2026-06-30 19:56:07", "event": "watch_tick", "message": "generated_at=2026-06-30 19:56:07 completed_passes=5088/5088 activity=stalled"}
{"timestamp": 1782820597.413, "formatted_time": "2026-06-30 19:56:37", "event": "watch_tick", "message": "generated_at=2026-06-30 19:56:37 completed_passes=5088/5088 activity=stalled"}
{"timestamp": 1782820627.515, "formatted_time": "2026-06-30 19:57:07", "event": "watch_tick", "message": "generated_at=2026-06-30 19:57:07 completed_passes=5088/5088 activity=stalled"}
{"timestamp": 1782820657.616, "formatted_time": "2026-06-30 19:57:37", "event": "watch_tick", "message": "generated_at=2026-06-30 19:57:37 completed_passes=5088/5088 activity=stalled"}
{"timestamp": 1782820687.718, "formatted_time": "2026-06-30 19:58:07", "event": "watch_tick", "message": "generated_at=2026-06-30 19:58:07 completed_passes=5088/5088 activity=stalled"}
{"timestamp": 1782820717.82, "formatted_time": "2026-06-30 19:58:37", "event": "watch_tick", "message": "generated_at=2026-06-30 19:58:37 completed_passes=5088/5088 activity=stalled"}
{"timestamp": 1782820747.927, "formatted_time": "2026-06-30 19:59:07", "event": "watch_tick", "message": "generated_at=2026-06-30 19:59:07 completed_passes=5088/5088 activity=stalled"}
{"timestamp": 1782820778.006, "formatted_time": "2026-06-30 19:59:38", "event": "watch_tick", "message": "generated_at=2026-06-30 19:59:37 completed_passes=5088/5088 activity=stalled"}
{"timestamp": 1782820808.106, "formatted_time": "2026-06-30 20:00:08", "event": "watch_tick", "message": "generated_at=2026-06-30 20:00:08 completed_passes=5088/5088 activity=stalled"}
{"timestamp": 1782820838.206, "formatted_time": "2026-06-30 20:00:38", "event": "watch_tick", "message": "generated_at=2026-06-30 20:00:38 completed_passes=5088/5088 activity=stalled"}
{"timestamp": 1782820868.299, "formatted_time": "2026-06-30 20:01:08", "event": "watch_tick", "message": "generated_at=2026-06-30 20:01:08 completed_passes=5088/5088 activity=stalled"}
{"timestamp": 1782820898.395, "formatted_time": "2026-06-30 20:01:38", "event": "watch_tick", "message": "generated_at=2026-06-30 20:01:38 completed_passes=5088/5088 activity=stalled"}
{"timestamp": 1782820928.466, "formatted_time": "2026-06-30 20:02:08", "event": "watch_tick", "message": "generated_at=2026-06-30 20:02:08 completed_passes=5088/5088 activity=stalled"}
{"timestamp": 1782820958.566, "formatted_time": "2026-06-30 20:02:38", "event": "watch_tick", "message": "generated_at=2026-06-30 20:02:38 completed_passes=5088/5088 activity=stalled"}
{"timestamp": 1782820988.675, "formatted_time": "2026-06-30 20:03:08", "event": "watch_tick", "message": "generated_at=2026-06-30 20:03:08 completed_passes=5088/5088 activity=stalled"}
{"timestamp": 1782821018.782, "formatted_time": "2026-06-30 20:03:38", "event": "watch_tick", "message": "generated_at=2026-06-30 20:03:38 completed_passes=5088/5088 activity=stalled"}
{"timestamp": 1782821048.884, "formatted_time": "2026-06-30 20:04:08", "event": "watch_tick", "message": "generated_at=2026-06-30 20:04:08 completed_passes=5088/5088 activity=stalled"}
{"timestamp": 1782821078.988, "formatted_time": "2026-06-30 20:04:38", "event": "watch_tick", "message": "generated_at=2026-06-30 20:04:38 completed_passes=5088/5088 activity=stalled"}
{"timestamp": 1782821109.088, "formatted_time": "2026-06-30 20:05:09", "event": "watch_tick", "message": "generated_at=2026-06-30 20:05:08 completed_passes=5088/5088 activity=stalled"}
{"timestamp": 1782821139.188, "formatted_time": "2026-06-30 20:05:39", "event": "watch_tick", "message": "generated_at=2026-06-30 20:05:39 completed_passes=5088/5088 activity=stalled"}
{"timestamp": 1782821169.288, "formatted_time": "2026-06-30 20:06:09", "event": "watch_tick", "message": "generated_at=2026-06-30 20:06:09 completed_passes=5088/5088 activity=stalled"}
{"timestamp": 1782821199.388, "formatted_time": "2026-06-30 20:06:39", "event": "watch_tick", "message": "generated_at=2026-06-30 20:06:39 completed_passes=5088/5088 activity=stalled"}
{"timestamp": 1782821229.474, "formatted_time": "2026-06-30 20:07:09", "event": "watch_tick", "message": "generated_at=2026-06-30 20:07:09 completed_passes=5088/5088 activity=stalled"}
{"timestamp": 1782821259.573, "formatted_time": "2026-06-30 20:07:39", "event": "watch_tick", "message": "generated_at=2026-06-30 20:07:39 completed_passes=5088/5088 activity=stalled"}
{"timestamp": 1782821289.671, "formatted_time": "2026-06-30 20:08:09", "event": "watch_tick", "message": "generated_at=2026-06-30 20:08:09 completed_passes=5088/5088 activity=stalled"}
{"timestamp": 1782821319.77, "formatted_time": "2026-06-30 20:08:39", "event": "watch_tick", "message": "generated_at=2026-06-30 20:08:39 completed_passes=5088/5088 activity=stalled"}
{"timestamp": 1782821349.867, "formatted_time": "2026-06-30 20:09:09", "event": "watch_tick", "message": "generated_at=2026-06-30 20:09:09 completed_passes=5088/5088 activity=stalled"}
{"timestamp": 1782821379.938, "formatted_time": "2026-06-30 20:09:39", "event": "watch_tick", "message": "generated_at=2026-06-30 20:09:39 completed_passes=5088/5088 activity=stalled"}
{"timestamp": 1782821410.038, "formatted_time": "2026-06-30 20:10:10", "event": "watch_tick", "message": "generated_at=2026-06-30 20:10:09 completed_passes=5088/5088 activity=stalled"}
{"timestamp": 1782821440.13, "formatted_time": "2026-06-30 20:10:40", "event": "watch_tick", "message": "generated_at=2026-06-30 20:10:40 completed_passes=5088/5088 activity=stalled"}
{"timestamp": 1782821470.208, "formatted_time": "2026-06-30 20:11:10", "event": "watch_tick", "message": "generated_at=2026-06-30 20:11:10 completed_passes=5088/5088 activity=stalled"}
{"timestamp": 1782821500.295, "formatted_time": "2026-06-30 20:11:40", "event": "watch_tick", "message": "generated_at=2026-06-30 20:11:40 completed_passes=5088/5088 activity=stalled"}
{"timestamp": 1782821530.39, "formatted_time": "2026-06-30 20:12:10", "event": "watch_tick", "message": "generated_at=2026-06-30 20:12:10 completed_passes=5088/5088 activity=stalled"}
{"timestamp": 1782822556.192, "formatted_time": "2026-06-30 20:29:16", "event": "watch_tick", "message": "generated_at=2026-06-30 20:29:16 completed_passes=5088/5088 activity=stalled"}
{"timestamp": 1782823643.139, "formatted_time": "2026-06-30 20:47:23", "event": "watch_tick", "message": "generated_at=2026-06-30 20:47:23 completed_passes=5088/5088 activity=stalled"}
{"timestamp": 1782823673.239, "formatted_time": "2026-06-30 20:47:53", "event": "watch_tick", "message": "generated_at=2026-06-30 20:47:53 completed_passes=5088/5088 activity=stalled"}
{"timestamp": 1782824707.244, "formatted_time": "2026-06-30 21:05:07", "event": "watch_tick", "message": "generated_at=2026-06-30 21:05:07 completed_passes=5088/5088 activity=stalled"}
{"timestamp": 1782825675.254, "formatted_time": "2026-06-30 21:21:15", "event": "watch_tick", "message": "generated_at=2026-06-30 21:21:15 completed_passes=5088/5088 activity=stalled"}
{"timestamp": 1782825705.374, "formatted_time": "2026-06-30 21:21:45", "event": "watch_tick", "message": "generated_at=2026-06-30 21:21:45 completed_passes=5088/5088 activity=stalled"}
{"timestamp": 1782826697.385, "formatted_time": "2026-06-30 21:38:17", "event": "watch_tick", "message": "generated_at=2026-06-30 21:38:17 completed_passes=5088/5088 activity=stalled"}
{"timestamp": 1782827659.392, "formatted_time": "2026-06-30 21:54:19", "event": "watch_tick", "message": "generated_at=2026-06-30 21:54:19 completed_passes=5088/5088 activity=stalled"}
{"timestamp": 1782827689.502, "formatted_time": "2026-06-30 21:54:49", "event": "watch_tick", "message": "generated_at=2026-06-30 21:54:49 completed_passes=5088/5088 activity=stalled"}
{"timestamp": 1782827991.768, "formatted_time": "2026-06-30 21:59:51", "event": "watch_tick", "message": "generated_at=2026-06-30 21:59:51 completed_passes=5088/5088 activity=stalled"}
{"timestamp": 1782828021.856, "formatted_time": "2026-06-30 22:00:21", "event": "watch_tick", "message": "generated_at=2026-06-30 22:00:21 completed_passes=5088/5088 activity=stalled"}
{"timestamp": 1782828052.222, "formatted_time": "2026-06-30 22:00:52", "event": "watch_tick", "message": "generated_at=2026-06-30 22:00:51 completed_passes=5088/5088 activity=stalled"}
{"timestamp": 1782828082.318, "formatted_time": "2026-06-30 22:01:22", "event": "watch_tick", "message": "generated_at=2026-06-30 22:01:22 completed_passes=5088/5088 activity=stalled"}
{"timestamp": 1782828112.417, "formatted_time": "2026-06-30 22:01:52", "event": "watch_tick", "message": "generated_at=2026-06-30 22:01:52 completed_passes=5088/5088 activity=stalled"}
{"timestamp": 1782828142.519, "formatted_time": "2026-06-30 22:02:22", "event": "watch_tick", "message": "generated_at=2026-06-30 22:02:22 completed_passes=5088/5088 activity=stalled"}
{"timestamp": 1782828172.614, "formatted_time": "2026-06-30 22:02:52", "event": "watch_tick", "message": "generated_at=2026-06-30 22:02:52 completed_passes=5088/5088 activity=stalled"}
{"timestamp": 1782828202.712, "formatted_time": "2026-06-30 22:03:22", "event": "watch_tick", "message": "generated_at=2026-06-30 22:03:22 completed_passes=5088/5088 activity=stalled"}
{"timestamp": 1782828232.812, "formatted_time": "2026-06-30 22:03:52", "event": "watch_tick", "message": "generated_at=2026-06-30 22:03:52 completed_passes=5088/5088 activity=stalled"}
{"timestamp": 1782828262.909, "formatted_time": "2026-06-30 22:04:22", "event": "watch_tick", "message": "generated_at=2026-06-30 22:04:22 completed_passes=5088/5088 activity=stalled"}
{"timestamp": 1782828292.976, "formatted_time": "2026-06-30 22:04:52", "event": "watch_tick", "message": "generated_at=2026-06-30 22:04:52 completed_passes=5088/5088 activity=stalled"}
{"timestamp": 1782828323.075, "formatted_time": "2026-06-30 22:05:23", "event": "watch_tick", "message": "generated_at=2026-06-30 22:05:22 completed_passes=5088/5088 activity=stalled"}
{"timestamp": 1782828353.178, "formatted_time": "2026-06-30 22:05:53", "event": "watch_tick", "message": "generated_at=2026-06-30 22:05:53 completed_passes=5088/5088 activity=stalled"}
{"timestamp": 1782828383.28, "formatted_time": "2026-06-30 22:06:23", "event": "watch_tick", "message": "generated_at=2026-06-30 22:06:23 completed_passes=5088/5088 activity=stalled"}
{"timestamp": 1782828413.379, "formatted_time": "2026-06-30 22:06:53", "event": "watch_tick", "message": "generated_at=2026-06-30 22:06:53 completed_passes=5088/5088 activity=stalled"}
{"timestamp": 1782828443.479, "formatted_time": "2026-06-30 22:07:23", "event": "watch_tick", "message": "generated_at=2026-06-30 22:07:23 completed_passes=5088/5088 activity=stalled"}
{"timestamp": 1782828473.877, "formatted_time": "2026-06-30 22:07:53", "event": "watch_tick", "message": "generated_at=2026-06-30 22:07:53 completed_passes=5088/5088 activity=stalled"}
{"timestamp": 1782828504.203, "formatted_time": "2026-06-30 22:08:24", "event": "watch_tick", "message": "generated_at=2026-06-30 22:08:23 completed_passes=5088/5088 activity=stalled"}
{"timestamp": 1782828534.277, "formatted_time": "2026-06-30 22:08:54", "event": "watch_tick", "message": "generated_at=2026-06-30 22:08:54 completed_passes=5088/5088 activity=stalled"}
{"timestamp": 1782828564.361, "formatted_time": "2026-06-30 22:09:24", "event": "watch_tick", "message": "generated_at=2026-06-30 22:09:24 completed_passes=5088/5088 activity=stalled"}
{"timestamp": 1782828594.461, "formatted_time": "2026-06-30 22:09:54", "event": "watch_tick", "message": "generated_at=2026-06-30 22:09:54 completed_passes=5088/5088 activity=stalled"}
{"timestamp": 1782828624.556, "formatted_time": "2026-06-30 22:10:24", "event": "watch_tick", "message": "generated_at=2026-06-30 22:10:24 completed_passes=5088/5088 activity=stalled"}
{"timestamp": 1782828654.632, "formatted_time": "2026-06-30 22:10:54", "event": "watch_tick", "message": "generated_at=2026-06-30 22:10:54 completed_passes=5088/5088 activity=stalled"}
{"timestamp": 1782828684.726, "formatted_time": "2026-06-30 22:11:24", "event": "watch_tick", "message": "generated_at=2026-06-30 22:11:24 completed_passes=5088/5088 activity=stalled"}
{"timestamp": 1782828714.824, "formatted_time": "2026-06-30 22:11:54", "event": "watch_tick", "message": "generated_at=2026-06-30 22:11:54 completed_passes=5088/5088 activity=stalled"}
{"timestamp": 1782828744.892, "formatted_time": "2026-06-30 22:12:24", "event": "watch_tick", "message": "generated_at=2026-06-30 22:12:24 completed_passes=5088/5088 activity=stalled"}
{"timestamp": 1782828774.983, "formatted_time": "2026-06-30 22:12:54", "event": "watch_tick", "message": "generated_at=2026-06-30 22:12:54 completed_passes=5088/5088 activity=stalled"}
{"timestamp": 1782828805.061, "formatted_time": "2026-06-30 22:13:25", "event": "watch_tick", "message": "generated_at=2026-06-30 22:13:24 completed_passes=5088/5088 activity=stalled"}
{"timestamp": 1782828835.144, "formatted_time": "2026-06-30 22:13:55", "event": "watch_tick", "message": "generated_at=2026-06-30 22:13:55 completed_passes=5088/5088 activity=stalled"}
{"timestamp": 1782828865.234, "formatted_time": "2026-06-30 22:14:25", "event": "watch_tick", "message": "generated_at=2026-06-30 22:14:25 completed_passes=5088/5088 activity=stalled"}
{"timestamp": 1782828895.329, "formatted_time": "2026-06-30 22:14:55", "event": "watch_tick", "message": "generated_at=2026-06-30 22:14:55 completed_passes=5088/5088 activity=stalled"}
{"timestamp": 1782828925.426, "formatted_time": "2026-06-30 22:15:25", "event": "watch_tick", "message": "generated_at=2026-06-30 22:15:25 completed_passes=5088/5088 activity=stalled"}
{"timestamp": 1782828955.513, "formatted_time": "2026-06-30 22:15:55", "event": "watch_tick", "message": "generated_at=2026-06-30 22:15:55 completed_passes=5088/5088 activity=stalled"}
{"timestamp": 1782828985.592, "formatted_time": "2026-06-30 22:16:25", "event": "watch_tick", "message": "generated_at=2026-06-30 22:16:25 completed_passes=5088/5088 activity=stalled"}
{"timestamp": 1782829015.66, "formatted_time": "2026-06-30 22:16:55", "event": "watch_tick", "message": "generated_at=2026-06-30 22:16:55 completed_passes=5088/5088 activity=stalled"}
{"timestamp": 1782829045.731, "formatted_time": "2026-06-30 22:17:25", "event": "watch_tick", "message": "generated_at=2026-06-30 22:17:25 completed_passes=5088/5088 activity=stalled"}
{"timestamp": 1782829075.823, "formatted_time": "2026-06-30 22:17:55", "event": "watch_tick", "message": "generated_at=2026-06-30 22:17:55 completed_passes=5088/5088 activity=stalled"}
{"timestamp": 1782829105.919, "formatted_time": "2026-06-30 22:18:25", "event": "watch_tick", "message": "generated_at=2026-06-30 22:18:25 completed_passes=5088/5088 activity=stalled"}
{"timestamp": 1782829136.015, "formatted_time": "2026-06-30 22:18:56", "event": "watch_tick", "message": "generated_at=2026-06-30 22:18:55 completed_passes=5088/5088 activity=stalled"}
{"timestamp": 1782829166.109, "formatted_time": "2026-06-30 22:19:26", "event": "watch_tick", "message": "generated_at=2026-06-30 22:19:26 completed_passes=5088/5088 activity=stalled"}
{"timestamp": 1782829196.204, "formatted_time": "2026-06-30 22:19:56", "event": "watch_tick", "message": "generated_at=2026-06-30 22:19:56 completed_passes=5088/5088 activity=stalled"}
{"timestamp": 1782829226.296, "formatted_time": "2026-06-30 22:20:26", "event": "watch_tick", "message": "generated_at=2026-06-30 22:20:26 completed_passes=5088/5088 activity=stalled"}
{"timestamp": 1782829256.391, "formatted_time": "2026-06-30 22:20:56", "event": "watch_tick", "message": "generated_at=2026-06-30 22:20:56 completed_passes=5088/5088 activity=stalled"}
{"timestamp": 1782829286.484, "formatted_time": "2026-06-30 22:21:26", "event": "watch_tick", "message": "generated_at=2026-06-30 22:21:26 completed_passes=5088/5088 activity=stalled"}
{"timestamp": 1782829316.574, "formatted_time": "2026-06-30 22:21:56", "event": "watch_tick", "message": "generated_at=2026-06-30 22:21:56 completed_passes=5088/5088 activity=stalled"}
{"timestamp": 1782829346.67, "formatted_time": "2026-06-30 22:22:26", "event": "watch_tick", "message": "generated_at=2026-06-30 22:22:26 completed_passes=5088/5088 activity=stalled"}
{"timestamp": 1782829376.755, "formatted_time": "2026-06-30 22:22:56", "event": "watch_tick", "message": "generated_at=2026-06-30 22:22:56 completed_passes=5088/5088 activity=stalled"}
{"timestamp": 1782829406.835, "formatted_time": "2026-06-30 22:23:26", "event": "watch_tick", "message": "generated_at=2026-06-30 22:23:26 completed_passes=5088/5088 activity=stalled"}
{"timestamp": 1782829436.922, "formatted_time": "2026-06-30 22:23:56", "event": "watch_tick", "message": "generated_at=2026-06-30 22:23:56 completed_passes=5088/5088 activity=stalled"}
{"timestamp": 1782829466.991, "formatted_time": "2026-06-30 22:24:26", "event": "watch_tick", "message": "generated_at=2026-06-30 22:24:26 completed_passes=5088/5088 activity=stalled"}
{"timestamp": 1782829497.085, "formatted_time": "2026-06-30 22:24:57", "event": "watch_tick", "message": "generated_at=2026-06-30 22:24:56 completed_passes=5088/5088 activity=stalled"}
{"timestamp": 1782829527.156, "formatted_time": "2026-06-30 22:25:27", "event": "watch_tick", "message": "generated_at=2026-06-30 22:25:27 completed_passes=5088/5088 activity=stalled"}
{"timestamp": 1782829557.24, "formatted_time": "2026-06-30 22:25:57", "event": "watch_tick", "message": "generated_at=2026-06-30 22:25:57 completed_passes=5088/5088 activity=stalled"}
{"timestamp": 1782829587.32, "formatted_time": "2026-06-30 22:26:27", "event": "watch_tick", "message": "generated_at=2026-06-30 22:26:27 completed_passes=5088/5088 activity=stalled"}
{"timestamp": 1782829617.413, "formatted_time": "2026-06-30 22:26:57", "event": "watch_tick", "message": "generated_at=2026-06-30 22:26:57 completed_passes=5088/5088 activity=stalled"}
{"timestamp": 1782829647.498, "formatted_time": "2026-06-30 22:27:27", "event": "watch_tick", "message": "generated_at=2026-06-30 22:27:27 completed_passes=5088/5088 activity=stalled"}
{"timestamp": 1782829677.588, "formatted_time": "2026-06-30 22:27:57", "event": "watch_tick", "message": "generated_at=2026-06-30 22:27:57 completed_passes=5088/5088 activity=stalled"}
{"timestamp": 1782829707.686, "formatted_time": "2026-06-30 22:28:27", "event": "watch_tick", "message": "generated_at=2026-06-30 22:28:27 completed_passes=5088/5088 activity=stalled"}
{"timestamp": 1782829737.752, "formatted_time": "2026-06-30 22:28:57", "event": "watch_tick", "message": "generated_at=2026-06-30 22:28:57 completed_passes=5088/5088 activity=stalled"}
{"timestamp": 1782829767.878, "formatted_time": "2026-06-30 22:29:27", "event": "watch_tick", "message": "generated_at=2026-06-30 22:29:27 completed_passes=5088/5088 activity=stalled"}
{"timestamp": 1782829797.974, "formatted_time": "2026-06-30 22:29:57", "event": "watch_tick", "message": "generated_at=2026-06-30 22:29:57 completed_passes=5088/5088 activity=stalled"}
{"timestamp": 1782829828.057, "formatted_time": "2026-06-30 22:30:28", "event": "watch_tick", "message": "generated_at=2026-06-30 22:30:27 completed_passes=5088/5088 activity=stalled"}
{"timestamp": 1782829858.156, "formatted_time": "2026-06-30 22:30:58", "event": "watch_tick", "message": "generated_at=2026-06-30 22:30:58 completed_passes=5088/5088 activity=stalled"}
{"timestamp": 1782829888.258, "formatted_time": "2026-06-30 22:31:28", "event": "watch_tick", "message": "generated_at=2026-06-30 22:31:28 completed_passes=5088/5088 activity=stalled"}
{"timestamp": 1782829918.354, "formatted_time": "2026-06-30 22:31:58", "event": "watch_tick", "message": "generated_at=2026-06-30 22:31:58 completed_passes=5088/5088 activity=stalled"}
{"timestamp": 1782829948.456, "formatted_time": "2026-06-30 22:32:28", "event": "watch_tick", "message": "generated_at=2026-06-30 22:32:28 completed_passes=5088/5088 activity=stalled"}
{"timestamp": 1782829978.522, "formatted_time": "2026-06-30 22:32:58", "event": "watch_tick", "message": "generated_at=2026-06-30 22:32:58 completed_passes=5088/5088 activity=stalled"}
{"timestamp": 1782830008.619, "formatted_time": "2026-06-30 22:33:28", "event": "watch_tick", "message": "generated_at=2026-06-30 22:33:28 completed_passes=5088/5088 activity=stalled"}
{"timestamp": 1782830038.712, "formatted_time": "2026-06-30 22:33:58", "event": "watch_tick", "message": "generated_at=2026-06-30 22:33:58 completed_passes=5088/5088 activity=stalled"}
{"timestamp": 1782830068.782, "formatted_time": "2026-06-30 22:34:28", "event": "watch_tick", "message": "generated_at=2026-06-30 22:34:28 completed_passes=5088/5088 activity=stalled"}
{"timestamp": 1782830098.88, "formatted_time": "2026-06-30 22:34:58", "event": "watch_tick", "message": "generated_at=2026-06-30 22:34:58 completed_passes=5088/5088 activity=stalled"}
{"timestamp": 1782830128.974, "formatted_time": "2026-06-30 22:35:28", "event": "watch_tick", "message": "generated_at=2026-06-30 22:35:28 completed_passes=5088/5088 activity=stalled"}
{"timestamp": 1782830159.069, "formatted_time": "2026-06-30 22:35:59", "event": "watch_tick", "message": "generated_at=2026-06-30 22:35:58 completed_passes=5088/5088 activity=stalled"}
{"timestamp": 1782830189.166, "formatted_time": "2026-06-30 22:36:29", "event": "watch_tick", "message": "generated_at=2026-06-30 22:36:29 completed_passes=5088/5088 activity=stalled"}
{"timestamp": 1782830219.265, "formatted_time": "2026-06-30 22:36:59", "event": "watch_tick", "message": "generated_at=2026-06-30 22:36:59 completed_passes=5088/5088 activity=stalled"}
{"timestamp": 1782830249.363, "formatted_time": "2026-06-30 22:37:29", "event": "watch_tick", "message": "generated_at=2026-06-30 22:37:29 completed_passes=5088/5088 activity=stalled"}
{"timestamp": 1782830279.463, "formatted_time": "2026-06-30 22:37:59", "event": "watch_tick", "message": "generated_at=2026-06-30 22:37:59 completed_passes=5088/5088 activity=stalled"}
{"timestamp": 1782830309.563, "formatted_time": "2026-06-30 22:38:29", "event": "watch_tick", "message": "generated_at=2026-06-30 22:38:29 completed_passes=5088/5088 activity=stalled"}
{"timestamp": 1782830339.657, "formatted_time": "2026-06-30 22:38:59", "event": "watch_tick", "message": "generated_at=2026-06-30 22:38:59 completed_passes=5088/5088 activity=stalled"}
{"timestamp": 1782830369.753, "formatted_time": "2026-06-30 22:39:29", "event": "watch_tick", "message": "generated_at=2026-06-30 22:39:29 completed_passes=5088/5088 activity=stalled"}
{"timestamp": 1782830399.842, "formatted_time": "2026-06-30 22:39:59", "event": "watch_tick", "message": "generated_at=2026-06-30 22:39:59 completed_passes=5088/5088 activity=stalled"}
{"timestamp": 1782830429.9, "formatted_time": "2026-06-30 22:40:29", "event": "watch_tick", "message": "generated_at=2026-06-30 22:40:29 completed_passes=5088/5088 activity=stalled"}
{"timestamp": 1782830459.995, "formatted_time": "2026-06-30 22:40:59", "event": "watch_tick", "message": "generated_at=2026-06-30 22:40:59 completed_passes=5088/5088 activity=stalled"}
{"timestamp": 1782830490.095, "formatted_time": "2026-06-30 22:41:30", "event": "watch_tick", "message": "generated_at=2026-06-30 22:41:29 completed_passes=5088/5088 activity=stalled"}
{"timestamp": 1782830520.188, "formatted_time": "2026-06-30 22:42:00", "event": "watch_tick", "message": "generated_at=2026-06-30 22:42:00 completed_passes=5088/5088 activity=stalled"}
{"timestamp": 1782830550.283, "formatted_time": "2026-06-30 22:42:30", "event": "watch_tick", "message": "generated_at=2026-06-30 22:42:30 completed_passes=5088/5088 activity=stalled"}
{"timestamp": 1782830580.356, "formatted_time": "2026-06-30 22:43:00", "event": "watch_tick", "message": "generated_at=2026-06-30 22:43:00 completed_passes=5088/5088 activity=stalled"}
{"timestamp": 1782830610.45, "formatted_time": "2026-06-30 22:43:30", "event": "watch_tick", "message": "generated_at=2026-06-30 22:43:30 completed_passes=5088/5088 activity=stalled"}
{"timestamp": 1782830640.544, "formatted_time": "2026-06-30 22:44:00", "event": "watch_tick", "message": "generated_at=2026-06-30 22:44:00 completed_passes=5088/5088 activity=stalled"}
{"timestamp": 1782830670.639, "formatted_time": "2026-06-30 22:44:30", "event": "watch_tick", "message": "generated_at=2026-06-30 22:44:30 completed_passes=5088/5088 activity=stalled"}
{"timestamp": 1782830700.707, "formatted_time": "2026-06-30 22:45:00", "event": "watch_tick", "message": "generated_at=2026-06-30 22:45:00 completed_passes=5088/5088 activity=stalled"}
{"timestamp": 1782830730.805, "formatted_time": "2026-06-30 22:45:30", "event": "watch_tick", "message": "generated_at=2026-06-30 22:45:30 completed_passes=5088/5088 activity=stalled"}
{"timestamp": 1782830760.892, "formatted_time": "2026-06-30 22:46:00", "event": "watch_tick", "message": "generated_at=2026-06-30 22:46:00 completed_passes=5088/5088 activity=stalled"}
{"timestamp": 1782830790.975, "formatted_time": "2026-06-30 22:46:30", "event": "watch_tick", "message": "generated_at=2026-06-30 22:46:30 completed_passes=5088/5088 activity=stalled"}
{"timestamp": 1782830821.069, "formatted_time": "2026-06-30 22:47:01", "event": "watch_tick", "message": "generated_at=2026-06-30 22:47:00 completed_passes=5088/5088 activity=stalled"}
{"timestamp": 1782830851.167, "formatted_time": "2026-06-30 22:47:31", "event": "watch_tick", "message": "generated_at=2026-06-30 22:47:31 completed_passes=5088/5088 activity=stalled"}
{"timestamp": 1782830881.259, "formatted_time": "2026-06-30 22:48:01", "event": "watch_tick", "message": "generated_at=2026-06-30 22:48:01 completed_passes=5088/5088 activity=stalled"}
{"timestamp": 1782830911.365, "formatted_time": "2026-06-30 22:48:31", "event": "watch_tick", "message": "generated_at=2026-06-30 22:48:31 completed_passes=5088/5088 activity=stalled"}
{"timestamp": 1782830941.46, "formatted_time": "2026-06-30 22:49:01", "event": "watch_tick", "message": "generated_at=2026-06-30 22:49:01 completed_passes=5088/5088 activity=stalled"}
{"timestamp": 1782830971.553, "formatted_time": "2026-06-30 22:49:31", "event": "watch_tick", "message": "generated_at=2026-06-30 22:49:31 completed_passes=5088/5088 activity=stalled"}
{"timestamp": 1782831001.652, "formatted_time": "2026-06-30 22:50:01", "event": "watch_tick", "message": "generated_at=2026-06-30 22:50:01 completed_passes=5088/5088 activity=stalled"}
{"timestamp": 1782831031.744, "formatted_time": "2026-06-30 22:50:31", "event": "watch_tick", "message": "generated_at=2026-06-30 22:50:31 completed_passes=5088/5088 activity=stalled"}
{"timestamp": 1782831061.839, "formatted_time": "2026-06-30 22:51:01", "event": "watch_tick", "message": "generated_at=2026-06-30 22:51:01 completed_passes=5088/5088 activity=stalled"}
{"timestamp": 1782831091.93, "formatted_time": "2026-06-30 22:51:31", "event": "watch_tick", "message": "generated_at=2026-06-30 22:51:31 completed_passes=5088/5088 activity=stalled"}
{"timestamp": 1782831121.997, "formatted_time": "2026-06-30 22:52:01", "event": "watch_tick", "message": "generated_at=2026-06-30 22:52:01 completed_passes=5088/5088 activity=stalled"}
{"timestamp": 1782831152.084, "formatted_time": "2026-06-30 22:52:32", "event": "watch_tick", "message": "generated_at=2026-06-30 22:52:32 completed_passes=5088/5088 activity=stalled"}
{"timestamp": 1782831182.182, "formatted_time": "2026-06-30 22:53:02", "event": "watch_tick", "message": "generated_at=2026-06-30 22:53:02 completed_passes=5088/5088 activity=stalled"}
{"timestamp": 1782831212.364, "formatted_time": "2026-06-30 22:53:32", "event": "watch_tick", "message": "generated_at=2026-06-30 22:53:32 completed_passes=5088/5088 activity=stalled"}
{"timestamp": 1782831242.459, "formatted_time": "2026-06-30 22:54:02", "event": "watch_tick", "message": "generated_at=2026-06-30 22:54:02 completed_passes=5088/5088 activity=stalled"}
{"timestamp": 1782831272.556, "formatted_time": "2026-06-30 22:54:32", "event": "watch_tick", "message": "generated_at=2026-06-30 22:54:32 completed_passes=5088/5088 activity=stalled"}
{"timestamp": 1782831302.66, "formatted_time": "2026-06-30 22:55:02", "event": "watch_tick", "message": "generated_at=2026-06-30 22:55:02 completed_passes=5088/5088 activity=stalled"}
{"timestamp": 1782831332.753, "formatted_time": "2026-06-30 22:55:32", "event": "watch_tick", "message": "generated_at=2026-06-30 22:55:32 completed_passes=5088/5088 activity=stalled"}
{"timestamp": 1782831362.85, "formatted_time": "2026-06-30 22:56:02", "event": "watch_tick", "message": "generated_at=2026-06-30 22:56:02 completed_passes=5088/5088 activity=stalled"}
{"timestamp": 1782831392.949, "formatted_time": "2026-06-30 22:56:32", "event": "watch_tick", "message": "generated_at=2026-06-30 22:56:32 completed_passes=5088/5088 activity=stalled"}
{"timestamp": 1782831423.044, "formatted_time": "2026-06-30 22:57:03", "event": "watch_tick", "message": "generated_at=2026-06-30 22:57:02 completed_passes=5088/5088 activity=stalled"}
{"timestamp": 1782831453.139, "formatted_time": "2026-06-30 22:57:33", "event": "watch_tick", "message": "generated_at=2026-06-30 22:57:33 completed_passes=5088/5088 activity=stalled"}
{"timestamp": 1782831483.217, "formatted_time": "2026-06-30 22:58:03", "event": "watch_tick", "message": "generated_at=2026-06-30 22:58:03 completed_passes=5088/5088 activity=stalled"}
{"timestamp": 1782831513.31, "formatted_time": "2026-06-30 22:58:33", "event": "watch_tick", "message": "generated_at=2026-06-30 22:58:33 completed_passes=5088/5088 activity=stalled"}
{"timestamp": 1782831543.411, "formatted_time": "2026-06-30 22:59:03", "event": "watch_tick", "message": "generated_at=2026-06-30 22:59:03 completed_passes=5088/5088 activity=stalled"}
{"timestamp": 1782831573.511, "formatted_time": "2026-06-30 22:59:33", "event": "watch_tick", "message": "generated_at=2026-06-30 22:59:33 completed_passes=5088/5088 activity=stalled"}
{"timestamp": 1782831603.613, "formatted_time": "2026-06-30 23:00:03", "event": "watch_tick", "message": "generated_at=2026-06-30 23:00:03 completed_passes=5088/5088 activity=stalled"}
{"timestamp": 1782831633.714, "formatted_time": "2026-06-30 23:00:33", "event": "watch_tick", "message": "generated_at=2026-06-30 23:00:33 completed_passes=5088/5088 activity=stalled"}
{"timestamp": 1782831663.816, "formatted_time": "2026-06-30 23:01:03", "event": "watch_tick", "message": "generated_at=2026-06-30 23:01:03 completed_passes=5088/5088 activity=stalled"}
{"timestamp": 1782831693.899, "formatted_time": "2026-06-30 23:01:33", "event": "watch_tick", "message": "generated_at=2026-06-30 23:01:33 completed_passes=5088/5088 activity=stalled"}
{"timestamp": 1782831723.995, "formatted_time": "2026-06-30 23:02:03", "event": "watch_tick", "message": "generated_at=2026-06-30 23:02:03 completed_passes=5088/5088 activity=stalled"}
{"timestamp": 1782831754.176, "formatted_time": "2026-06-30 23:02:34", "event": "watch_tick", "message": "generated_at=2026-06-30 23:02:33 completed_passes=5088/5088 activity=stalled"}
{"timestamp": 1782831784.535, "formatted_time": "2026-06-30 23:03:04", "event": "watch_tick", "message": "generated_at=2026-06-30 23:03:04 completed_passes=5088/5088 activity=stalled"}
{"timestamp": 1782831814.887, "formatted_time": "2026-06-30 23:03:34", "event": "watch_tick", "message": "generated_at=2026-06-30 23:03:34 completed_passes=5088/5088 activity=stalled"}
{"timestamp": 1782831844.965, "formatted_time": "2026-06-30 23:04:04", "event": "watch_tick", "message": "generated_at=2026-06-30 23:04:04 completed_passes=5088/5088 activity=stalled"}
{"timestamp": 1782831875.062, "formatted_time": "2026-06-30 23:04:35", "event": "watch_tick", "message": "generated_at=2026-06-30 23:04:34 completed_passes=5088/5088 activity=stalled"}
{"timestamp": 1782831905.148, "formatted_time": "2026-06-30 23:05:05", "event": "watch_tick", "message": "generated_at=2026-06-30 23:05:05 completed_passes=5088/5088 activity=stalled"}
{"timestamp": 1782831935.243, "formatted_time": "2026-06-30 23:05:35", "event": "watch_tick", "message": "generated_at=2026-06-30 23:05:35 completed_passes=5088/5088 activity=stalled"}
{"timestamp": 1782831965.329, "formatted_time": "2026-06-30 23:06:05", "event": "watch_tick", "message": "generated_at=2026-06-30 23:06:05 completed_passes=5088/5088 activity=stalled"}
{"timestamp": 1782831995.428, "formatted_time": "2026-06-30 23:06:35", "event": "watch_tick", "message": "generated_at=2026-06-30 23:06:35 completed_passes=5088/5088 activity=stalled"}
{"timestamp": 1782832025.517, "formatted_time": "2026-06-30 23:07:05", "event": "watch_tick", "message": "generated_at=2026-06-30 23:07:05 completed_passes=5088/5088 activity=stalled"}
{"timestamp": 1782832055.598, "formatted_time": "2026-06-30 23:07:35", "event": "watch_tick", "message": "generated_at=2026-06-30 23:07:35 completed_passes=5088/5088 activity=stalled"}
{"timestamp": 1782832085.702, "formatted_time": "2026-06-30 23:08:05", "event": "watch_tick", "message": "generated_at=2026-06-30 23:08:05 completed_passes=5088/5088 activity=stalled"}
{"timestamp": 1782832115.785, "formatted_time": "2026-06-30 23:08:35", "event": "watch_tick", "message": "generated_at=2026-06-30 23:08:35 completed_passes=5088/5088 activity=stalled"}
{"timestamp": 1782832146.139, "formatted_time": "2026-06-30 23:09:06", "event": "watch_tick", "message": "generated_at=2026-06-30 23:09:05 completed_passes=5088/5088 activity=stalled"}
{"timestamp": 1782832176.231, "formatted_time": "2026-06-30 23:09:36", "event": "watch_tick", "message": "generated_at=2026-06-30 23:09:36 completed_passes=5088/5088 activity=stalled"}
{"timestamp": 1782832206.267, "formatted_time": "2026-06-30 23:10:06", "event": "watch_tick", "message": "generated_at=2026-06-30 23:10:06 completed_passes=5088/5088 activity=stalled"}
{"timestamp": 1782832236.366, "formatted_time": "2026-06-30 23:10:36", "event": "watch_tick", "message": "generated_at=2026-06-30 23:10:36 completed_passes=5088/5088 activity=stalled"}
{"timestamp": 1782832266.465, "formatted_time": "2026-06-30 23:11:06", "event": "watch_tick", "message": "generated_at=2026-06-30 23:11:06 completed_passes=5088/5088 activity=stalled"}
{"timestamp": 1782832296.548, "formatted_time": "2026-06-30 23:11:36", "event": "watch_tick", "message": "generated_at=2026-06-30 23:11:36 completed_passes=5088/5088 activity=stalled"}
{"timestamp": 1782832326.638, "formatted_time": "2026-06-30 23:12:06", "event": "watch_tick", "message": "generated_at=2026-06-30 23:12:06 completed_passes=5088/5088 activity=stalled"}
{"timestamp": 1782832356.728, "formatted_time": "2026-06-30 23:12:36", "event": "watch_tick", "message": "generated_at=2026-06-30 23:12:36 completed_passes=5088/5088 activity=stalled"}
{"timestamp": 1782832387.103, "formatted_time": "2026-06-30 23:13:07", "event": "watch_tick", "message": "generated_at=2026-06-30 23:13:06 completed_passes=5088/5088 activity=stalled"}
{"timestamp": 1782832417.202, "formatted_time": "2026-06-30 23:13:37", "event": "watch_tick", "message": "generated_at=2026-06-30 23:13:37 completed_passes=5088/5088 activity=stalled"}
{"timestamp": 1782832447.295, "formatted_time": "2026-06-30 23:14:07", "event": "watch_tick", "message": "generated_at=2026-06-30 23:14:07 completed_passes=5088/5088 activity=stalled"}
{"timestamp": 1782832477.378, "formatted_time": "2026-06-30 23:14:37", "event": "watch_tick", "message": "generated_at=2026-06-30 23:14:37 completed_passes=5088/5088 activity=stalled"}
{"timestamp": 1782832507.47, "formatted_time": "2026-06-30 23:15:07", "event": "watch_tick", "message": "generated_at=2026-06-30 23:15:07 completed_passes=5088/5088 activity=stalled"}
{"timestamp": 1782832537.551, "formatted_time": "2026-06-30 23:15:37", "event": "watch_tick", "message": "generated_at=2026-06-30 23:15:37 completed_passes=5088/5088 activity=stalled"}
{"timestamp": 1782832567.638, "formatted_time": "2026-06-30 23:16:07", "event": "watch_tick", "message": "generated_at=2026-06-30 23:16:07 completed_passes=5088/5088 activity=stalled"}
{"timestamp": 1782832597.777, "formatted_time": "2026-06-30 23:16:37", "event": "watch_tick", "message": "generated_at=2026-06-30 23:16:37 completed_passes=5088/5088 activity=stalled"}
{"timestamp": 1782832627.883, "formatted_time": "2026-06-30 23:17:07", "event": "watch_tick", "message": "generated_at=2026-06-30 23:17:07 completed_passes=5088/5088 activity=stalled"}
{"timestamp": 1782832658.01, "formatted_time": "2026-06-30 23:17:38", "event": "watch_tick", "message": "generated_at=2026-06-30 23:17:37 completed_passes=5088/5088 activity=stalled"}
{"timestamp": 1782832688.094, "formatted_time": "2026-06-30 23:18:08", "event": "watch_tick", "message": "generated_at=2026-06-30 23:18:08 completed_passes=5088/5088 activity=stalled"}
{"timestamp": 1782832718.176, "formatted_time": "2026-06-30 23:18:38", "event": "watch_tick", "message": "generated_at=2026-06-30 23:18:38 completed_passes=5088/5088 activity=stalled"}
{"timestamp": 1782832748.267, "formatted_time": "2026-06-30 23:19:08", "event": "watch_tick", "message": "generated_at=2026-06-30 23:19:08 completed_passes=5088/5088 activity=stalled"}
{"timestamp": 1782832778.354, "formatted_time": "2026-06-30 23:19:38", "event": "watch_tick", "message": "generated_at=2026-06-30 23:19:38 completed_passes=5088/5088 activity=stalled"}
{"timestamp": 1782832808.441, "formatted_time": "2026-06-30 23:20:08", "event": "watch_tick", "message": "generated_at=2026-06-30 23:20:08 completed_passes=5088/5088 activity=stalled"}
{"timestamp": 1782832838.538, "formatted_time": "2026-06-30 23:20:38", "event": "watch_tick", "message": "generated_at=2026-06-30 23:20:38 completed_passes=5088/5088 activity=stalled"}
{"timestamp": 1782832868.62, "formatted_time": "2026-06-30 23:21:08", "event": "watch_tick", "message": "generated_at=2026-06-30 23:21:08 completed_passes=5088/5088 activity=stalled"}
{"timestamp": 1782832898.717, "formatted_time": "2026-06-30 23:21:38", "event": "watch_tick", "message": "generated_at=2026-06-30 23:21:38 completed_passes=5088/5088 activity=stalled"}
{"timestamp": 1782832928.815, "formatted_time": "2026-06-30 23:22:08", "event": "watch_tick", "message": "generated_at=2026-06-30 23:22:08 completed_passes=5088/5088 activity=stalled"}
{"timestamp": 1782832958.907, "formatted_time": "2026-06-30 23:22:38", "event": "watch_tick", "message": "generated_at=2026-06-30 23:22:38 completed_passes=5088/5088 activity=stalled"}
{"timestamp": 1782832989.001, "formatted_time": "2026-06-30 23:23:09", "event": "watch_tick", "message": "generated_at=2026-06-30 23:23:08 completed_passes=5088/5088 activity=stalled"}
{"timestamp": 1782833019.082, "formatted_time": "2026-06-30 23:23:39", "event": "watch_tick", "message": "generated_at=2026-06-30 23:23:39 completed_passes=5088/5088 activity=stalled"}
{"timestamp": 1782833049.17, "formatted_time": "2026-06-30 23:24:09", "event": "watch_tick", "message": "generated_at=2026-06-30 23:24:09 completed_passes=5088/5088 activity=stalled"}
{"timestamp": 1782833079.262, "formatted_time": "2026-06-30 23:24:39", "event": "watch_tick", "message": "generated_at=2026-06-30 23:24:39 completed_passes=5088/5088 activity=stalled"}
{"timestamp": 1782833109.362, "formatted_time": "2026-06-30 23:25:09", "event": "watch_tick", "message": "generated_at=2026-06-30 23:25:09 completed_passes=5088/5088 activity=stalled"}
{"timestamp": 1782833139.462, "formatted_time": "2026-06-30 23:25:39", "event": "watch_tick", "message": "generated_at=2026-06-30 23:25:39 completed_passes=5088/5088 activity=stalled"}
{"timestamp": 1782833169.554, "formatted_time": "2026-06-30 23:26:09", "event": "watch_tick", "message": "generated_at=2026-06-30 23:26:09 completed_passes=5088/5088 activity=stalled"}
{"timestamp": 1782833199.739, "formatted_time": "2026-06-30 23:26:39", "event": "watch_tick", "message": "generated_at=2026-06-30 23:26:39 completed_passes=5088/5088 activity=stalled"}
{"timestamp": 1782833229.841, "formatted_time": "2026-06-30 23:27:09", "event": "watch_tick", "message": "generated_at=2026-06-30 23:27:09 completed_passes=5088/5088 activity=stalled"}
{"timestamp": 1782833259.938, "formatted_time": "2026-06-30 23:27:39", "event": "watch_tick", "message": "generated_at=2026-06-30 23:27:39 completed_passes=5088/5088 activity=stalled"}
{"timestamp": 1782833290.03, "formatted_time": "2026-06-30 23:28:10", "event": "watch_tick", "message": "generated_at=2026-06-30 23:28:09 completed_passes=5088/5088 activity=stalled"}
{"timestamp": 1782833320.124, "formatted_time": "2026-06-30 23:28:40", "event": "watch_tick", "message": "generated_at=2026-06-30 23:28:40 completed_passes=5088/5088 activity=stalled"}
{"timestamp": 1782833350.205, "formatted_time": "2026-06-30 23:29:10", "event": "watch_tick", "message": "generated_at=2026-06-30 23:29:10 completed_passes=5088/5088 activity=stalled"}
{"timestamp": 1782833380.3, "formatted_time": "2026-06-30 23:29:40", "event": "watch_tick", "message": "generated_at=2026-06-30 23:29:40 completed_passes=5088/5088 activity=stalled"}
{"timestamp": 1782833410.4, "formatted_time": "2026-06-30 23:30:10", "event": "watch_tick", "message": "generated_at=2026-06-30 23:30:10 completed_passes=5088/5088 activity=stalled"}
{"timestamp": 1782833440.487, "formatted_time": "2026-06-30 23:30:40", "event": "watch_tick", "message": "generated_at=2026-06-30 23:30:40 completed_passes=5088/5088 activity=stalled"}
{"timestamp": 1782833470.582, "formatted_time": "2026-06-30 23:31:10", "event": "watch_tick", "message": "generated_at=2026-06-30 23:31:10 completed_passes=5088/5088 activity=stalled"}
{"timestamp": 1782833500.659, "formatted_time": "2026-06-30 23:31:40", "event": "watch_tick", "message": "generated_at=2026-06-30 23:31:40 completed_passes=5088/5088 activity=stalled"}
{"timestamp": 1782833530.754, "formatted_time": "2026-06-30 23:32:10", "event": "watch_tick", "message": "generated_at=2026-06-30 23:32:10 completed_passes=5088/5088 activity=stalled"}
{"timestamp": 1782833560.855, "formatted_time": "2026-06-30 23:32:40", "event": "watch_tick", "message": "generated_at=2026-06-30 23:32:40 completed_passes=5088/5088 activity=stalled"}
{"timestamp": 1782833590.95, "formatted_time": "2026-06-30 23:33:10", "event": "watch_tick", "message": "generated_at=2026-06-30 23:33:10 completed_passes=5088/5088 activity=stalled"}
{"timestamp": 1782833621.066, "formatted_time": "2026-06-30 23:33:41", "event": "watch_tick", "message": "generated_at=2026-06-30 23:33:40 completed_passes=5088/5088 activity=stalled"}
{"timestamp": 1782833651.142, "formatted_time": "2026-06-30 23:34:11", "event": "watch_tick", "message": "generated_at=2026-06-30 23:34:11 completed_passes=5088/5088 activity=stalled"}
{"timestamp": 1782833681.22, "formatted_time": "2026-06-30 23:34:41", "event": "watch_tick", "message": "generated_at=2026-06-30 23:34:41 completed_passes=5088/5088 activity=stalled"}
{"timestamp": 1782833711.306, "formatted_time": "2026-06-30 23:35:11", "event": "watch_tick", "message": "generated_at=2026-06-30 23:35:11 completed_passes=5088/5088 activity=stalled"}
{"timestamp": 1782833741.386, "formatted_time": "2026-06-30 23:35:41", "event": "watch_tick", "message": "generated_at=2026-06-30 23:35:41 completed_passes=5088/5088 activity=stalled"}
{"timestamp": 1782833771.466, "formatted_time": "2026-06-30 23:36:11", "event": "watch_tick", "message": "generated_at=2026-06-30 23:36:11 completed_passes=5088/5088 activity=stalled"}
{"timestamp": 1782833801.562, "formatted_time": "2026-06-30 23:36:41", "event": "watch_tick", "message": "generated_at=2026-06-30 23:36:41 completed_passes=5088/5088 activity=stalled"}
{"timestamp": 1782833831.653, "formatted_time": "2026-06-30 23:37:11", "event": "watch_tick", "message": "generated_at=2026-06-30 23:37:11 completed_passes=5088/5088 activity=stalled"}
{"timestamp": 1782833861.754, "formatted_time": "2026-06-30 23:37:41", "event": "watch_tick", "message": "generated_at=2026-06-30 23:37:41 completed_passes=5088/5088 activity=stalled"}
{"timestamp": 1782833891.847, "formatted_time": "2026-06-30 23:38:11", "event": "watch_tick", "message": "generated_at=2026-06-30 23:38:11 completed_passes=5088/5088 activity=stalled"}
{"timestamp": 1782833921.937, "formatted_time": "2026-06-30 23:38:41", "event": "watch_tick", "message": "generated_at=2026-06-30 23:38:41 completed_passes=5088/5088 activity=stalled"}
{"timestamp": 1782833952.03, "formatted_time": "2026-06-30 23:39:12", "event": "watch_tick", "message": "generated_at=2026-06-30 23:39:11 completed_passes=5088/5088 activity=stalled"}
{"timestamp": 1782833982.126, "formatted_time": "2026-06-30 23:39:42", "event": "watch_tick", "message": "generated_at=2026-06-30 23:39:42 completed_passes=5088/5088 activity=stalled"}
{"timestamp": 1782834012.218, "formatted_time": "2026-06-30 23:40:12", "event": "watch_tick", "message": "generated_at=2026-06-30 23:40:12 completed_passes=5088/5088 activity=stalled"}
{"timestamp": 1782834042.312, "formatted_time": "2026-06-30 23:40:42", "event": "watch_tick", "message": "generated_at=2026-06-30 23:40:42 completed_passes=5088/5088 activity=stalled"}
{"timestamp": 1782834072.404, "formatted_time": "2026-06-30 23:41:12", "event": "watch_tick", "message": "generated_at=2026-06-30 23:41:12 completed_passes=5088/5088 activity=stalled"}
{"timestamp": 1782834102.498, "formatted_time": "2026-06-30 23:41:42", "event": "watch_tick", "message": "generated_at=2026-06-30 23:41:42 completed_passes=5088/5088 activity=stalled"}
{"timestamp": 1782834132.578, "formatted_time": "2026-06-30 23:42:12", "event": "watch_tick", "message": "generated_at=2026-06-30 23:42:12 completed_passes=5088/5088 activity=stalled"}
{"timestamp": 1782834162.676, "formatted_time": "2026-06-30 23:42:42", "event": "watch_tick", "message": "generated_at=2026-06-30 23:42:42 completed_passes=5088/5088 activity=stalled"}
{"timestamp": 1782834192.776, "formatted_time": "2026-06-30 23:43:12", "event": "watch_tick", "message": "generated_at=2026-06-30 23:43:12 completed_passes=5088/5088 activity=stalled"}
{"timestamp": 1782834222.879, "formatted_time": "2026-06-30 23:43:42", "event": "watch_tick", "message": "generated_at=2026-06-30 23:43:42 completed_passes=5088/5088 activity=stalled"}
{"timestamp": 1782834252.978, "formatted_time": "2026-06-30 23:44:12", "event": "watch_tick", "message": "generated_at=2026-06-30 23:44:12 completed_passes=5088/5088 activity=stalled"}
{"timestamp": 1782834283.076, "formatted_time": "2026-06-30 23:44:43", "event": "watch_tick", "message": "generated_at=2026-06-30 23:44:42 completed_passes=5088/5088 activity=stalled"}
{"timestamp": 1782834313.177, "formatted_time": "2026-06-30 23:45:13", "event": "watch_tick", "message": "generated_at=2026-06-30 23:45:13 completed_passes=5088/5088 activity=stalled"}
{"timestamp": 1782834343.274, "formatted_time": "2026-06-30 23:45:43", "event": "watch_tick", "message": "generated_at=2026-06-30 23:45:43 completed_passes=5088/5088 activity=stalled"}
{"timestamp": 1782834373.375, "formatted_time": "2026-06-30 23:46:13", "event": "watch_tick", "message": "generated_at=2026-06-30 23:46:13 completed_passes=5088/5088 activity=stalled"}
{"timestamp": 1782834403.475, "formatted_time": "2026-06-30 23:46:43", "event": "watch_tick", "message": "generated_at=2026-06-30 23:46:43 completed_passes=5088/5088 activity=stalled"}
{"timestamp": 1782834433.573, "formatted_time": "2026-06-30 23:47:13", "event": "watch_tick", "message": "generated_at=2026-06-30 23:47:13 completed_passes=5088/5088 activity=stalled"}
{"timestamp": 1782834463.671, "formatted_time": "2026-06-30 23:47:43", "event": "watch_tick", "message": "generated_at=2026-06-30 23:47:43 completed_passes=5088/5088 activity=stalled"}
{"timestamp": 1782834493.768, "formatted_time": "2026-06-30 23:48:13", "event": "watch_tick", "message": "generated_at=2026-06-30 23:48:13 completed_passes=5088/5088 activity=stalled"}
{"timestamp": 1782834523.869, "formatted_time": "2026-06-30 23:48:43", "event": "watch_tick", "message": "generated_at=2026-06-30 23:48:43 completed_passes=5088/5088 activity=stalled"}
{"timestamp": 1782834553.965, "formatted_time": "2026-06-30 23:49:13", "event": "watch_tick", "message": "generated_at=2026-06-30 23:49:13 completed_passes=5088/5088 activity=stalled"}
{"timestamp": 1782834584.064, "formatted_time": "2026-06-30 23:49:44", "event": "watch_tick", "message": "generated_at=2026-06-30 23:49:43 completed_passes=5088/5088 activity=stalled"}
{"timestamp": 1782834614.165, "formatted_time": "2026-06-30 23:50:14", "event": "watch_tick", "message": "generated_at=2026-06-30 23:50:14 completed_passes=5088/5088 activity=stalled"}
{"timestamp": 1782834644.266, "formatted_time": "2026-06-30 23:50:44", "event": "watch_tick", "message": "generated_at=2026-06-30 23:50:44 completed_passes=5088/5088 activity=stalled"}
{"timestamp": 1782834674.366, "formatted_time": "2026-06-30 23:51:14", "event": "watch_tick", "message": "generated_at=2026-06-30 23:51:14 completed_passes=5088/5088 activity=stalled"}
{"timestamp": 1782834704.464, "formatted_time": "2026-06-30 23:51:44", "event": "watch_tick", "message": "generated_at=2026-06-30 23:51:44 completed_passes=5088/5088 activity=stalled"}
{"timestamp": 1782834734.564, "formatted_time": "2026-06-30 23:52:14", "event": "watch_tick", "message": "generated_at=2026-06-30 23:52:14 completed_passes=5088/5088 activity=stalled"}
{"timestamp": 1782834764.666, "formatted_time": "2026-06-30 23:52:44", "event": "watch_tick", "message": "generated_at=2026-06-30 23:52:44 completed_passes=5088/5088 activity=stalled"}
{"timestamp": 1782834794.766, "formatted_time": "2026-06-30 23:53:14", "event": "watch_tick", "message": "generated_at=2026-06-30 23:53:14 completed_passes=5088/5088 activity=stalled"}
{"timestamp": 1782834824.866, "formatted_time": "2026-06-30 23:53:44", "event": "watch_tick", "message": "generated_at=2026-06-30 23:53:44 completed_passes=5088/5088 activity=stalled"}
{"timestamp": 1782834854.969, "formatted_time": "2026-06-30 23:54:14", "event": "watch_tick", "message": "generated_at=2026-06-30 23:54:14 completed_passes=5088/5088 activity=stalled"}
{"timestamp": 1782834885.31, "formatted_time": "2026-06-30 23:54:45", "event": "watch_tick", "message": "generated_at=2026-06-30 23:54:44 completed_passes=5088/5088 activity=stalled"}
{"timestamp": 1782834915.408, "formatted_time": "2026-06-30 23:55:15", "event": "watch_tick", "message": "generated_at=2026-06-30 23:55:15 completed_passes=5088/5088 activity=stalled"}
{"timestamp": 1782834945.504, "formatted_time": "2026-06-30 23:55:45", "event": "watch_tick", "message": "generated_at=2026-06-30 23:55:45 completed_passes=5088/5088 activity=stalled"}
{"timestamp": 1782834975.6, "formatted_time": "2026-06-30 23:56:15", "event": "watch_tick", "message": "generated_at=2026-06-30 23:56:15 completed_passes=5088/5088 activity=stalled"}
{"timestamp": 1782835005.702, "formatted_time": "2026-06-30 23:56:45", "event": "watch_tick", "message": "generated_at=2026-06-30 23:56:45 completed_passes=5088/5088 activity=stalled"}
{"timestamp": 1782835035.826, "formatted_time": "2026-06-30 23:57:15", "event": "watch_tick", "message": "generated_at=2026-06-30 23:57:15 completed_passes=5088/5088 activity=stalled"}
{"timestamp": 1782835065.929, "formatted_time": "2026-06-30 23:57:45", "event": "watch_tick", "message": "generated_at=2026-06-30 23:57:45 completed_passes=5088/5088 activity=stalled"}
{"timestamp": 1782835096.029, "formatted_time": "2026-06-30 23:58:16", "event": "watch_tick", "message": "generated_at=2026-06-30 23:58:15 completed_passes=5088/5088 activity=stalled"}
{"timestamp": 1782835126.132, "formatted_time": "2026-06-30 23:58:46", "event": "watch_tick", "message": "generated_at=2026-06-30 23:58:46 completed_passes=5088/5088 activity=stalled"}
{"timestamp": 1782835156.237, "formatted_time": "2026-06-30 23:59:16", "event": "watch_tick", "message": "generated_at=2026-06-30 23:59:16 completed_passes=5088/5088 activity=stalled"}
{"timestamp": 1782835186.332, "formatted_time": "2026-06-30 23:59:46", "event": "watch_tick", "message": "generated_at=2026-06-30 23:59:46 completed_passes=5088/5088 activity=stalled"}
{"timestamp": 1782835216.434, "formatted_time": "2026-07-01 00:00:16", "event": "watch_tick", "message": "generated_at=2026-07-01 00:00:16 completed_passes=5088/5088 activity=stalled"}
{"timestamp": 1782835246.533, "formatted_time": "2026-07-01 00:00:46", "event": "watch_tick", "message": "generated_at=2026-07-01 00:00:46 completed_passes=5088/5088 activity=stalled"}
{"timestamp": 1782835276.637, "formatted_time": "2026-07-01 00:01:16", "event": "watch_tick", "message": "generated_at=2026-07-01 00:01:16 completed_passes=5088/5088 activity=stalled"}
{"timestamp": 1782835306.737, "formatted_time": "2026-07-01 00:01:46", "event": "watch_tick", "message": "generated_at=2026-07-01 00:01:46 completed_passes=5088/5088 activity=stalled"}
{"timestamp": 1782835336.838, "formatted_time": "2026-07-01 00:02:16", "event": "watch_tick", "message": "generated_at=2026-07-01 00:02:16 completed_passes=5088/5088 activity=stalled"}
{"timestamp": 1782835366.913, "formatted_time": "2026-07-01 00:02:46", "event": "watch_tick", "message": "generated_at=2026-07-01 00:02:46 completed_passes=5088/5088 activity=stalled"}
{"timestamp": 1782835397.013, "formatted_time": "2026-07-01 00:03:17", "event": "watch_tick", "message": "generated_at=2026-07-01 00:03:16 completed_passes=5088/5088 activity=stalled"}
{"timestamp": 1782835427.116, "formatted_time": "2026-07-01 00:03:47", "event": "watch_tick", "message": "generated_at=2026-07-01 00:03:47 completed_passes=5088/5088 activity=stalled"}
{"timestamp": 1782835457.209, "formatted_time": "2026-07-01 00:04:17", "event": "watch_tick", "message": "generated_at=2026-07-01 00:04:17 completed_passes=5088/5088 activity=stalled"}
{"timestamp": 1782835487.311, "formatted_time": "2026-07-01 00:04:47", "event": "watch_tick", "message": "generated_at=2026-07-01 00:04:47 completed_passes=5088/5088 activity=stalled"}
{"timestamp": 1782835517.415, "formatted_time": "2026-07-01 00:05:17", "event": "watch_tick", "message": "generated_at=2026-07-01 00:05:17 completed_passes=5088/5088 activity=stalled"}
{"timestamp": 1782835547.513, "formatted_time": "2026-07-01 00:05:47", "event": "watch_tick", "message": "generated_at=2026-07-01 00:05:47 completed_passes=5088/5088 activity=stalled"}
{"timestamp": 1782835577.613, "formatted_time": "2026-07-01 00:06:17", "event": "watch_tick", "message": "generated_at=2026-07-01 00:06:17 completed_passes=5088/5088 activity=stalled"}
{"timestamp": 1782836586.911, "formatted_time": "2026-07-01 00:23:06", "event": "watch_tick", "message": "generated_at=2026-07-01 00:23:06 completed_passes=5088/5088 activity=stalled"}
{"timestamp": 1782836616.994, "formatted_time": "2026-07-01 00:23:36", "event": "watch_tick", "message": "generated_at=2026-07-01 00:23:36 completed_passes=5088/5088 activity=stalled"}
{"timestamp": 1782837583.747, "formatted_time": "2026-07-01 00:39:43", "event": "watch_tick", "message": "generated_at=2026-07-01 00:39:43 completed_passes=5088/5088 activity=stalled"}
{"timestamp": 1782837613.857, "formatted_time": "2026-07-01 00:40:13", "event": "watch_tick", "message": "generated_at=2026-07-01 00:40:13 completed_passes=5088/5088 activity=stalled"}
{"timestamp": 1782837643.963, "formatted_time": "2026-07-01 00:40:43", "event": "watch_tick", "message": "generated_at=2026-07-01 00:40:43 completed_passes=5088/5088 activity=stalled"}
{"timestamp": 1782837674.065, "formatted_time": "2026-07-01 00:41:14", "event": "watch_tick", "message": "generated_at=2026-07-01 00:41:13 completed_passes=5088/5088 activity=stalled"}
{"timestamp": 1782837704.166, "formatted_time": "2026-07-01 00:41:44", "event": "watch_tick", "message": "generated_at=2026-07-01 00:41:44 completed_passes=5088/5088 activity=stalled"}
{"timestamp": 1782837734.268, "formatted_time": "2026-07-01 00:42:14", "event": "watch_tick", "message": "generated_at=2026-07-01 00:42:14 completed_passes=5088/5088 activity=stalled"}
{"timestamp": 1782837767.79, "formatted_time": "2026-07-01 00:42:47", "event": "watch_tick", "message": "generated_at=2026-07-01 00:42:47 completed_passes=5088/5088 activity=stalled"}
{"timestamp": 1782837797.891, "formatted_time": "2026-07-01 00:43:17", "event": "watch_tick", "message": "generated_at=2026-07-01 00:43:17 completed_passes=5088/5088 activity=stalled"}
{"timestamp": 1782837827.986, "formatted_time": "2026-07-01 00:43:47", "event": "watch_tick", "message": "generated_at=2026-07-01 00:43:47 completed_passes=5088/5088 activity=stalled"}
{"timestamp": 1782837858.084, "formatted_time": "2026-07-01 00:44:18", "event": "watch_tick", "message": "generated_at=2026-07-01 00:44:17 completed_passes=5088/5088 activity=stalled"}
{"timestamp": 1782837888.174, "formatted_time": "2026-07-01 00:44:48", "event": "watch_tick", "message": "generated_at=2026-07-01 00:44:48 completed_passes=5088/5088 activity=stalled"}
{"timestamp": 1782837918.272, "formatted_time": "2026-07-01 00:45:18", "event": "watch_tick", "message": "generated_at=2026-07-01 00:45:18 completed_passes=5088/5088 activity=stalled"}
{"timestamp": 1782837948.365, "formatted_time": "2026-07-01 00:45:48", "event": "watch_tick", "message": "generated_at=2026-07-01 00:45:48 completed_passes=5088/5088 activity=stalled"}
{"timestamp": 1782837978.456, "formatted_time": "2026-07-01 00:46:18", "event": "watch_tick", "message": "generated_at=2026-07-01 00:46:18 completed_passes=5088/5088 activity=stalled"}
{"timestamp": 1782838008.524, "formatted_time": "2026-07-01 00:46:48", "event": "watch_tick", "message": "generated_at=2026-07-01 00:46:48 completed_passes=5088/5088 activity=stalled"}
{"timestamp": 1782838038.618, "formatted_time": "2026-07-01 00:47:18", "event": "watch_tick", "message": "generated_at=2026-07-01 00:47:18 completed_passes=5088/5088 activity=stalled"}
{"timestamp": 1782838068.713, "formatted_time": "2026-07-01 00:47:48", "event": "watch_tick", "message": "generated_at=2026-07-01 00:47:48 completed_passes=5088/5088 activity=stalled"}
{"timestamp": 1782838098.804, "formatted_time": "2026-07-01 00:48:18", "event": "watch_tick", "message": "generated_at=2026-07-01 00:48:18 completed_passes=5088/5088 activity=stalled"}
{"timestamp": 1782838128.9, "formatted_time": "2026-07-01 00:48:48", "event": "watch_tick", "message": "generated_at=2026-07-01 00:48:48 completed_passes=5088/5088 activity=stalled"}
{"timestamp": 1782838158.999, "formatted_time": "2026-07-01 00:49:18", "event": "watch_tick", "message": "generated_at=2026-07-01 00:49:18 completed_passes=5088/5088 activity=stalled"}
{"timestamp": 1782838189.082, "formatted_time": "2026-07-01 00:49:49", "event": "watch_tick", "message": "generated_at=2026-07-01 00:49:49 completed_passes=5088/5088 activity=stalled"}
{"timestamp": 1782838219.178, "formatted_time": "2026-07-01 00:50:19", "event": "watch_tick", "message": "generated_at=2026-07-01 00:50:19 completed_passes=5088/5088 activity=stalled"}
{"timestamp": 1782838249.262, "formatted_time": "2026-07-01 00:50:49", "event": "watch_tick", "message": "generated_at=2026-07-01 00:50:49 completed_passes=5088/5088 activity=stalled"}
{"timestamp": 1782838279.353, "formatted_time": "2026-07-01 00:51:19", "event": "watch_tick", "message": "generated_at=2026-07-01 00:51:19 completed_passes=5088/5088 activity=stalled"}
{"timestamp": 1782838309.448, "formatted_time": "2026-07-01 00:51:49", "event": "watch_tick", "message": "generated_at=2026-07-01 00:51:49 completed_passes=5088/5088 activity=stalled"}
{"timestamp": 1782838339.586, "formatted_time": "2026-07-01 00:52:19", "event": "watch_tick", "message": "generated_at=2026-07-01 00:52:19 completed_passes=5088/5088 activity=stalled"}
{"timestamp": 1782838369.686, "formatted_time": "2026-07-01 00:52:49", "event": "watch_tick", "message": "generated_at=2026-07-01 00:52:49 completed_passes=5088/5088 activity=stalled"}
{"timestamp": 1782838399.786, "formatted_time": "2026-07-01 00:53:19", "event": "watch_tick", "message": "generated_at=2026-07-01 00:53:19 completed_passes=5088/5088 activity=stalled"}
{"timestamp": 1782838429.88, "formatted_time": "2026-07-01 00:53:49", "event": "watch_tick", "message": "generated_at=2026-07-01 00:53:49 completed_passes=5088/5088 activity=stalled"}
{"timestamp": 1782838459.967, "formatted_time": "2026-07-01 00:54:19", "event": "watch_tick", "message": "generated_at=2026-07-01 00:54:19 completed_passes=5088/5088 activity=stalled"}
{"timestamp": 1782838490.059, "formatted_time": "2026-07-01 00:54:50", "event": "watch_tick", "message": "generated_at=2026-07-01 00:54:49 completed_passes=5088/5088 activity=stalled"}
{"timestamp": 1782838520.149, "formatted_time": "2026-07-01 00:55:20", "event": "watch_tick", "message": "generated_at=2026-07-01 00:55:20 completed_passes=5088/5088 activity=stalled"}
{"timestamp": 1782838550.244, "formatted_time": "2026-07-01 00:55:50", "event": "watch_tick", "message": "generated_at=2026-07-01 00:55:50 completed_passes=5088/5088 activity=stalled"}
{"timestamp": 1782838580.338, "formatted_time": "2026-07-01 00:56:20", "event": "watch_tick", "message": "generated_at=2026-07-01 00:56:20 completed_passes=5088/5088 activity=stalled"}
{"timestamp": 1782838610.432, "formatted_time": "2026-07-01 00:56:50", "event": "watch_tick", "message": "generated_at=2026-07-01 00:56:50 completed_passes=5088/5088 activity=stalled"}
{"timestamp": 1782838640.508, "formatted_time": "2026-07-01 00:57:20", "event": "watch_tick", "message": "generated_at=2026-07-01 00:57:20 completed_passes=5088/5088 activity=stalled"}
{"timestamp": 1782838670.608, "formatted_time": "2026-07-01 00:57:50", "event": "watch_tick", "message": "generated_at=2026-07-01 00:57:50 completed_passes=5088/5088 activity=stalled"}
{"timestamp": 1782838700.68, "formatted_time": "2026-07-01 00:58:20", "event": "watch_tick", "message": "generated_at=2026-07-01 00:58:20 completed_passes=5088/5088 activity=stalled"}
{"timestamp": 1782838730.778, "formatted_time": "2026-07-01 00:58:50", "event": "watch_tick", "message": "generated_at=2026-07-01 00:58:50 completed_passes=5088/5088 activity=stalled"}
{"timestamp": 1782838760.872, "formatted_time": "2026-07-01 00:59:20", "event": "watch_tick", "message": "generated_at=2026-07-01 00:59:20 completed_passes=5088/5088 activity=stalled"}
{"timestamp": 1782838790.973, "formatted_time": "2026-07-01 00:59:50", "event": "watch_tick", "message": "generated_at=2026-07-01 00:59:50 completed_passes=5088/5088 activity=stalled"}
{"timestamp": 1782838821.08, "formatted_time": "2026-07-01 01:00:21", "event": "watch_tick", "message": "generated_at=2026-07-01 01:00:20 completed_passes=5088/5088 activity=stalled"}
{"timestamp": 1782838851.18, "formatted_time": "2026-07-01 01:00:51", "event": "watch_tick", "message": "generated_at=2026-07-01 01:00:51 completed_passes=5088/5088 activity=stalled"}
{"timestamp": 1782838881.272, "formatted_time": "2026-07-01 01:01:21", "event": "watch_tick", "message": "generated_at=2026-07-01 01:01:21 completed_passes=5088/5088 activity=stalled"}
{"timestamp": 1782838911.371, "formatted_time": "2026-07-01 01:01:51", "event": "watch_tick", "message": "generated_at=2026-07-01 01:01:51 completed_passes=5088/5088 activity=stalled"}
{"timestamp": 1782838941.486, "formatted_time": "2026-07-01 01:02:21", "event": "watch_tick", "message": "generated_at=2026-07-01 01:02:21 completed_passes=5088/5088 activity=stalled"}
{"timestamp": 1782838971.593, "formatted_time": "2026-07-01 01:02:51", "event": "watch_tick", "message": "generated_at=2026-07-01 01:02:51 completed_passes=5088/5088 activity=stalled"}
{"timestamp": 1782839001.68, "formatted_time": "2026-07-01 01:03:21", "event": "watch_tick", "message": "generated_at=2026-07-01 01:03:21 completed_passes=5088/5088 activity=stalled"}
{"timestamp": 1782839031.773, "formatted_time": "2026-07-01 01:03:51", "event": "watch_tick", "message": "generated_at=2026-07-01 01:03:51 completed_passes=5088/5088 activity=stalled"}
{"timestamp": 1782839061.866, "formatted_time": "2026-07-01 01:04:21", "event": "watch_tick", "message": "generated_at=2026-07-01 01:04:21 completed_passes=5088/5088 activity=stalled"}
{"timestamp": 1782839091.958, "formatted_time": "2026-07-01 01:04:51", "event": "watch_tick", "message": "generated_at=2026-07-01 01:04:51 completed_passes=5088/5088 activity=stalled"}
{"timestamp": 1782839122.052, "formatted_time": "2026-07-01 01:05:22", "event": "watch_tick", "message": "generated_at=2026-07-01 01:05:21 completed_passes=5088/5088 activity=stalled"}
{"timestamp": 1782839152.146, "formatted_time": "2026-07-01 01:05:52", "event": "watch_tick", "message": "generated_at=2026-07-01 01:05:52 completed_passes=5088/5088 activity=stalled"}
{"timestamp": 1782839182.241, "formatted_time": "2026-07-01 01:06:22", "event": "watch_tick", "message": "generated_at=2026-07-01 01:06:22 completed_passes=5088/5088 activity=stalled"}
{"timestamp": 1782839212.336, "formatted_time": "2026-07-01 01:06:52", "event": "watch_tick", "message": "generated_at=2026-07-01 01:06:52 completed_passes=5088/5088 activity=stalled"}
{"timestamp": 1782839242.423, "formatted_time": "2026-07-01 01:07:22", "event": "watch_tick", "message": "generated_at=2026-07-01 01:07:22 completed_passes=5088/5088 activity=stalled"}
{"timestamp": 1782839272.516, "formatted_time": "2026-07-01 01:07:52", "event": "watch_tick", "message": "generated_at=2026-07-01 01:07:52 completed_passes=5088/5088 activity=stalled"}
{"timestamp": 1782839302.59, "formatted_time": "2026-07-01 01:08:22", "event": "watch_tick", "message": "generated_at=2026-07-01 01:08:22 completed_passes=5088/5088 activity=stalled"}
{"timestamp": 1782839332.659, "formatted_time": "2026-07-01 01:08:52", "event": "watch_tick", "message": "generated_at=2026-07-01 01:08:52 completed_passes=5088/5088 activity=stalled"}
{"timestamp": 1782839362.753, "formatted_time": "2026-07-01 01:09:22", "event": "watch_tick", "message": "generated_at=2026-07-01 01:09:22 completed_passes=5088/5088 activity=stalled"}
{"timestamp": 1782839392.846, "formatted_time": "2026-07-01 01:09:52", "event": "watch_tick", "message": "generated_at=2026-07-01 01:09:52 completed_passes=5088/5088 activity=stalled"}
{"timestamp": 1782839422.942, "formatted_time": "2026-07-01 01:10:22", "event": "watch_tick", "message": "generated_at=2026-07-01 01:10:22 completed_passes=5088/5088 activity=stalled"}
{"timestamp": 1782839453.033, "formatted_time": "2026-07-01 01:10:53", "event": "watch_tick", "message": "generated_at=2026-07-01 01:10:52 completed_passes=5088/5088 activity=stalled"}
{"timestamp": 1782839483.123, "formatted_time": "2026-07-01 01:11:23", "event": "watch_tick", "message": "generated_at=2026-07-01 01:11:23 completed_passes=5088/5088 activity=stalled"}
{"timestamp": 1782839513.215, "formatted_time": "2026-07-01 01:11:53", "event": "watch_tick", "message": "generated_at=2026-07-01 01:11:53 completed_passes=5088/5088 activity=stalled"}
{"timestamp": 1782839543.283, "formatted_time": "2026-07-01 01:12:23", "event": "watch_tick", "message": "generated_at=2026-07-01 01:12:23 completed_passes=5088/5088 activity=stalled"}
{"timestamp": 1782839573.378, "formatted_time": "2026-07-01 01:12:53", "event": "watch_tick", "message": "generated_at=2026-07-01 01:12:53 completed_passes=5088/5088 activity=stalled"}
{"timestamp": 1782839603.471, "formatted_time": "2026-07-01 01:13:23", "event": "watch_tick", "message": "generated_at=2026-07-01 01:13:23 completed_passes=5088/5088 activity=stalled"}
{"timestamp": 1782839633.568, "formatted_time": "2026-07-01 01:13:53", "event": "watch_tick", "message": "generated_at=2026-07-01 01:13:53 completed_passes=5088/5088 activity=stalled"}
{"timestamp": 1782839663.664, "formatted_time": "2026-07-01 01:14:23", "event": "watch_tick", "message": "generated_at=2026-07-01 01:14:23 completed_passes=5088/5088 activity=stalled"}
{"timestamp": 1782839693.763, "formatted_time": "2026-07-01 01:14:53", "event": "watch_tick", "message": "generated_at=2026-07-01 01:14:53 completed_passes=5088/5088 activity=stalled"}
{"timestamp": 1782839723.86, "formatted_time": "2026-07-01 01:15:23", "event": "watch_tick", "message": "generated_at=2026-07-01 01:15:23 completed_passes=5088/5088 activity=stalled"}
{"timestamp": 1782839753.957, "formatted_time": "2026-07-01 01:15:53", "event": "watch_tick", "message": "generated_at=2026-07-01 01:15:53 completed_passes=5088/5088 activity=stalled"}
{"timestamp": 1782839784.053, "formatted_time": "2026-07-01 01:16:24", "event": "watch_tick", "message": "generated_at=2026-07-01 01:16:23 completed_passes=5088/5088 activity=stalled"}
{"timestamp": 1782839814.148, "formatted_time": "2026-07-01 01:16:54", "event": "watch_tick", "message": "generated_at=2026-07-01 01:16:54 completed_passes=5088/5088 activity=stalled"}
{"timestamp": 1782839844.24, "formatted_time": "2026-07-01 01:17:24", "event": "watch_tick", "message": "generated_at=2026-07-01 01:17:24 completed_passes=5088/5088 activity=stalled"}
{"timestamp": 1782839874.334, "formatted_time": "2026-07-01 01:17:54", "event": "watch_tick", "message": "generated_at=2026-07-01 01:17:54 completed_passes=5088/5088 activity=stalled"}
{"timestamp": 1782839904.431, "formatted_time": "2026-07-01 01:18:24", "event": "watch_tick", "message": "generated_at=2026-07-01 01:18:24 completed_passes=5088/5088 activity=stalled"}
{"timestamp": 1782839934.524, "formatted_time": "2026-07-01 01:18:54", "event": "watch_tick", "message": "generated_at=2026-07-01 01:18:54 completed_passes=5088/5088 activity=stalled"}
{"timestamp": 1782839964.619, "formatted_time": "2026-07-01 01:19:24", "event": "watch_tick", "message": "generated_at=2026-07-01 01:19:24 completed_passes=5088/5088 activity=stalled"}
{"timestamp": 1782839994.72, "formatted_time": "2026-07-01 01:19:54", "event": "watch_tick", "message": "generated_at=2026-07-01 01:19:54 completed_passes=5088/5088 activity=stalled"}
{"timestamp": 1782840024.815, "formatted_time": "2026-07-01 01:20:24", "event": "watch_tick", "message": "generated_at=2026-07-01 01:20:24 completed_passes=5088/5088 activity=stalled"}
{"timestamp": 1782840054.91, "formatted_time": "2026-07-01 01:20:54", "event": "watch_tick", "message": "generated_at=2026-07-01 01:20:54 completed_passes=5088/5088 activity=stalled"}
{"timestamp": 1782840084.982, "formatted_time": "2026-07-01 01:21:24", "event": "watch_tick", "message": "generated_at=2026-07-01 01:21:24 completed_passes=5088/5088 activity=stalled"}
{"timestamp": 1782840115.077, "formatted_time": "2026-07-01 01:21:55", "event": "watch_tick", "message": "generated_at=2026-07-01 01:21:54 completed_passes=5088/5088 activity=stalled"}
{"timestamp": 1782840145.144, "formatted_time": "2026-07-01 01:22:25", "event": "watch_tick", "message": "generated_at=2026-07-01 01:22:25 completed_passes=5088/5088 activity=stalled"}
{"timestamp": 1782840175.213, "formatted_time": "2026-07-01 01:22:55", "event": "watch_tick", "message": "generated_at=2026-07-01 01:22:55 completed_passes=5088/5088 activity=stalled"}
{"timestamp": 1782840205.309, "formatted_time": "2026-07-01 01:23:25", "event": "watch_tick", "message": "generated_at=2026-07-01 01:23:25 completed_passes=5088/5088 activity=stalled"}
{"timestamp": 1782840235.406, "formatted_time": "2026-07-01 01:23:55", "event": "watch_tick", "message": "generated_at=2026-07-01 01:23:55 completed_passes=5088/5088 activity=stalled"}
{"timestamp": 1782840265.501, "formatted_time": "2026-07-01 01:24:25", "event": "watch_tick", "message": "generated_at=2026-07-01 01:24:25 completed_passes=5088/5088 activity=stalled"}
{"timestamp": 1782840295.601, "formatted_time": "2026-07-01 01:24:55", "event": "watch_tick", "message": "generated_at=2026-07-01 01:24:55 completed_passes=5088/5088 activity=stalled"}
{"timestamp": 1782840325.698, "formatted_time": "2026-07-01 01:25:25", "event": "watch_tick", "message": "generated_at=2026-07-01 01:25:25 completed_passes=5088/5088 activity=stalled"}
{"timestamp": 1782840355.769, "formatted_time": "2026-07-01 01:25:55", "event": "watch_tick", "message": "generated_at=2026-07-01 01:25:55 completed_passes=5088/5088 activity=stalled"}
{"timestamp": 1782840385.845, "formatted_time": "2026-07-01 01:26:25", "event": "watch_tick", "message": "generated_at=2026-07-01 01:26:25 completed_passes=5088/5088 activity=stalled"}
{"timestamp": 1782840415.941, "formatted_time": "2026-07-01 01:26:55", "event": "watch_tick", "message": "generated_at=2026-07-01 01:26:55 completed_passes=5088/5088 activity=stalled"}
{"timestamp": 1782840446.033, "formatted_time": "2026-07-01 01:27:26", "event": "watch_tick", "message": "generated_at=2026-07-01 01:27:25 completed_passes=5088/5088 activity=stalled"}
{"timestamp": 1782840476.131, "formatted_time": "2026-07-01 01:27:56", "event": "watch_tick", "message": "generated_at=2026-07-01 01:27:56 completed_passes=5088/5088 activity=stalled"}
{"timestamp": 1782840506.225, "formatted_time": "2026-07-01 01:28:26", "event": "watch_tick", "message": "generated_at=2026-07-01 01:28:26 completed_passes=5088/5088 activity=stalled"}
{"timestamp": 1782840536.318, "formatted_time": "2026-07-01 01:28:56", "event": "watch_tick", "message": "generated_at=2026-07-01 01:28:56 completed_passes=5088/5088 activity=stalled"}
{"timestamp": 1782840566.409, "formatted_time": "2026-07-01 01:29:26", "event": "watch_tick", "message": "generated_at=2026-07-01 01:29:26 completed_passes=5088/5088 activity=stalled"}
{"timestamp": 1782840596.496, "formatted_time": "2026-07-01 01:29:56", "event": "watch_tick", "message": "generated_at=2026-07-01 01:29:56 completed_passes=5088/5088 activity=stalled"}
{"timestamp": 1782840626.59, "formatted_time": "2026-07-01 01:30:26", "event": "watch_tick", "message": "generated_at=2026-07-01 01:30:26 completed_passes=5088/5088 activity=stalled"}
{"timestamp": 1782840656.684, "formatted_time": "2026-07-01 01:30:56", "event": "watch_tick", "message": "generated_at=2026-07-01 01:30:56 completed_passes=5088/5088 activity=stalled"}
{"timestamp": 1782840686.749, "formatted_time": "2026-07-01 01:31:26", "event": "watch_tick", "message": "generated_at=2026-07-01 01:31:26 completed_passes=5088/5088 activity=stalled"}
{"timestamp": 1782840716.846, "formatted_time": "2026-07-01 01:31:56", "event": "watch_tick", "message": "generated_at=2026-07-01 01:31:56 completed_passes=5088/5088 activity=stalled"}
{"timestamp": 1782840746.941, "formatted_time": "2026-07-01 01:32:26", "event": "watch_tick", "message": "generated_at=2026-07-01 01:32:26 completed_passes=5088/5088 activity=stalled"}
{"timestamp": 1782840777.038, "formatted_time": "2026-07-01 01:32:57", "event": "watch_tick", "message": "generated_at=2026-07-01 01:32:56 completed_passes=5088/5088 activity=stalled"}
{"timestamp": 1782840807.133, "formatted_time": "2026-07-01 01:33:27", "event": "watch_tick", "message": "generated_at=2026-07-01 01:33:27 completed_passes=5088/5088 activity=stalled"}
{"timestamp": 1782840837.232, "formatted_time": "2026-07-01 01:33:57", "event": "watch_tick", "message": "generated_at=2026-07-01 01:33:57 completed_passes=5088/5088 activity=stalled"}
{"timestamp": 1782840867.33, "formatted_time": "2026-07-01 01:34:27", "event": "watch_tick", "message": "generated_at=2026-07-01 01:34:27 completed_passes=5088/5088 activity=stalled"}
{"timestamp": 1782840897.426, "formatted_time": "2026-07-01 01:34:57", "event": "watch_tick", "message": "generated_at=2026-07-01 01:34:57 completed_passes=5088/5088 activity=stalled"}
{"timestamp": 1782840927.521, "formatted_time": "2026-07-01 01:35:27", "event": "watch_tick", "message": "generated_at=2026-07-01 01:35:27 completed_passes=5088/5088 activity=stalled"}
{"timestamp": 1782840957.614, "formatted_time": "2026-07-01 01:35:57", "event": "watch_tick", "message": "generated_at=2026-07-01 01:35:57 completed_passes=5088/5088 activity=stalled"}
{"timestamp": 1782840987.706, "formatted_time": "2026-07-01 01:36:27", "event": "watch_tick", "message": "generated_at=2026-07-01 01:36:27 completed_passes=5088/5088 activity=stalled"}
{"timestamp": 1782841017.799, "formatted_time": "2026-07-01 01:36:57", "event": "watch_tick", "message": "generated_at=2026-07-01 01:36:57 completed_passes=5088/5088 activity=stalled"}
{"timestamp": 1782841047.895, "formatted_time": "2026-07-01 01:37:27", "event": "watch_tick", "message": "generated_at=2026-07-01 01:37:27 completed_passes=5088/5088 activity=stalled"}
{"timestamp": 1782841077.987, "formatted_time": "2026-07-01 01:37:57", "event": "watch_tick", "message": "generated_at=2026-07-01 01:37:57 completed_passes=5088/5088 activity=stalled"}
{"timestamp": 1782841108.08, "formatted_time": "2026-07-01 01:38:28", "event": "watch_tick", "message": "generated_at=2026-07-01 01:38:27 completed_passes=5088/5088 activity=stalled"}
{"timestamp": 1782841138.172, "formatted_time": "2026-07-01 01:38:58", "event": "watch_tick", "message": "generated_at=2026-07-01 01:38:58 completed_passes=5088/5088 activity=stalled"}
{"timestamp": 1782841168.269, "formatted_time": "2026-07-01 01:39:28", "event": "watch_tick", "message": "generated_at=2026-07-01 01:39:28 completed_passes=5088/5088 activity=stalled"}
{"timestamp": 1782841198.335, "formatted_time": "2026-07-01 01:39:58", "event": "watch_tick", "message": "generated_at=2026-07-01 01:39:58 completed_passes=5088/5088 activity=stalled"}
{"timestamp": 1782841228.432, "formatted_time": "2026-07-01 01:40:28", "event": "watch_tick", "message": "generated_at=2026-07-01 01:40:28 completed_passes=5088/5088 activity=stalled"}
{"timestamp": 1782841258.527, "formatted_time": "2026-07-01 01:40:58", "event": "watch_tick", "message": "generated_at=2026-07-01 01:40:58 completed_passes=5088/5088 activity=stalled"}
{"timestamp": 1782841288.622, "formatted_time": "2026-07-01 01:41:28", "event": "watch_tick", "message": "generated_at=2026-07-01 01:41:28 completed_passes=5088/5088 activity=stalled"}
{"timestamp": 1782841318.716, "formatted_time": "2026-07-01 01:41:58", "event": "watch_tick", "message": "generated_at=2026-07-01 01:41:58 completed_passes=5088/5088 activity=stalled"}
{"timestamp": 1782841348.816, "formatted_time": "2026-07-01 01:42:28", "event": "watch_tick", "message": "generated_at=2026-07-01 01:42:28 completed_passes=5088/5088 activity=stalled"}
{"timestamp": 1782841378.915, "formatted_time": "2026-07-01 01:42:58", "event": "watch_tick", "message": "generated_at=2026-07-01 01:42:58 completed_passes=5088/5088 activity=stalled"}
{"timestamp": 1782841409.008, "formatted_time": "2026-07-01 01:43:29", "event": "watch_tick", "message": "generated_at=2026-07-01 01:43:28 completed_passes=5088/5088 activity=stalled"}
{"timestamp": 1782841439.103, "formatted_time": "2026-07-01 01:43:59", "event": "watch_tick", "message": "generated_at=2026-07-01 01:43:59 completed_passes=5088/5088 activity=stalled"}
{"timestamp": 1782841469.195, "formatted_time": "2026-07-01 01:44:29", "event": "watch_tick", "message": "generated_at=2026-07-01 01:44:29 completed_passes=5088/5088 activity=stalled"}
{"timestamp": 1782841499.271, "formatted_time": "2026-07-01 01:44:59", "event": "watch_tick", "message": "generated_at=2026-07-01 01:44:59 completed_passes=5088/5088 activity=stalled"}
{"timestamp": 1782841529.369, "formatted_time": "2026-07-01 01:45:29", "event": "watch_tick", "message": "generated_at=2026-07-01 01:45:29 completed_passes=5088/5088 activity=stalled"}
{"timestamp": 1782841559.459, "formatted_time": "2026-07-01 01:45:59", "event": "watch_tick", "message": "generated_at=2026-07-01 01:45:59 completed_passes=5088/5088 activity=stalled"}
{"timestamp": 1782841589.553, "formatted_time": "2026-07-01 01:46:29", "event": "watch_tick", "message": "generated_at=2026-07-01 01:46:29 completed_passes=5088/5088 activity=stalled"}
{"timestamp": 1782841619.645, "formatted_time": "2026-07-01 01:46:59", "event": "watch_tick", "message": "generated_at=2026-07-01 01:46:59 completed_passes=5088/5088 activity=stalled"}
{"timestamp": 1782841649.75, "formatted_time": "2026-07-01 01:47:29", "event": "watch_tick", "message": "generated_at=2026-07-01 01:47:29 completed_passes=5088/5088 activity=stalled"}
{"timestamp": 1782841679.854, "formatted_time": "2026-07-01 01:47:59", "event": "watch_tick", "message": "generated_at=2026-07-01 01:47:59 completed_passes=5088/5088 activity=stalled"}
{"timestamp": 1782841709.946, "formatted_time": "2026-07-01 01:48:29", "event": "watch_tick", "message": "generated_at=2026-07-01 01:48:29 completed_passes=5088/5088 activity=stalled"}
{"timestamp": 1782841740.041, "formatted_time": "2026-07-01 01:49:00", "event": "watch_tick", "message": "generated_at=2026-07-01 01:48:59 completed_passes=5088/5088 activity=stalled"}
{"timestamp": 1782841770.137, "formatted_time": "2026-07-01 01:49:30", "event": "watch_tick", "message": "generated_at=2026-07-01 01:49:30 completed_passes=5088/5088 activity=stalled"}
{"timestamp": 1782841800.239, "formatted_time": "2026-07-01 01:50:00", "event": "watch_tick", "message": "generated_at=2026-07-01 01:50:00 completed_passes=5088/5088 activity=stalled"}
{"timestamp": 1782841830.332, "formatted_time": "2026-07-01 01:50:30", "event": "watch_tick", "message": "generated_at=2026-07-01 01:50:30 completed_passes=5088/5088 activity=stalled"}
{"timestamp": 1782841860.427, "formatted_time": "2026-07-01 01:51:00", "event": "watch_tick", "message": "generated_at=2026-07-01 01:51:00 completed_passes=5088/5088 activity=stalled"}
{"timestamp": 1782841890.529, "formatted_time": "2026-07-01 01:51:30", "event": "watch_tick", "message": "generated_at=2026-07-01 01:51:30 completed_passes=5088/5088 activity=stalled"}
{"timestamp": 1782841920.621, "formatted_time": "2026-07-01 01:52:00", "event": "watch_tick", "message": "generated_at=2026-07-01 01:52:00 completed_passes=5088/5088 activity=stalled"}
{"timestamp": 1782841950.712, "formatted_time": "2026-07-01 01:52:30", "event": "watch_tick", "message": "generated_at=2026-07-01 01:52:30 completed_passes=5088/5088 activity=stalled"}
{"timestamp": 1782841980.804, "formatted_time": "2026-07-01 01:53:00", "event": "watch_tick", "message": "generated_at=2026-07-01 01:53:00 completed_passes=5088/5088 activity=stalled"}
{"timestamp": 1782842010.899, "formatted_time": "2026-07-01 01:53:30", "event": "watch_tick", "message": "generated_at=2026-07-01 01:53:30 completed_passes=5088/5088 activity=stalled"}
{"timestamp": 1782842040.994, "formatted_time": "2026-07-01 01:54:00", "event": "watch_tick", "message": "generated_at=2026-07-01 01:54:00 completed_passes=5088/5088 activity=stalled"}
{"timestamp": 1782842071.09, "formatted_time": "2026-07-01 01:54:31", "event": "watch_tick", "message": "generated_at=2026-07-01 01:54:30 completed_passes=5088/5088 activity=stalled"}
{"timestamp": 1782842101.159, "formatted_time": "2026-07-01 01:55:01", "event": "watch_tick", "message": "generated_at=2026-07-01 01:55:01 completed_passes=5088/5088 activity=stalled"}
{"timestamp": 1782842131.287, "formatted_time": "2026-07-01 01:55:31", "event": "watch_tick", "message": "generated_at=2026-07-01 01:55:31 completed_passes=5088/5088 activity=stalled"}
{"timestamp": 1782842161.381, "formatted_time": "2026-07-01 01:56:01", "event": "watch_tick", "message": "generated_at=2026-07-01 01:56:01 completed_passes=5088/5088 activity=stalled"}
{"timestamp": 1782842191.473, "formatted_time": "2026-07-01 01:56:31", "event": "watch_tick", "message": "generated_at=2026-07-01 01:56:31 completed_passes=5088/5088 activity=stalled"}
{"timestamp": 1782842221.568, "formatted_time": "2026-07-01 01:57:01", "event": "watch_tick", "message": "generated_at=2026-07-01 01:57:01 completed_passes=5088/5088 activity=stalled"}
{"timestamp": 1782842251.663, "formatted_time": "2026-07-01 01:57:31", "event": "watch_tick", "message": "generated_at=2026-07-01 01:57:31 completed_passes=5088/5088 activity=stalled"}
{"timestamp": 1782842281.765, "formatted_time": "2026-07-01 01:58:01", "event": "watch_tick", "message": "generated_at=2026-07-01 01:58:01 completed_passes=5088/5088 activity=stalled"}
{"timestamp": 1782842311.863, "formatted_time": "2026-07-01 01:58:31", "event": "watch_tick", "message": "generated_at=2026-07-01 01:58:31 completed_passes=5088/5088 activity=stalled"}
{"timestamp": 1782842341.96, "formatted_time": "2026-07-01 01:59:01", "event": "watch_tick", "message": "generated_at=2026-07-01 01:59:01 completed_passes=5088/5088 activity=stalled"}
{"timestamp": 1782842372.057, "formatted_time": "2026-07-01 01:59:32", "event": "watch_tick", "message": "generated_at=2026-07-01 01:59:31 completed_passes=5088/5088 activity=stalled"}
{"timestamp": 1782842402.152, "formatted_time": "2026-07-01 02:00:02", "event": "watch_tick", "message": "generated_at=2026-07-01 02:00:02 completed_passes=5088/5088 activity=stalled"}
{"timestamp": 1782842432.237, "formatted_time": "2026-07-01 02:00:32", "event": "watch_tick", "message": "generated_at=2026-07-01 02:00:32 completed_passes=5088/5088 activity=stalled"}
{"timestamp": 1782842462.334, "formatted_time": "2026-07-01 02:01:02", "event": "watch_tick", "message": "generated_at=2026-07-01 02:01:02 completed_passes=5088/5088 activity=stalled"}
{"timestamp": 1782842492.429, "formatted_time": "2026-07-01 02:01:32", "event": "watch_tick", "message": "generated_at=2026-07-01 02:01:32 completed_passes=5088/5088 activity=stalled"}
{"timestamp": 1782842522.524, "formatted_time": "2026-07-01 02:02:02", "event": "watch_tick", "message": "generated_at=2026-07-01 02:02:02 completed_passes=5088/5088 activity=stalled"}
{"timestamp": 1782842552.621, "formatted_time": "2026-07-01 02:02:32", "event": "watch_tick", "message": "generated_at=2026-07-01 02:02:32 completed_passes=5088/5088 activity=stalled"}
{"timestamp": 1782842582.719, "formatted_time": "2026-07-01 02:03:02", "event": "watch_tick", "message": "generated_at=2026-07-01 02:03:02 completed_passes=5088/5088 activity=stalled"}
{"timestamp": 1782842612.817, "formatted_time": "2026-07-01 02:03:32", "event": "watch_tick", "message": "generated_at=2026-07-01 02:03:32 completed_passes=5088/5088 activity=stalled"}
{"timestamp": 1782842642.91, "formatted_time": "2026-07-01 02:04:02", "event": "watch_tick", "message": "generated_at=2026-07-01 02:04:02 completed_passes=5088/5088 activity=stalled"}
{"timestamp": 1782842673.007, "formatted_time": "2026-07-01 02:04:33", "event": "watch_tick", "message": "generated_at=2026-07-01 02:04:32 completed_passes=5088/5088 activity=stalled"}
{"timestamp": 1782842703.09, "formatted_time": "2026-07-01 02:05:03", "event": "watch_tick", "message": "generated_at=2026-07-01 02:05:03 completed_passes=5088/5088 activity=stalled"}
{"timestamp": 1782842733.19, "formatted_time": "2026-07-01 02:05:33", "event": "watch_tick", "message": "generated_at=2026-07-01 02:05:33 completed_passes=5088/5088 activity=stalled"}
{"timestamp": 1782842763.281, "formatted_time": "2026-07-01 02:06:03", "event": "watch_tick", "message": "generated_at=2026-07-01 02:06:03 completed_passes=5088/5088 activity=stalled"}
{"timestamp": 1782842793.384, "formatted_time": "2026-07-01 02:06:33", "event": "watch_tick", "message": "generated_at=2026-07-01 02:06:33 completed_passes=5088/5088 activity=stalled"}
{"timestamp": 1782842823.483, "formatted_time": "2026-07-01 02:07:03", "event": "watch_tick", "message": "generated_at=2026-07-01 02:07:03 completed_passes=5088/5088 activity=stalled"}
{"timestamp": 1782842853.589, "formatted_time": "2026-07-01 02:07:33", "event": "watch_tick", "message": "generated_at=2026-07-01 02:07:33 completed_passes=5088/5088 activity=stalled"}
{"timestamp": 1782842883.687, "formatted_time": "2026-07-01 02:08:03", "event": "watch_tick", "message": "generated_at=2026-07-01 02:08:03 completed_passes=5088/5088 activity=stalled"}
{"timestamp": 1782842913.784, "formatted_time": "2026-07-01 02:08:33", "event": "watch_tick", "message": "generated_at=2026-07-01 02:08:33 completed_passes=5088/5088 activity=stalled"}
{"timestamp": 1782842943.895, "formatted_time": "2026-07-01 02:09:03", "event": "watch_tick", "message": "generated_at=2026-07-01 02:09:03 completed_passes=5088/5088 activity=stalled"}
{"timestamp": 1782842974.016, "formatted_time": "2026-07-01 02:09:34", "event": "watch_tick", "message": "generated_at=2026-07-01 02:09:33 completed_passes=5088/5088 activity=stalled"}
{"timestamp": 1782843004.118, "formatted_time": "2026-07-01 02:10:04", "event": "watch_tick", "message": "generated_at=2026-07-01 02:10:04 completed_passes=5088/5088 activity=stalled"}
{"timestamp": 1782843034.22, "formatted_time": "2026-07-01 02:10:34", "event": "watch_tick", "message": "generated_at=2026-07-01 02:10:34 completed_passes=5088/5088 activity=stalled"}
{"timestamp": 1782843064.326, "formatted_time": "2026-07-01 02:11:04", "event": "watch_tick", "message": "generated_at=2026-07-01 02:11:04 completed_passes=5088/5088 activity=stalled"}
{"timestamp": 1782843094.425, "formatted_time": "2026-07-01 02:11:34", "event": "watch_tick", "message": "generated_at=2026-07-01 02:11:34 completed_passes=5088/5088 activity=stalled"}
{"timestamp": 1782843124.522, "formatted_time": "2026-07-01 02:12:04", "event": "watch_tick", "message": "generated_at=2026-07-01 02:12:04 completed_passes=5088/5088 activity=stalled"}
{"timestamp": 1782843154.62, "formatted_time": "2026-07-01 02:12:34", "event": "watch_tick", "message": "generated_at=2026-07-01 02:12:34 completed_passes=5088/5088 activity=stalled"}
{"timestamp": 1782843184.719, "formatted_time": "2026-07-01 02:13:04", "event": "watch_tick", "message": "generated_at=2026-07-01 02:13:04 completed_passes=5088/5088 activity=stalled"}
{"timestamp": 1782843214.816, "formatted_time": "2026-07-01 02:13:34", "event": "watch_tick", "message": "generated_at=2026-07-01 02:13:34 completed_passes=5088/5088 activity=stalled"}
{"timestamp": 1782843244.915, "formatted_time": "2026-07-01 02:14:04", "event": "watch_tick", "message": "generated_at=2026-07-01 02:14:04 completed_passes=5088/5088 activity=stalled"}
{"timestamp": 1782843275.014, "formatted_time": "2026-07-01 02:14:35", "event": "watch_tick", "message": "generated_at=2026-07-01 02:14:34 completed_passes=5088/5088 activity=stalled"}
{"timestamp": 1782843305.112, "formatted_time": "2026-07-01 02:15:05", "event": "watch_tick", "message": "generated_at=2026-07-01 02:15:05 completed_passes=5088/5088 activity=stalled"}
{"timestamp": 1782843335.214, "formatted_time": "2026-07-01 02:15:35", "event": "watch_tick", "message": "generated_at=2026-07-01 02:15:35 completed_passes=5088/5088 activity=stalled"}
{"timestamp": 1782843365.324, "formatted_time": "2026-07-01 02:16:05", "event": "watch_tick", "message": "generated_at=2026-07-01 02:16:05 completed_passes=5088/5088 activity=stalled"}
{"timestamp": 1782843395.422, "formatted_time": "2026-07-01 02:16:35", "event": "watch_tick", "message": "generated_at=2026-07-01 02:16:35 completed_passes=5088/5088 activity=stalled"}
{"timestamp": 1782843425.599, "formatted_time": "2026-07-01 02:17:05", "event": "watch_tick", "message": "generated_at=2026-07-01 02:17:05 completed_passes=5088/5088 activity=stalled"}
{"timestamp": 1782843455.701, "formatted_time": "2026-07-01 02:17:35", "event": "watch_tick", "message": "generated_at=2026-07-01 02:17:35 completed_passes=5088/5088 activity=stalled"}
{"timestamp": 1782843485.803, "formatted_time": "2026-07-01 02:18:05", "event": "watch_tick", "message": "generated_at=2026-07-01 02:18:05 completed_passes=5088/5088 activity=stalled"}
{"timestamp": 1782843515.904, "formatted_time": "2026-07-01 02:18:35", "event": "watch_tick", "message": "generated_at=2026-07-01 02:18:35 completed_passes=5088/5088 activity=stalled"}
{"timestamp": 1782843546.005, "formatted_time": "2026-07-01 02:19:06", "event": "watch_tick", "message": "generated_at=2026-07-01 02:19:05 completed_passes=5088/5088 activity=stalled"}
{"timestamp": 1782843576.101, "formatted_time": "2026-07-01 02:19:36", "event": "watch_tick", "message": "generated_at=2026-07-01 02:19:36 completed_passes=5088/5088 activity=stalled"}
{"timestamp": 1782843606.201, "formatted_time": "2026-07-01 02:20:06", "event": "watch_tick", "message": "generated_at=2026-07-01 02:20:06 completed_passes=5088/5088 activity=stalled"}
{"timestamp": 1782843636.303, "formatted_time": "2026-07-01 02:20:36", "event": "watch_tick", "message": "generated_at=2026-07-01 02:20:36 completed_passes=5088/5088 activity=stalled"}
{"timestamp": 1782843666.402, "formatted_time": "2026-07-01 02:21:06", "event": "watch_tick", "message": "generated_at=2026-07-01 02:21:06 completed_passes=5088/5088 activity=stalled"}
{"timestamp": 1782843696.5, "formatted_time": "2026-07-01 02:21:36", "event": "watch_tick", "message": "generated_at=2026-07-01 02:21:36 completed_passes=5088/5088 activity=stalled"}
{"timestamp": 1782843726.595, "formatted_time": "2026-07-01 02:22:06", "event": "watch_tick", "message": "generated_at=2026-07-01 02:22:06 completed_passes=5088/5088 activity=stalled"}
{"timestamp": 1782843756.698, "formatted_time": "2026-07-01 02:22:36", "event": "watch_tick", "message": "generated_at=2026-07-01 02:22:36 completed_passes=5088/5088 activity=stalled"}
{"timestamp": 1782843786.795, "formatted_time": "2026-07-01 02:23:06", "event": "watch_tick", "message": "generated_at=2026-07-01 02:23:06 completed_passes=5088/5088 activity=stalled"}
{"timestamp": 1782843816.89, "formatted_time": "2026-07-01 02:23:36", "event": "watch_tick", "message": "generated_at=2026-07-01 02:23:36 completed_passes=5088/5088 activity=stalled"}
{"timestamp": 1782843846.991, "formatted_time": "2026-07-01 02:24:06", "event": "watch_tick", "message": "generated_at=2026-07-01 02:24:06 completed_passes=5088/5088 activity=stalled"}
{"timestamp": 1782843877.09, "formatted_time": "2026-07-01 02:24:37", "event": "watch_tick", "message": "generated_at=2026-07-01 02:24:36 completed_passes=5088/5088 activity=stalled"}
{"timestamp": 1782843907.2, "formatted_time": "2026-07-01 02:25:07", "event": "watch_tick", "message": "generated_at=2026-07-01 02:25:07 completed_passes=5088/5088 activity=stalled"}
{"timestamp": 1782843937.302, "formatted_time": "2026-07-01 02:25:37", "event": "watch_tick", "message": "generated_at=2026-07-01 02:25:37 completed_passes=5088/5088 activity=stalled"}
{"timestamp": 1782843967.4, "formatted_time": "2026-07-01 02:26:07", "event": "watch_tick", "message": "generated_at=2026-07-01 02:26:07 completed_passes=5088/5088 activity=stalled"}
{"timestamp": 1782843997.498, "formatted_time": "2026-07-01 02:26:37", "event": "watch_tick", "message": "generated_at=2026-07-01 02:26:37 completed_passes=5088/5088 activity=stalled"}
{"timestamp": 1782844027.597, "formatted_time": "2026-07-01 02:27:07", "event": "watch_tick", "message": "generated_at=2026-07-01 02:27:07 completed_passes=5088/5088 activity=stalled"}
{"timestamp": 1782844057.694, "formatted_time": "2026-07-01 02:27:37", "event": "watch_tick", "message": "generated_at=2026-07-01 02:27:37 completed_passes=5088/5088 activity=stalled"}
{"timestamp": 1782844087.781, "formatted_time": "2026-07-01 02:28:07", "event": "watch_tick", "message": "generated_at=2026-07-01 02:28:07 completed_passes=5088/5088 activity=stalled"}
{"timestamp": 1782844117.876, "formatted_time": "2026-07-01 02:28:37", "event": "watch_tick", "message": "generated_at=2026-07-01 02:28:37 completed_passes=5088/5088 activity=stalled"}
{"timestamp": 1782844147.972, "formatted_time": "2026-07-01 02:29:07", "event": "watch_tick", "message": "generated_at=2026-07-01 02:29:07 completed_passes=5088/5088 activity=stalled"}
{"timestamp": 1782844178.077, "formatted_time": "2026-07-01 02:29:38", "event": "watch_tick", "message": "generated_at=2026-07-01 02:29:37 completed_passes=5088/5088 activity=stalled"}
{"timestamp": 1782844208.175, "formatted_time": "2026-07-01 02:30:08", "event": "watch_tick", "message": "generated_at=2026-07-01 02:30:08 completed_passes=5088/5088 activity=stalled"}
{"timestamp": 1782844238.271, "formatted_time": "2026-07-01 02:30:38", "event": "watch_tick", "message": "generated_at=2026-07-01 02:30:38 completed_passes=5088/5088 activity=stalled"}
{"timestamp": 1782844268.369, "formatted_time": "2026-07-01 02:31:08", "event": "watch_tick", "message": "generated_at=2026-07-01 02:31:08 completed_passes=5088/5088 activity=stalled"}
{"timestamp": 1782844298.457, "formatted_time": "2026-07-01 02:31:38", "event": "watch_tick", "message": "generated_at=2026-07-01 02:31:38 completed_passes=5088/5088 activity=stalled"}
{"timestamp": 1782844328.621, "formatted_time": "2026-07-01 02:32:08", "event": "watch_tick", "message": "generated_at=2026-07-01 02:32:08 completed_passes=5088/5088 activity=stalled"}
{"timestamp": 1782844358.716, "formatted_time": "2026-07-01 02:32:38", "event": "watch_tick", "message": "generated_at=2026-07-01 02:32:38 completed_passes=5088/5088 activity=stalled"}
{"timestamp": 1782844388.814, "formatted_time": "2026-07-01 02:33:08", "event": "watch_tick", "message": "generated_at=2026-07-01 02:33:08 completed_passes=5088/5088 activity=stalled"}
{"timestamp": 1782844418.911, "formatted_time": "2026-07-01 02:33:38", "event": "watch_tick", "message": "generated_at=2026-07-01 02:33:38 completed_passes=5088/5088 activity=stalled"}
{"timestamp": 1782844449.009, "formatted_time": "2026-07-01 02:34:09", "event": "watch_tick", "message": "generated_at=2026-07-01 02:34:08 completed_passes=5088/5088 activity=stalled"}
{"timestamp": 1782844479.109, "formatted_time": "2026-07-01 02:34:39", "event": "watch_tick", "message": "generated_at=2026-07-01 02:34:39 completed_passes=5088/5088 activity=stalled"}
{"timestamp": 1782844509.206, "formatted_time": "2026-07-01 02:35:09", "event": "watch_tick", "message": "generated_at=2026-07-01 02:35:09 completed_passes=5088/5088 activity=stalled"}
{"timestamp": 1782844539.311, "formatted_time": "2026-07-01 02:35:39", "event": "watch_tick", "message": "generated_at=2026-07-01 02:35:39 completed_passes=5088/5088 activity=stalled"}
{"timestamp": 1782844569.408, "formatted_time": "2026-07-01 02:36:09", "event": "watch_tick", "message": "generated_at=2026-07-01 02:36:09 completed_passes=5088/5088 activity=stalled"}
{"timestamp": 1782844599.506, "formatted_time": "2026-07-01 02:36:39", "event": "watch_tick", "message": "generated_at=2026-07-01 02:36:39 completed_passes=5088/5088 activity=stalled"}
{"timestamp": 1782844629.603, "formatted_time": "2026-07-01 02:37:09", "event": "watch_tick", "message": "generated_at=2026-07-01 02:37:09 completed_passes=5088/5088 activity=stalled"}
{"timestamp": 1782844659.703, "formatted_time": "2026-07-01 02:37:39", "event": "watch_tick", "message": "generated_at=2026-07-01 02:37:39 completed_passes=5088/5088 activity=stalled"}
{"timestamp": 1782844689.801, "formatted_time": "2026-07-01 02:38:09", "event": "watch_tick", "message": "generated_at=2026-07-01 02:38:09 completed_passes=5088/5088 activity=stalled"}
{"timestamp": 1782844719.888, "formatted_time": "2026-07-01 02:38:39", "event": "watch_tick", "message": "generated_at=2026-07-01 02:38:39 completed_passes=5088/5088 activity=stalled"}
{"timestamp": 1782844749.986, "formatted_time": "2026-07-01 02:39:09", "event": "watch_tick", "message": "generated_at=2026-07-01 02:39:09 completed_passes=5088/5088 activity=stalled"}
{"timestamp": 1782844780.084, "formatted_time": "2026-07-01 02:39:40", "event": "watch_tick", "message": "generated_at=2026-07-01 02:39:39 completed_passes=5088/5088 activity=stalled"}
{"timestamp": 1782844810.183, "formatted_time": "2026-07-01 02:40:10", "event": "watch_tick", "message": "generated_at=2026-07-01 02:40:10 completed_passes=5088/5088 activity=stalled"}
{"timestamp": 1782844840.286, "formatted_time": "2026-07-01 02:40:40", "event": "watch_tick", "message": "generated_at=2026-07-01 02:40:40 completed_passes=5088/5088 activity=stalled"}
{"timestamp": 1782844870.396, "formatted_time": "2026-07-01 02:41:10", "event": "watch_tick", "message": "generated_at=2026-07-01 02:41:10 completed_passes=5088/5088 activity=stalled"}
{"timestamp": 1782844900.494, "formatted_time": "2026-07-01 02:41:40", "event": "watch_tick", "message": "generated_at=2026-07-01 02:41:40 completed_passes=5088/5088 activity=stalled"}
{"timestamp": 1782844930.587, "formatted_time": "2026-07-01 02:42:10", "event": "watch_tick", "message": "generated_at=2026-07-01 02:42:10 completed_passes=5088/5088 activity=stalled"}
{"timestamp": 1782844960.696, "formatted_time": "2026-07-01 02:42:40", "event": "watch_tick", "message": "generated_at=2026-07-01 02:42:40 completed_passes=5088/5088 activity=stalled"}
{"timestamp": 1782844990.803, "formatted_time": "2026-07-01 02:43:10", "event": "watch_tick", "message": "generated_at=2026-07-01 02:43:10 completed_passes=5088/5088 activity=stalled"}
{"timestamp": 1782845020.906, "formatted_time": "2026-07-01 02:43:40", "event": "watch_tick", "message": "generated_at=2026-07-01 02:43:40 completed_passes=5088/5088 activity=stalled"}
{"timestamp": 1782845051.006, "formatted_time": "2026-07-01 02:44:11", "event": "watch_tick", "message": "generated_at=2026-07-01 02:44:10 completed_passes=5088/5088 activity=stalled"}
{"timestamp": 1782845081.109, "formatted_time": "2026-07-01 02:44:41", "event": "watch_tick", "message": "generated_at=2026-07-01 02:44:41 completed_passes=5088/5088 activity=stalled"}
{"timestamp": 1782845111.21, "formatted_time": "2026-07-01 02:45:11", "event": "watch_tick", "message": "generated_at=2026-07-01 02:45:11 completed_passes=5088/5088 activity=stalled"}
{"timestamp": 1782845141.309, "formatted_time": "2026-07-01 02:45:41", "event": "watch_tick", "message": "generated_at=2026-07-01 02:45:41 completed_passes=5088/5088 activity=stalled"}
{"timestamp": 1782845171.407, "formatted_time": "2026-07-01 02:46:11", "event": "watch_tick", "message": "generated_at=2026-07-01 02:46:11 completed_passes=5088/5088 activity=stalled"}
{"timestamp": 1782845201.506, "formatted_time": "2026-07-01 02:46:41", "event": "watch_tick", "message": "generated_at=2026-07-01 02:46:41 completed_passes=5088/5088 activity=stalled"}
{"timestamp": 1782845231.605, "formatted_time": "2026-07-01 02:47:11", "event": "watch_tick", "message": "generated_at=2026-07-01 02:47:11 completed_passes=5088/5088 activity=stalled"}
{"timestamp": 1782845261.701, "formatted_time": "2026-07-01 02:47:41", "event": "watch_tick", "message": "generated_at=2026-07-01 02:47:41 completed_passes=5088/5088 activity=stalled"}
{"timestamp": 1782845291.801, "formatted_time": "2026-07-01 02:48:11", "event": "watch_tick", "message": "generated_at=2026-07-01 02:48:11 completed_passes=5088/5088 activity=stalled"}
{"timestamp": 1782845321.901, "formatted_time": "2026-07-01 02:48:41", "event": "watch_tick", "message": "generated_at=2026-07-01 02:48:41 completed_passes=5088/5088 activity=stalled"}
{"timestamp": 1782845351.999, "formatted_time": "2026-07-01 02:49:11", "event": "watch_tick", "message": "generated_at=2026-07-01 02:49:11 completed_passes=5088/5088 activity=stalled"}
{"timestamp": 1782845382.094, "formatted_time": "2026-07-01 02:49:42", "event": "watch_tick", "message": "generated_at=2026-07-01 02:49:42 completed_passes=5088/5088 activity=stalled"}
{"timestamp": 1782845412.191, "formatted_time": "2026-07-01 02:50:12", "event": "watch_tick", "message": "generated_at=2026-07-01 02:50:12 completed_passes=5088/5088 activity=stalled"}
{"timestamp": 1782845442.277, "formatted_time": "2026-07-01 02:50:42", "event": "watch_tick", "message": "generated_at=2026-07-01 02:50:42 completed_passes=5088/5088 activity=stalled"}
{"timestamp": 1782845472.375, "formatted_time": "2026-07-01 02:51:12", "event": "watch_tick", "message": "generated_at=2026-07-01 02:51:12 completed_passes=5088/5088 activity=stalled"}
{"timestamp": 1782845502.468, "formatted_time": "2026-07-01 02:51:42", "event": "watch_tick", "message": "generated_at=2026-07-01 02:51:42 completed_passes=5088/5088 activity=stalled"}
{"timestamp": 1782845532.527, "formatted_time": "2026-07-01 02:52:12", "event": "watch_tick", "message": "generated_at=2026-07-01 02:52:12 completed_passes=5088/5088 activity=stalled"}
{"timestamp": 1782845562.623, "formatted_time": "2026-07-01 02:52:42", "event": "watch_tick", "message": "generated_at=2026-07-01 02:52:42 completed_passes=5088/5088 activity=stalled"}
{"timestamp": 1782845592.719, "formatted_time": "2026-07-01 02:53:12", "event": "watch_tick", "message": "generated_at=2026-07-01 02:53:12 completed_passes=5088/5088 activity=stalled"}
{"timestamp": 1782845622.819, "formatted_time": "2026-07-01 02:53:42", "event": "watch_tick", "message": "generated_at=2026-07-01 02:53:42 completed_passes=5088/5088 activity=stalled"}
{"timestamp": 1782845652.925, "formatted_time": "2026-07-01 02:54:12", "event": "watch_tick", "message": "generated_at=2026-07-01 02:54:12 completed_passes=5088/5088 activity=stalled"}
{"timestamp": 1782845683.024, "formatted_time": "2026-07-01 02:54:43", "event": "watch_tick", "message": "generated_at=2026-07-01 02:54:42 completed_passes=5088/5088 activity=stalled"}
{"timestamp": 1782845713.121, "formatted_time": "2026-07-01 02:55:13", "event": "watch_tick", "message": "generated_at=2026-07-01 02:55:13 completed_passes=5088/5088 activity=stalled"}
{"timestamp": 1782845743.22, "formatted_time": "2026-07-01 02:55:43", "event": "watch_tick", "message": "generated_at=2026-07-01 02:55:43 completed_passes=5088/5088 activity=stalled"}
{"timestamp": 1782845773.312, "formatted_time": "2026-07-01 02:56:13", "event": "watch_tick", "message": "generated_at=2026-07-01 02:56:13 completed_passes=5088/5088 activity=stalled"}
{"timestamp": 1782845803.396, "formatted_time": "2026-07-01 02:56:43", "event": "watch_tick", "message": "generated_at=2026-07-01 02:56:43 completed_passes=5088/5088 activity=stalled"}
{"timestamp": 1782845833.492, "formatted_time": "2026-07-01 02:57:13", "event": "watch_tick", "message": "generated_at=2026-07-01 02:57:13 completed_passes=5088/5088 activity=stalled"}
{"timestamp": 1782845863.592, "formatted_time": "2026-07-01 02:57:43", "event": "watch_tick", "message": "generated_at=2026-07-01 02:57:43 completed_passes=5088/5088 activity=stalled"}
{"timestamp": 1782845893.693, "formatted_time": "2026-07-01 02:58:13", "event": "watch_tick", "message": "generated_at=2026-07-01 02:58:13 completed_passes=5088/5088 activity=stalled"}
{"timestamp": 1782845923.79, "formatted_time": "2026-07-01 02:58:43", "event": "watch_tick", "message": "generated_at=2026-07-01 02:58:43 completed_passes=5088/5088 activity=stalled"}
{"timestamp": 1782845953.888, "formatted_time": "2026-07-01 02:59:13", "event": "watch_tick", "message": "generated_at=2026-07-01 02:59:13 completed_passes=5088/5088 activity=stalled"}
{"timestamp": 1782845983.976, "formatted_time": "2026-07-01 02:59:43", "event": "watch_tick", "message": "generated_at=2026-07-01 02:59:43 completed_passes=5088/5088 activity=stalled"}
{"timestamp": 1782846014.074, "formatted_time": "2026-07-01 03:00:14", "event": "watch_tick", "message": "generated_at=2026-07-01 03:00:13 completed_passes=5088/5088 activity=stalled"}
{"timestamp": 1782846044.184, "formatted_time": "2026-07-01 03:00:44", "event": "watch_tick", "message": "generated_at=2026-07-01 03:00:44 completed_passes=5088/5088 activity=stalled"}
{"timestamp": 1782846074.275, "formatted_time": "2026-07-01 03:01:14", "event": "watch_tick", "message": "generated_at=2026-07-01 03:01:14 completed_passes=5088/5088 activity=stalled"}
{"timestamp": 1782846104.376, "formatted_time": "2026-07-01 03:01:44", "event": "watch_tick", "message": "generated_at=2026-07-01 03:01:44 completed_passes=5088/5088 activity=stalled"}
{"timestamp": 1782846134.474, "formatted_time": "2026-07-01 03:02:14", "event": "watch_tick", "message": "generated_at=2026-07-01 03:02:14 completed_passes=5088/5088 activity=stalled"}
{"timestamp": 1782846164.575, "formatted_time": "2026-07-01 03:02:44", "event": "watch_tick", "message": "generated_at=2026-07-01 03:02:44 completed_passes=5088/5088 activity=stalled"}
{"timestamp": 1782846194.675, "formatted_time": "2026-07-01 03:03:14", "event": "watch_tick", "message": "generated_at=2026-07-01 03:03:14 completed_passes=5088/5088 activity=stalled"}
{"timestamp": 1782846224.772, "formatted_time": "2026-07-01 03:03:44", "event": "watch_tick", "message": "generated_at=2026-07-01 03:03:44 completed_passes=5088/5088 activity=stalled"}
{"timestamp": 1782846491.621, "formatted_time": "2026-07-01 03:08:11", "event": "watch_tick", "message": "generated_at=2026-07-01 03:08:11 completed_passes=5088/5088 activity=stalled"}
{"timestamp": 1782846521.721, "formatted_time": "2026-07-01 03:08:41", "event": "watch_tick", "message": "generated_at=2026-07-01 03:08:41 completed_passes=5088/5088 activity=stalled"}
{"timestamp": 1782846551.824, "formatted_time": "2026-07-01 03:09:11", "event": "watch_tick", "message": "generated_at=2026-07-01 03:09:11 completed_passes=5088/5088 activity=stalled"}
{"timestamp": 1782846581.919, "formatted_time": "2026-07-01 03:09:41", "event": "watch_tick", "message": "generated_at=2026-07-01 03:09:41 completed_passes=5088/5088 activity=stalled"}
{"timestamp": 1782846612.0, "formatted_time": "2026-07-01 03:10:12", "event": "watch_tick", "message": "generated_at=2026-07-01 03:10:11 completed_passes=5088/5088 activity=stalled"}
{"timestamp": 1782846642.083, "formatted_time": "2026-07-01 03:10:42", "event": "watch_tick", "message": "generated_at=2026-07-01 03:10:42 completed_passes=5088/5088 activity=stalled"}
{"timestamp": 1782846672.181, "formatted_time": "2026-07-01 03:11:12", "event": "watch_tick", "message": "generated_at=2026-07-01 03:11:12 completed_passes=5088/5088 activity=stalled"}
{"timestamp": 1782846702.273, "formatted_time": "2026-07-01 03:11:42", "event": "watch_tick", "message": "generated_at=2026-07-01 03:11:42 completed_passes=5088/5088 activity=stalled"}
{"timestamp": 1782846732.37, "formatted_time": "2026-07-01 03:12:12", "event": "watch_tick", "message": "generated_at=2026-07-01 03:12:12 completed_passes=5088/5088 activity=stalled"}
{"timestamp": 1782846762.466, "formatted_time": "2026-07-01 03:12:42", "event": "watch_tick", "message": "generated_at=2026-07-01 03:12:42 completed_passes=5088/5088 activity=stalled"}
{"timestamp": 1782846792.558, "formatted_time": "2026-07-01 03:13:12", "event": "watch_tick", "message": "generated_at=2026-07-01 03:13:12 completed_passes=5088/5088 activity=stalled"}
{"timestamp": 1782846822.656, "formatted_time": "2026-07-01 03:13:42", "event": "watch_tick", "message": "generated_at=2026-07-01 03:13:42 completed_passes=5088/5088 activity=stalled"}
{"timestamp": 1782846852.754, "formatted_time": "2026-07-01 03:14:12", "event": "watch_tick", "message": "generated_at=2026-07-01 03:14:12 completed_passes=5088/5088 activity=stalled"}
{"timestamp": 1782846882.842, "formatted_time": "2026-07-01 03:14:42", "event": "watch_tick", "message": "generated_at=2026-07-01 03:14:42 completed_passes=5088/5088 activity=stalled"}
{"timestamp": 1782846912.923, "formatted_time": "2026-07-01 03:15:12", "event": "watch_tick", "message": "generated_at=2026-07-01 03:15:12 completed_passes=5088/5088 activity=stalled"}
{"timestamp": 1782846943.023, "formatted_time": "2026-07-01 03:15:43", "event": "watch_tick", "message": "generated_at=2026-07-01 03:15:42 completed_passes=5088/5088 activity=stalled"}
{"timestamp": 1782846973.123, "formatted_time": "2026-07-01 03:16:13", "event": "watch_tick", "message": "generated_at=2026-07-01 03:16:13 completed_passes=5088/5088 activity=stalled"}
{"timestamp": 1782847003.223, "formatted_time": "2026-07-01 03:16:43", "event": "watch_tick", "message": "generated_at=2026-07-01 03:16:43 completed_passes=5088/5088 activity=stalled"}
{"timestamp": 1782847033.323, "formatted_time": "2026-07-01 03:17:13", "event": "watch_tick", "message": "generated_at=2026-07-01 03:17:13 completed_passes=5088/5088 activity=stalled"}
{"timestamp": 1782847063.426, "formatted_time": "2026-07-01 03:17:43", "event": "watch_tick", "message": "generated_at=2026-07-01 03:17:43 completed_passes=5088/5088 activity=stalled"}
{"timestamp": 1782847093.527, "formatted_time": "2026-07-01 03:18:13", "event": "watch_tick", "message": "generated_at=2026-07-01 03:18:13 completed_passes=5088/5088 activity=stalled"}
{"timestamp": 1782847123.629, "formatted_time": "2026-07-01 03:18:43", "event": "watch_tick", "message": "generated_at=2026-07-01 03:18:43 completed_passes=5088/5088 activity=stalled"}
{"timestamp": 1782847153.727, "formatted_time": "2026-07-01 03:19:13", "event": "watch_tick", "message": "generated_at=2026-07-01 03:19:13 completed_passes=5088/5088 activity=stalled"}
{"timestamp": 1782847183.822, "formatted_time": "2026-07-01 03:19:43", "event": "watch_tick", "message": "generated_at=2026-07-01 03:19:43 completed_passes=5088/5088 activity=stalled"}
{"timestamp": 1782847213.929, "formatted_time": "2026-07-01 03:20:13", "event": "watch_tick", "message": "generated_at=2026-07-01 03:20:13 completed_passes=5088/5088 activity=stalled"}
{"timestamp": 1782847244.028, "formatted_time": "2026-07-01 03:20:44", "event": "watch_tick", "message": "generated_at=2026-07-01 03:20:43 completed_passes=5088/5088 activity=stalled"}
{"timestamp": 1782847274.122, "formatted_time": "2026-07-01 03:21:14", "event": "watch_tick", "message": "generated_at=2026-07-01 03:21:14 completed_passes=5088/5088 activity=stalled"}
{"timestamp": 1782847304.221, "formatted_time": "2026-07-01 03:21:44", "event": "watch_tick", "message": "generated_at=2026-07-01 03:21:44 completed_passes=5088/5088 activity=stalled"}
{"timestamp": 1782847334.32, "formatted_time": "2026-07-01 03:22:14", "event": "watch_tick", "message": "generated_at=2026-07-01 03:22:14 completed_passes=5088/5088 activity=stalled"}
{"timestamp": 1782847364.416, "formatted_time": "2026-07-01 03:22:44", "event": "watch_tick", "message": "generated_at=2026-07-01 03:22:44 completed_passes=5088/5088 activity=stalled"}
{"timestamp": 1782847394.503, "formatted_time": "2026-07-01 03:23:14", "event": "watch_tick", "message": "generated_at=2026-07-01 03:23:14 completed_passes=5088/5088 activity=stalled"}
{"timestamp": 1782847424.604, "formatted_time": "2026-07-01 03:23:44", "event": "watch_tick", "message": "generated_at=2026-07-01 03:23:44 completed_passes=5088/5088 activity=stalled"}
{"timestamp": 1782847454.703, "formatted_time": "2026-07-01 03:24:14", "event": "watch_tick", "message": "generated_at=2026-07-01 03:24:14 completed_passes=5088/5088 activity=stalled"}
{"timestamp": 1782847484.799, "formatted_time": "2026-07-01 03:24:44", "event": "watch_tick", "message": "generated_at=2026-07-01 03:24:44 completed_passes=5088/5088 activity=stalled"}
{"timestamp": 1782847514.895, "formatted_time": "2026-07-01 03:25:14", "event": "watch_tick", "message": "generated_at=2026-07-01 03:25:14 completed_passes=5088/5088 activity=stalled"}
{"timestamp": 1782847544.994, "formatted_time": "2026-07-01 03:25:44", "event": "watch_tick", "message": "generated_at=2026-07-01 03:25:44 completed_passes=5088/5088 activity=stalled"}
{"timestamp": 1782847575.079, "formatted_time": "2026-07-01 03:26:15", "event": "watch_tick", "message": "generated_at=2026-07-01 03:26:14 completed_passes=5088/5088 activity=stalled"}
{"timestamp": 1782847605.177, "formatted_time": "2026-07-01 03:26:45", "event": "watch_tick", "message": "generated_at=2026-07-01 03:26:45 completed_passes=5088/5088 activity=stalled"}
{"timestamp": 1782847635.283, "formatted_time": "2026-07-01 03:27:15", "event": "watch_tick", "message": "generated_at=2026-07-01 03:27:15 completed_passes=5088/5088 activity=stalled"}
{"timestamp": 1782847665.381, "formatted_time": "2026-07-01 03:27:45", "event": "watch_tick", "message": "generated_at=2026-07-01 03:27:45 completed_passes=5088/5088 activity=stalled"}
{"timestamp": 1782847695.484, "formatted_time": "2026-07-01 03:28:15", "event": "watch_tick", "message": "generated_at=2026-07-01 03:28:15 completed_passes=5088/5088 activity=stalled"}
{"timestamp": 1782847725.584, "formatted_time": "2026-07-01 03:28:45", "event": "watch_tick", "message": "generated_at=2026-07-01 03:28:45 completed_passes=5088/5088 activity=stalled"}
{"timestamp": 1782847755.68, "formatted_time": "2026-07-01 03:29:15", "event": "watch_tick", "message": "generated_at=2026-07-01 03:29:15 completed_passes=5088/5088 activity=stalled"}
{"timestamp": 1782847785.776, "formatted_time": "2026-07-01 03:29:45", "event": "watch_tick", "message": "generated_at=2026-07-01 03:29:45 completed_passes=5088/5088 activity=stalled"}
{"timestamp": 1782847815.869, "formatted_time": "2026-07-01 03:30:15", "event": "watch_tick", "message": "generated_at=2026-07-01 03:30:15 completed_passes=5088/5088 activity=stalled"}
{"timestamp": 1782847845.967, "formatted_time": "2026-07-01 03:30:45", "event": "watch_tick", "message": "generated_at=2026-07-01 03:30:45 completed_passes=5088/5088 activity=stalled"}
{"timestamp": 1782847876.063, "formatted_time": "2026-07-01 03:31:16", "event": "watch_tick", "message": "generated_at=2026-07-01 03:31:15 completed_passes=5088/5088 activity=stalled"}
{"timestamp": 1782847906.16, "formatted_time": "2026-07-01 03:31:46", "event": "watch_tick", "message": "generated_at=2026-07-01 03:31:46 completed_passes=5088/5088 activity=stalled"}
{"timestamp": 1782847936.257, "formatted_time": "2026-07-01 03:32:16", "event": "watch_tick", "message": "generated_at=2026-07-01 03:32:16 completed_passes=5088/5088 activity=stalled"}
{"timestamp": 1782847966.355, "formatted_time": "2026-07-01 03:32:46", "event": "watch_tick", "message": "generated_at=2026-07-01 03:32:46 completed_passes=5088/5088 activity=stalled"}
{"timestamp": 1782847996.445, "formatted_time": "2026-07-01 03:33:16", "event": "watch_tick", "message": "generated_at=2026-07-01 03:33:16 completed_passes=5088/5088 activity=stalled"}
{"timestamp": 1782848026.542, "formatted_time": "2026-07-01 03:33:46", "event": "watch_tick", "message": "generated_at=2026-07-01 03:33:46 completed_passes=5088/5088 activity=stalled"}
{"timestamp": 1782848056.65, "formatted_time": "2026-07-01 03:34:16", "event": "watch_tick", "message": "generated_at=2026-07-01 03:34:16 completed_passes=5088/5088 activity=stalled"}
{"timestamp": 1782848086.744, "formatted_time": "2026-07-01 03:34:46", "event": "watch_tick", "message": "generated_at=2026-07-01 03:34:46 completed_passes=5088/5088 activity=stalled"}
{"timestamp": 1782851442.058, "formatted_time": "2026-07-01 04:30:42", "event": "watch_tick", "message": "generated_at=2026-07-01 04:30:41 completed_passes=5088/5088 activity=stalled"}
{"timestamp": 1782851472.156, "formatted_time": "2026-07-01 04:31:12", "event": "watch_tick", "message": "generated_at=2026-07-01 04:31:12 completed_passes=5088/5088 activity=stalled"}
{"timestamp": 1782851502.261, "formatted_time": "2026-07-01 04:31:42", "event": "watch_tick", "message": "generated_at=2026-07-01 04:31:42 completed_passes=5088/5088 activity=stalled"}
{"timestamp": 1782851532.356, "formatted_time": "2026-07-01 04:32:12", "event": "watch_tick", "message": "generated_at=2026-07-01 04:32:12 completed_passes=5088/5088 activity=stalled"}
{"timestamp": 1782851562.437, "formatted_time": "2026-07-01 04:32:42", "event": "watch_tick", "message": "generated_at=2026-07-01 04:32:42 completed_passes=5088/5088 activity=stalled"}
{"timestamp": 1782851592.538, "formatted_time": "2026-07-01 04:33:12", "event": "watch_tick", "message": "generated_at=2026-07-01 04:33:12 completed_passes=5088/5088 activity=stalled"}
{"timestamp": 1782851622.637, "formatted_time": "2026-07-01 04:33:42", "event": "watch_tick", "message": "generated_at=2026-07-01 04:33:42 completed_passes=5088/5088 activity=stalled"}
{"timestamp": 1782851652.735, "formatted_time": "2026-07-01 04:34:12", "event": "watch_tick", "message": "generated_at=2026-07-01 04:34:12 completed_passes=5088/5088 activity=stalled"}
{"timestamp": 1782859889.054, "formatted_time": "2026-07-01 06:51:29", "event": "watch_tick", "message": "generated_at=2026-07-01 06:51:28 completed_passes=5088/5088 activity=stalled"}
{"timestamp": 1782863664.513, "formatted_time": "2026-07-01 07:54:24", "event": "watch_tick", "message": "generated_at=2026-07-01 07:54:24 completed_passes=5088/5088 activity=stalled"}
{"timestamp": 1782863694.612, "formatted_time": "2026-07-01 07:54:54", "event": "watch_tick", "message": "generated_at=2026-07-01 07:54:54 completed_passes=5088/5088 activity=stalled"}
{"timestamp": 1782863724.709, "formatted_time": "2026-07-01 07:55:24", "event": "watch_tick", "message": "generated_at=2026-07-01 07:55:24 completed_passes=5088/5088 activity=stalled"}
{"timestamp": 1782863754.814, "formatted_time": "2026-07-01 07:55:54", "event": "watch_tick", "message": "generated_at=2026-07-01 07:55:54 completed_passes=5088/5088 activity=stalled"}
{"timestamp": 1782863784.913, "formatted_time": "2026-07-01 07:56:24", "event": "watch_tick", "message": "generated_at=2026-07-01 07:56:24 completed_passes=5088/5088 activity=stalled"}
{"timestamp": 1782863815.012, "formatted_time": "2026-07-01 07:56:55", "event": "watch_tick", "message": "generated_at=2026-07-01 07:56:54 completed_passes=5088/5088 activity=stalled"}
{"timestamp": 1782863845.11, "formatted_time": "2026-07-01 07:57:25", "event": "watch_tick", "message": "generated_at=2026-07-01 07:57:25 completed_passes=5088/5088 activity=stalled"}
{"timestamp": 1782863875.209, "formatted_time": "2026-07-01 07:57:55", "event": "watch_tick", "message": "generated_at=2026-07-01 07:57:55 completed_passes=5088/5088 activity=stalled"}
{"timestamp": 1782864559.759, "formatted_time": "2026-07-01 08:09:19", "event": "watch_tick", "message": "generated_at=2026-07-01 08:09:19 completed_passes=5088/5088 activity=stalled"}
{"timestamp": 1782864589.858, "formatted_time": "2026-07-01 08:09:49", "event": "watch_tick", "message": "generated_at=2026-07-01 08:09:49 completed_passes=5088/5088 activity=stalled"}
{"timestamp": 1782864619.96, "formatted_time": "2026-07-01 08:10:19", "event": "watch_tick", "message": "generated_at=2026-07-01 08:10:19 completed_passes=5088/5088 activity=stalled"}
{"timestamp": 1782864650.051, "formatted_time": "2026-07-01 08:10:50", "event": "watch_tick", "message": "generated_at=2026-07-01 08:10:49 completed_passes=5088/5088 activity=stalled"}
{"timestamp": 1782864680.145, "formatted_time": "2026-07-01 08:11:20", "event": "watch_tick", "message": "generated_at=2026-07-01 08:11:20 completed_passes=5088/5088 activity=stalled"}
{"timestamp": 1782864710.255, "formatted_time": "2026-07-01 08:11:50", "event": "watch_tick", "message": "generated_at=2026-07-01 08:11:50 completed_passes=5088/5088 activity=stalled"}
{"timestamp": 1782864740.352, "formatted_time": "2026-07-01 08:12:20", "event": "watch_tick", "message": "generated_at=2026-07-01 08:12:20 completed_passes=5088/5088 activity=stalled"}
{"timestamp": 1782864770.451, "formatted_time": "2026-07-01 08:12:50", "event": "watch_tick", "message": "generated_at=2026-07-01 08:12:50 completed_passes=5088/5088 activity=stalled"}
{"timestamp": 1782864800.561, "formatted_time": "2026-07-01 08:13:20", "event": "watch_tick", "message": "generated_at=2026-07-01 08:13:20 completed_passes=5088/5088 activity=stalled"}
{"timestamp": 1782864830.679, "formatted_time": "2026-07-01 08:13:50", "event": "watch_tick", "message": "generated_at=2026-07-01 08:13:50 completed_passes=5088/5088 activity=stalled"}
{"timestamp": 1782864860.763, "formatted_time": "2026-07-01 08:14:20", "event": "watch_tick", "message": "generated_at=2026-07-01 08:14:20 completed_passes=5088/5088 activity=stalled"}
{"timestamp": 1782864890.869, "formatted_time": "2026-07-01 08:14:50", "event": "watch_tick", "message": "generated_at=2026-07-01 08:14:50 completed_passes=5088/5088 activity=stalled"}
{"timestamp": 1782864920.965, "formatted_time": "2026-07-01 08:15:20", "event": "watch_tick", "message": "generated_at=2026-07-01 08:15:20 completed_passes=5088/5088 activity=stalled"}
{"timestamp": 1782864951.063, "formatted_time": "2026-07-01 08:15:51", "event": "watch_tick", "message": "generated_at=2026-07-01 08:15:50 completed_passes=5088/5088 activity=stalled"}
{"timestamp": 1782864981.164, "formatted_time": "2026-07-01 08:16:21", "event": "watch_tick", "message": "generated_at=2026-07-01 08:16:21 completed_passes=5088/5088 activity=stalled"}
{"timestamp": 1782865011.242, "formatted_time": "2026-07-01 08:16:51", "event": "watch_tick", "message": "generated_at=2026-07-01 08:16:51 completed_passes=5088/5088 activity=stalled"}
{"timestamp": 1782865041.337, "formatted_time": "2026-07-01 08:17:21", "event": "watch_tick", "message": "generated_at=2026-07-01 08:17:21 completed_passes=5088/5088 activity=stalled"}
{"timestamp": 1782865071.433, "formatted_time": "2026-07-01 08:17:51", "event": "watch_tick", "message": "generated_at=2026-07-01 08:17:51 completed_passes=5088/5088 activity=stalled"}
{"timestamp": 1782865101.532, "formatted_time": "2026-07-01 08:18:21", "event": "watch_tick", "message": "generated_at=2026-07-01 08:18:21 completed_passes=5088/5088 activity=stalled"}
{"timestamp": 1782865131.631, "formatted_time": "2026-07-01 08:18:51", "event": "watch_tick", "message": "generated_at=2026-07-01 08:18:51 completed_passes=5088/5088 activity=stalled"}
{"timestamp": 1782865161.798, "formatted_time": "2026-07-01 08:19:21", "event": "watch_tick", "message": "generated_at=2026-07-01 08:19:21 completed_passes=5088/5088 activity=stalled"}
{"timestamp": 1782865191.898, "formatted_time": "2026-07-01 08:19:51", "event": "watch_tick", "message": "generated_at=2026-07-01 08:19:51 completed_passes=5088/5088 activity=stalled"}
{"timestamp": 1782865222.003, "formatted_time": "2026-07-01 08:20:22", "event": "watch_tick", "message": "generated_at=2026-07-01 08:20:21 completed_passes=5088/5088 activity=stalled"}
{"timestamp": 1782865252.101, "formatted_time": "2026-07-01 08:20:52", "event": "watch_tick", "message": "generated_at=2026-07-01 08:20:52 completed_passes=5088/5088 activity=stalled"}
{"timestamp": 1782865282.197, "formatted_time": "2026-07-01 08:21:22", "event": "watch_tick", "message": "generated_at=2026-07-01 08:21:22 completed_passes=5088/5088 activity=stalled"}
{"timestamp": 1782865312.295, "formatted_time": "2026-07-01 08:21:52", "event": "watch_tick", "message": "generated_at=2026-07-01 08:21:52 completed_passes=5088/5088 activity=stalled"}
{"timestamp": 1782865342.384, "formatted_time": "2026-07-01 08:22:22", "event": "watch_tick", "message": "generated_at=2026-07-01 08:22:22 completed_passes=5088/5088 activity=stalled"}
{"timestamp": 1782865372.482, "formatted_time": "2026-07-01 08:22:52", "event": "watch_tick", "message": "generated_at=2026-07-01 08:22:52 completed_passes=5088/5088 activity=stalled"}
{"timestamp": 1782865402.58, "formatted_time": "2026-07-01 08:23:22", "event": "watch_tick", "message": "generated_at=2026-07-01 08:23:22 completed_passes=5088/5088 activity=stalled"}
{"timestamp": 1782865432.679, "formatted_time": "2026-07-01 08:23:52", "event": "watch_tick", "message": "generated_at=2026-07-01 08:23:52 completed_passes=5088/5088 activity=stalled"}
{"timestamp": 1782865462.782, "formatted_time": "2026-07-01 08:24:22", "event": "watch_tick", "message": "generated_at=2026-07-01 08:24:22 completed_passes=5088/5088 activity=stalled"}
{"timestamp": 1782865492.879, "formatted_time": "2026-07-01 08:24:52", "event": "watch_tick", "message": "generated_at=2026-07-01 08:24:52 completed_passes=5088/5088 activity=stalled"}
{"timestamp": 1782865522.978, "formatted_time": "2026-07-01 08:25:22", "event": "watch_tick", "message": "generated_at=2026-07-01 08:25:22 completed_passes=5088/5088 activity=stalled"}
{"timestamp": 1782865553.072, "formatted_time": "2026-07-01 08:25:53", "event": "watch_tick", "message": "generated_at=2026-07-01 08:25:52 completed_passes=5088/5088 activity=stalled"}
{"timestamp": 1782865583.171, "formatted_time": "2026-07-01 08:26:23", "event": "watch_tick", "message": "generated_at=2026-07-01 08:26:23 completed_passes=5088/5088 activity=stalled"}
{"timestamp": 1782865613.274, "formatted_time": "2026-07-01 08:26:53", "event": "watch_tick", "message": "generated_at=2026-07-01 08:26:53 completed_passes=5088/5088 activity=stalled"}
{"timestamp": 1782865643.373, "formatted_time": "2026-07-01 08:27:23", "event": "watch_tick", "message": "generated_at=2026-07-01 08:27:23 completed_passes=5088/5088 activity=stalled"}
{"timestamp": 1782865673.471, "formatted_time": "2026-07-01 08:27:53", "event": "watch_tick", "message": "generated_at=2026-07-01 08:27:53 completed_passes=5088/5088 activity=stalled"}
{"timestamp": 1782865703.571, "formatted_time": "2026-07-01 08:28:23", "event": "watch_tick", "message": "generated_at=2026-07-01 08:28:23 completed_passes=5088/5088 activity=stalled"}
{"timestamp": 1782865733.676, "formatted_time": "2026-07-01 08:28:53", "event": "watch_tick", "message": "generated_at=2026-07-01 08:28:53 completed_passes=5088/5088 activity=stalled"}
{"timestamp": 1782865763.772, "formatted_time": "2026-07-01 08:29:23", "event": "watch_tick", "message": "generated_at=2026-07-01 08:29:23 completed_passes=5088/5088 activity=stalled"}
{"timestamp": 1782865793.873, "formatted_time": "2026-07-01 08:29:53", "event": "watch_tick", "message": "generated_at=2026-07-01 08:29:53 completed_passes=5088/5088 activity=stalled"}
{"timestamp": 1782865823.977, "formatted_time": "2026-07-01 08:30:23", "event": "watch_tick", "message": "generated_at=2026-07-01 08:30:23 completed_passes=5088/5088 activity=stalled"}
{"timestamp": 1782865854.076, "formatted_time": "2026-07-01 08:30:54", "event": "watch_tick", "message": "generated_at=2026-07-01 08:30:53 completed_passes=5088/5088 activity=stalled"}
{"timestamp": 1782865884.176, "formatted_time": "2026-07-01 08:31:24", "event": "watch_tick", "message": "generated_at=2026-07-01 08:31:24 completed_passes=5088/5088 activity=stalled"}
{"timestamp": 1782865914.278, "formatted_time": "2026-07-01 08:31:54", "event": "watch_tick", "message": "generated_at=2026-07-01 08:31:54 completed_passes=5088/5088 activity=stalled"}
{"timestamp": 1782865944.381, "formatted_time": "2026-07-01 08:32:24", "event": "watch_tick", "message": "generated_at=2026-07-01 08:32:24 completed_passes=5088/5088 activity=stalled"}
{"timestamp": 1782865974.474, "formatted_time": "2026-07-01 08:32:54", "event": "watch_tick", "message": "generated_at=2026-07-01 08:32:54 completed_passes=5088/5088 activity=stalled"}
{"timestamp": 1782866004.563, "formatted_time": "2026-07-01 08:33:24", "event": "watch_tick", "message": "generated_at=2026-07-01 08:33:24 completed_passes=5088/5088 activity=stalled"}
{"timestamp": 1782866034.741, "formatted_time": "2026-07-01 08:33:54", "event": "watch_tick", "message": "generated_at=2026-07-01 08:33:54 completed_passes=5088/5088 activity=stalled"}
{"timestamp": 1782866064.837, "formatted_time": "2026-07-01 08:34:24", "event": "watch_tick", "message": "generated_at=2026-07-01 08:34:24 completed_passes=5088/5088 activity=stalled"}
{"timestamp": 1782866094.934, "formatted_time": "2026-07-01 08:34:54", "event": "watch_tick", "message": "generated_at=2026-07-01 08:34:54 completed_passes=5088/5088 activity=stalled"}
{"timestamp": 1782866125.034, "formatted_time": "2026-07-01 08:35:25", "event": "watch_tick", "message": "generated_at=2026-07-01 08:35:24 completed_passes=5088/5088 activity=stalled"}
{"timestamp": 1782866155.127, "formatted_time": "2026-07-01 08:35:55", "event": "watch_tick", "message": "generated_at=2026-07-01 08:35:55 completed_passes=5088/5088 activity=stalled"}
{"timestamp": 1782866185.226, "formatted_time": "2026-07-01 08:36:25", "event": "watch_tick", "message": "generated_at=2026-07-01 08:36:25 completed_passes=5088/5088 activity=stalled"}
{"timestamp": 1782866215.323, "formatted_time": "2026-07-01 08:36:55", "event": "watch_tick", "message": "generated_at=2026-07-01 08:36:55 completed_passes=5088/5088 activity=stalled"}
{"timestamp": 1782866245.417, "formatted_time": "2026-07-01 08:37:25", "event": "watch_tick", "message": "generated_at=2026-07-01 08:37:25 completed_passes=5088/5088 activity=stalled"}
{"timestamp": 1782866275.51, "formatted_time": "2026-07-01 08:37:55", "event": "watch_tick", "message": "generated_at=2026-07-01 08:37:55 completed_passes=5088/5088 activity=stalled"}
{"timestamp": 1782866305.609, "formatted_time": "2026-07-01 08:38:25", "event": "watch_tick", "message": "generated_at=2026-07-01 08:38:25 completed_passes=5088/5088 activity=stalled"}
{"timestamp": 1782866335.704, "formatted_time": "2026-07-01 08:38:55", "event": "watch_tick", "message": "generated_at=2026-07-01 08:38:55 completed_passes=5088/5088 activity=stalled"}
{"timestamp": 1782866365.81, "formatted_time": "2026-07-01 08:39:25", "event": "watch_tick", "message": "generated_at=2026-07-01 08:39:25 completed_passes=5088/5088 activity=stalled"}
{"timestamp": 1782866395.906, "formatted_time": "2026-07-01 08:39:55", "event": "watch_tick", "message": "generated_at=2026-07-01 08:39:55 completed_passes=5088/5088 activity=stalled"}
{"timestamp": 1782866426.001, "formatted_time": "2026-07-01 08:40:26", "event": "watch_tick", "message": "generated_at=2026-07-01 08:40:25 completed_passes=5088/5088 activity=stalled"}
{"timestamp": 1782866456.101, "formatted_time": "2026-07-01 08:40:56", "event": "watch_tick", "message": "generated_at=2026-07-01 08:40:56 completed_passes=5088/5088 activity=stalled"}
{"timestamp": 1782866486.197, "formatted_time": "2026-07-01 08:41:26", "event": "watch_tick", "message": "generated_at=2026-07-01 08:41:26 completed_passes=5088/5088 activity=stalled"}
{"timestamp": 1782866516.287, "formatted_time": "2026-07-01 08:41:56", "event": "watch_tick", "message": "generated_at=2026-07-01 08:41:56 completed_passes=5088/5088 activity=stalled"}
{"timestamp": 1782866546.384, "formatted_time": "2026-07-01 08:42:26", "event": "watch_tick", "message": "generated_at=2026-07-01 08:42:26 completed_passes=5088/5088 activity=stalled"}
{"timestamp": 1782866576.465, "formatted_time": "2026-07-01 08:42:56", "event": "watch_tick", "message": "generated_at=2026-07-01 08:42:56 completed_passes=5088/5088 activity=stalled"}
{"timestamp": 1782866606.553, "formatted_time": "2026-07-01 08:43:26", "event": "watch_tick", "message": "generated_at=2026-07-01 08:43:26 completed_passes=5088/5088 activity=stalled"}
{"timestamp": 1782866636.645, "formatted_time": "2026-07-01 08:43:56", "event": "watch_tick", "message": "generated_at=2026-07-01 08:43:56 completed_passes=5088/5088 activity=stalled"}
{"timestamp": 1782866666.746, "formatted_time": "2026-07-01 08:44:26", "event": "watch_tick", "message": "generated_at=2026-07-01 08:44:26 completed_passes=5088/5088 activity=stalled"}
{"timestamp": 1782866696.847, "formatted_time": "2026-07-01 08:44:56", "event": "watch_tick", "message": "generated_at=2026-07-01 08:44:56 completed_passes=5088/5088 activity=stalled"}
{"timestamp": 1782866726.945, "formatted_time": "2026-07-01 08:45:26", "event": "watch_tick", "message": "generated_at=2026-07-01 08:45:26 completed_passes=5088/5088 activity=stalled"}
{"timestamp": 1782866757.042, "formatted_time": "2026-07-01 08:45:57", "event": "watch_tick", "message": "generated_at=2026-07-01 08:45:56 completed_passes=5088/5088 activity=stalled"}
{"timestamp": 1782866787.128, "formatted_time": "2026-07-01 08:46:27", "event": "watch_tick", "message": "generated_at=2026-07-01 08:46:27 completed_passes=5088/5088 activity=stalled"}
{"timestamp": 1782866817.229, "formatted_time": "2026-07-01 08:46:57", "event": "watch_tick", "message": "generated_at=2026-07-01 08:46:57 completed_passes=5088/5088 activity=stalled"}
{"timestamp": 1782866847.328, "formatted_time": "2026-07-01 08:47:27", "event": "watch_tick", "message": "generated_at=2026-07-01 08:47:27 completed_passes=5088/5088 activity=stalled"}
{"timestamp": 1782866877.425, "formatted_time": "2026-07-01 08:47:57", "event": "watch_tick", "message": "generated_at=2026-07-01 08:47:57 completed_passes=5088/5088 activity=stalled"}
{"timestamp": 1782866907.521, "formatted_time": "2026-07-01 08:48:27", "event": "watch_tick", "message": "generated_at=2026-07-01 08:48:27 completed_passes=5088/5088 activity=stalled"}
{"timestamp": 1782866937.615, "formatted_time": "2026-07-01 08:48:57", "event": "watch_tick", "message": "generated_at=2026-07-01 08:48:57 completed_passes=5088/5088 activity=stalled"}
{"timestamp": 1782866967.718, "formatted_time": "2026-07-01 08:49:27", "event": "watch_tick", "message": "generated_at=2026-07-01 08:49:27 completed_passes=5088/5088 activity=stalled"}
{"timestamp": 1782866997.803, "formatted_time": "2026-07-01 08:49:57", "event": "watch_tick", "message": "generated_at=2026-07-01 08:49:57 completed_passes=5088/5088 activity=stalled"}
{"timestamp": 1782867027.903, "formatted_time": "2026-07-01 08:50:27", "event": "watch_tick", "message": "generated_at=2026-07-01 08:50:27 completed_passes=5088/5088 activity=stalled"}
{"timestamp": 1782867058.002, "formatted_time": "2026-07-01 08:50:58", "event": "watch_tick", "message": "generated_at=2026-07-01 08:50:57 completed_passes=5088/5088 activity=stalled"}
{"timestamp": 1782867088.099, "formatted_time": "2026-07-01 08:51:28", "event": "watch_tick", "message": "generated_at=2026-07-01 08:51:28 completed_passes=5088/5088 activity=stalled"}
{"timestamp": 1782867118.194, "formatted_time": "2026-07-01 08:51:58", "event": "watch_tick", "message": "generated_at=2026-07-01 08:51:58 completed_passes=5088/5088 activity=stalled"}
{"timestamp": 1782867148.292, "formatted_time": "2026-07-01 08:52:28", "event": "watch_tick", "message": "generated_at=2026-07-01 08:52:28 completed_passes=5088/5088 activity=stalled"}
{"timestamp": 1782867178.391, "formatted_time": "2026-07-01 08:52:58", "event": "watch_tick", "message": "generated_at=2026-07-01 08:52:58 completed_passes=5088/5088 activity=stalled"}
{"timestamp": 1782867208.483, "formatted_time": "2026-07-01 08:53:28", "event": "watch_tick", "message": "generated_at=2026-07-01 08:53:28 completed_passes=5088/5088 activity=stalled"}
{"timestamp": 1782867238.582, "formatted_time": "2026-07-01 08:53:58", "event": "watch_tick", "message": "generated_at=2026-07-01 08:53:58 completed_passes=5088/5088 activity=stalled"}
{"timestamp": 1782867268.66, "formatted_time": "2026-07-01 08:54:28", "event": "watch_tick", "message": "generated_at=2026-07-01 08:54:28 completed_passes=5088/5088 activity=stalled"}
{"timestamp": 1782867298.755, "formatted_time": "2026-07-01 08:54:58", "event": "watch_tick", "message": "generated_at=2026-07-01 08:54:58 completed_passes=5088/5088 activity=stalled"}
{"timestamp": 1782867328.857, "formatted_time": "2026-07-01 08:55:28", "event": "watch_tick", "message": "generated_at=2026-07-01 08:55:28 completed_passes=5088/5088 activity=stalled"}
{"timestamp": 1782867358.952, "formatted_time": "2026-07-01 08:55:58", "event": "watch_tick", "message": "generated_at=2026-07-01 08:55:58 completed_passes=5088/5088 activity=stalled"}
{"timestamp": 1782867389.05, "formatted_time": "2026-07-01 08:56:29", "event": "watch_tick", "message": "generated_at=2026-07-01 08:56:28 completed_passes=5088/5088 activity=stalled"}
{"timestamp": 1782867419.149, "formatted_time": "2026-07-01 08:56:59", "event": "watch_tick", "message": "generated_at=2026-07-01 08:56:59 completed_passes=5088/5088 activity=stalled"}
{"timestamp": 1782867449.247, "formatted_time": "2026-07-01 08:57:29", "event": "watch_tick", "message": "generated_at=2026-07-01 08:57:29 completed_passes=5088/5088 activity=stalled"}
{"timestamp": 1782867479.35, "formatted_time": "2026-07-01 08:57:59", "event": "watch_tick", "message": "generated_at=2026-07-01 08:57:59 completed_passes=5088/5088 activity=stalled"}
{"timestamp": 1782867509.448, "formatted_time": "2026-07-01 08:58:29", "event": "watch_tick", "message": "generated_at=2026-07-01 08:58:29 completed_passes=5088/5088 activity=stalled"}
{"timestamp": 1782867539.544, "formatted_time": "2026-07-01 08:58:59", "event": "watch_tick", "message": "generated_at=2026-07-01 08:58:59 completed_passes=5088/5088 activity=stalled"}
{"timestamp": 1782867569.644, "formatted_time": "2026-07-01 08:59:29", "event": "watch_tick", "message": "generated_at=2026-07-01 08:59:29 completed_passes=5088/5088 activity=stalled"}
{"timestamp": 1782867599.731, "formatted_time": "2026-07-01 08:59:59", "event": "watch_tick", "message": "generated_at=2026-07-01 08:59:59 completed_passes=5088/5088 activity=stalled"}
{"timestamp": 1782867629.826, "formatted_time": "2026-07-01 09:00:29", "event": "watch_tick", "message": "generated_at=2026-07-01 09:00:29 completed_passes=5088/5088 activity=stalled"}
{"timestamp": 1782867659.918, "formatted_time": "2026-07-01 09:00:59", "event": "watch_tick", "message": "generated_at=2026-07-01 09:00:59 completed_passes=5088/5088 activity=stalled"}
{"timestamp": 1782867690.02, "formatted_time": "2026-07-01 09:01:30", "event": "watch_tick", "message": "generated_at=2026-07-01 09:01:29 completed_passes=5088/5088 activity=stalled"}
{"timestamp": 1782867720.117, "formatted_time": "2026-07-01 09:02:00", "event": "watch_tick", "message": "generated_at=2026-07-01 09:02:00 completed_passes=5088/5088 activity=stalled"}
{"timestamp": 1782867750.216, "formatted_time": "2026-07-01 09:02:30", "event": "watch_tick", "message": "generated_at=2026-07-01 09:02:30 completed_passes=5088/5088 activity=stalled"}
{"timestamp": 1782867780.361, "formatted_time": "2026-07-01 09:03:00", "event": "watch_tick", "message": "generated_at=2026-07-01 09:03:00 completed_passes=5088/5088 activity=stalled"}
{"timestamp": 1782867810.471, "formatted_time": "2026-07-01 09:03:30", "event": "watch_tick", "message": "generated_at=2026-07-01 09:03:30 completed_passes=5088/5088 activity=stalled"}
{"timestamp": 1782867840.57, "formatted_time": "2026-07-01 09:04:00", "event": "watch_tick", "message": "generated_at=2026-07-01 09:04:00 completed_passes=5088/5088 activity=stalled"}
{"timestamp": 1782867870.667, "formatted_time": "2026-07-01 09:04:30", "event": "watch_tick", "message": "generated_at=2026-07-01 09:04:30 completed_passes=5088/5088 activity=stalled"}
{"timestamp": 1782867900.762, "formatted_time": "2026-07-01 09:05:00", "event": "watch_tick", "message": "generated_at=2026-07-01 09:05:00 completed_passes=5088/5088 activity=stalled"}
{"timestamp": 1782867930.862, "formatted_time": "2026-07-01 09:05:30", "event": "watch_tick", "message": "generated_at=2026-07-01 09:05:30 completed_passes=5088/5088 activity=stalled"}
{"timestamp": 1782867960.961, "formatted_time": "2026-07-01 09:06:00", "event": "watch_tick", "message": "generated_at=2026-07-01 09:06:00 completed_passes=5088/5088 activity=stalled"}
{"timestamp": 1782867991.06, "formatted_time": "2026-07-01 09:06:31", "event": "watch_tick", "message": "generated_at=2026-07-01 09:06:30 completed_passes=5088/5088 activity=stalled"}
{"timestamp": 1782868021.157, "formatted_time": "2026-07-01 09:07:01", "event": "watch_tick", "message": "generated_at=2026-07-01 09:07:01 completed_passes=5088/5088 activity=stalled"}
{"timestamp": 1782868051.261, "formatted_time": "2026-07-01 09:07:31", "event": "watch_tick", "message": "generated_at=2026-07-01 09:07:31 completed_passes=5088/5088 activity=stalled"}
{"timestamp": 1782868081.359, "formatted_time": "2026-07-01 09:08:01", "event": "watch_tick", "message": "generated_at=2026-07-01 09:08:01 completed_passes=5088/5088 activity=stalled"}
{"timestamp": 1782868111.464, "formatted_time": "2026-07-01 09:08:31", "event": "watch_tick", "message": "generated_at=2026-07-01 09:08:31 completed_passes=5088/5088 activity=stalled"}
{"timestamp": 1782868141.565, "formatted_time": "2026-07-01 09:09:01", "event": "watch_tick", "message": "generated_at=2026-07-01 09:09:01 completed_passes=5088/5088 activity=stalled"}
{"timestamp": 1782868171.669, "formatted_time": "2026-07-01 09:09:31", "event": "watch_tick", "message": "generated_at=2026-07-01 09:09:31 completed_passes=5088/5088 activity=stalled"}
{"timestamp": 1782868201.775, "formatted_time": "2026-07-01 09:10:01", "event": "watch_tick", "message": "generated_at=2026-07-01 09:10:01 completed_passes=5088/5088 activity=stalled"}
{"timestamp": 1782868231.872, "formatted_time": "2026-07-01 09:10:31", "event": "watch_tick", "message": "generated_at=2026-07-01 09:10:31 completed_passes=5088/5088 activity=stalled"}
{"timestamp": 1782868261.971, "formatted_time": "2026-07-01 09:11:01", "event": "watch_tick", "message": "generated_at=2026-07-01 09:11:01 completed_passes=5088/5088 activity=stalled"}
{"timestamp": 1782868292.068, "formatted_time": "2026-07-01 09:11:32", "event": "watch_tick", "message": "generated_at=2026-07-01 09:11:31 completed_passes=5088/5088 activity=stalled"}
{"timestamp": 1782868322.17, "formatted_time": "2026-07-01 09:12:02", "event": "watch_tick", "message": "generated_at=2026-07-01 09:12:02 completed_passes=5088/5088 activity=stalled"}
{"timestamp": 1782868352.268, "formatted_time": "2026-07-01 09:12:32", "event": "watch_tick", "message": "generated_at=2026-07-01 09:12:32 completed_passes=5088/5088 activity=stalled"}
{"timestamp": 1782868382.372, "formatted_time": "2026-07-01 09:13:02", "event": "watch_tick", "message": "generated_at=2026-07-01 09:13:02 completed_passes=5088/5088 activity=stalled"}
{"timestamp": 1782868412.472, "formatted_time": "2026-07-01 09:13:32", "event": "watch_tick", "message": "generated_at=2026-07-01 09:13:32 completed_passes=5088/5088 activity=stalled"}
{"timestamp": 1782868442.571, "formatted_time": "2026-07-01 09:14:02", "event": "watch_tick", "message": "generated_at=2026-07-01 09:14:02 completed_passes=5088/5088 activity=stalled"}
{"timestamp": 1782868472.675, "formatted_time": "2026-07-01 09:14:32", "event": "watch_tick", "message": "generated_at=2026-07-01 09:14:32 completed_passes=5088/5088 activity=stalled"}
{"timestamp": 1782868502.772, "formatted_time": "2026-07-01 09:15:02", "event": "watch_tick", "message": "generated_at=2026-07-01 09:15:02 completed_passes=5088/5088 activity=stalled"}
{"timestamp": 1782868532.879, "formatted_time": "2026-07-01 09:15:32", "event": "watch_tick", "message": "generated_at=2026-07-01 09:15:32 completed_passes=5088/5088 activity=stalled"}
{"timestamp": 1782868562.979, "formatted_time": "2026-07-01 09:16:02", "event": "watch_tick", "message": "generated_at=2026-07-01 09:16:02 completed_passes=5088/5088 activity=stalled"}
{"timestamp": 1782868593.076, "formatted_time": "2026-07-01 09:16:33", "event": "watch_tick", "message": "generated_at=2026-07-01 09:16:32 completed_passes=5088/5088 activity=stalled"}
{"timestamp": 1782868623.172, "formatted_time": "2026-07-01 09:17:03", "event": "watch_tick", "message": "generated_at=2026-07-01 09:17:03 completed_passes=5088/5088 activity=stalled"}
{"timestamp": 1782868653.271, "formatted_time": "2026-07-01 09:17:33", "event": "watch_tick", "message": "generated_at=2026-07-01 09:17:33 completed_passes=5088/5088 activity=stalled"}
{"timestamp": 1782868683.367, "formatted_time": "2026-07-01 09:18:03", "event": "watch_tick", "message": "generated_at=2026-07-01 09:18:03 completed_passes=5088/5088 activity=stalled"}
{"timestamp": 1782869074.109, "formatted_time": "2026-07-01 09:24:34", "event": "watch_tick", "message": "generated_at=2026-07-01 09:24:34 completed_passes=5088/5088 activity=stalled"}
{"timestamp": 1782869104.202, "formatted_time": "2026-07-01 09:25:04", "event": "watch_tick", "message": "generated_at=2026-07-01 09:25:04 completed_passes=5088/5088 activity=stalled"}
{"timestamp": 1782869134.298, "formatted_time": "2026-07-01 09:25:34", "event": "watch_tick", "message": "generated_at=2026-07-01 09:25:34 completed_passes=5088/5088 activity=stalled"}
{"timestamp": 1782869164.399, "formatted_time": "2026-07-01 09:26:04", "event": "watch_tick", "message": "generated_at=2026-07-01 09:26:04 completed_passes=5088/5088 activity=stalled"}
{"timestamp": 1782869194.5, "formatted_time": "2026-07-01 09:26:34", "event": "watch_tick", "message": "generated_at=2026-07-01 09:26:34 completed_passes=5088/5088 activity=stalled"}
{"timestamp": 1782869224.59, "formatted_time": "2026-07-01 09:27:04", "event": "watch_tick", "message": "generated_at=2026-07-01 09:27:04 completed_passes=5088/5088 activity=stalled"}
{"timestamp": 1782869254.694, "formatted_time": "2026-07-01 09:27:34", "event": "watch_tick", "message": "generated_at=2026-07-01 09:27:34 completed_passes=5088/5088 activity=stalled"}
{"timestamp": 1782869284.789, "formatted_time": "2026-07-01 09:28:04", "event": "watch_tick", "message": "generated_at=2026-07-01 09:28:04 completed_passes=5088/5088 activity=stalled"}
{"timestamp": 1782869314.884, "formatted_time": "2026-07-01 09:28:34", "event": "watch_tick", "message": "generated_at=2026-07-01 09:28:34 completed_passes=5088/5088 activity=stalled"}
{"timestamp": 1782869344.989, "formatted_time": "2026-07-01 09:29:04", "event": "watch_tick", "message": "generated_at=2026-07-01 09:29:04 completed_passes=5088/5088 activity=stalled"}
{"timestamp": 1782869375.097, "formatted_time": "2026-07-01 09:29:35", "event": "watch_tick", "message": "generated_at=2026-07-01 09:29:34 completed_passes=5088/5088 activity=stalled"}
{"timestamp": 1782869405.196, "formatted_time": "2026-07-01 09:30:05", "event": "watch_tick", "message": "generated_at=2026-07-01 09:30:05 completed_passes=5088/5088 activity=stalled"}
{"timestamp": 1782869435.293, "formatted_time": "2026-07-01 09:30:35", "event": "watch_tick", "message": "generated_at=2026-07-01 09:30:35 completed_passes=5088/5088 activity=stalled"}
{"timestamp": 1782869465.392, "formatted_time": "2026-07-01 09:31:05", "event": "watch_tick", "message": "generated_at=2026-07-01 09:31:05 completed_passes=5088/5088 activity=stalled"}
{"timestamp": 1782869495.494, "formatted_time": "2026-07-01 09:31:35", "event": "watch_tick", "message": "generated_at=2026-07-01 09:31:35 completed_passes=5088/5088 activity=stalled"}
{"timestamp": 1782869525.591, "formatted_time": "2026-07-01 09:32:05", "event": "watch_tick", "message": "generated_at=2026-07-01 09:32:05 completed_passes=5088/5088 activity=stalled"}
{"timestamp": 1782869555.687, "formatted_time": "2026-07-01 09:32:35", "event": "watch_tick", "message": "generated_at=2026-07-01 09:32:35 completed_passes=5088/5088 activity=stalled"}
{"timestamp": 1782869585.782, "formatted_time": "2026-07-01 09:33:05", "event": "watch_tick", "message": "generated_at=2026-07-01 09:33:05 completed_passes=5088/5088 activity=stalled"}
{"timestamp": 1782869615.906, "formatted_time": "2026-07-01 09:33:35", "event": "watch_tick", "message": "generated_at=2026-07-01 09:33:35 completed_passes=5088/5088 activity=stalled"}
{"timestamp": 1782869646.001, "formatted_time": "2026-07-01 09:34:06", "event": "watch_tick", "message": "generated_at=2026-07-01 09:34:05 completed_passes=5088/5088 activity=stalled"}
{"timestamp": 1782869676.104, "formatted_time": "2026-07-01 09:34:36", "event": "watch_tick", "message": "generated_at=2026-07-01 09:34:36 completed_passes=5088/5088 activity=stalled"}
{"timestamp": 1782869706.2, "formatted_time": "2026-07-01 09:35:06", "event": "watch_tick", "message": "generated_at=2026-07-01 09:35:06 completed_passes=5088/5088 activity=stalled"}
{"timestamp": 1782869736.305, "formatted_time": "2026-07-01 09:35:36", "event": "watch_tick", "message": "generated_at=2026-07-01 09:35:36 completed_passes=5088/5088 activity=stalled"}
{"timestamp": 1782869766.408, "formatted_time": "2026-07-01 09:36:06", "event": "watch_tick", "message": "generated_at=2026-07-01 09:36:06 completed_passes=5088/5088 activity=stalled"}
{"timestamp": 1782869796.525, "formatted_time": "2026-07-01 09:36:36", "event": "watch_tick", "message": "generated_at=2026-07-01 09:36:36 completed_passes=5088/5088 activity=stalled"}
{"timestamp": 1782869826.621, "formatted_time": "2026-07-01 09:37:06", "event": "watch_tick", "message": "generated_at=2026-07-01 09:37:06 completed_passes=5088/5088 activity=stalled"}
{"timestamp": 1782869856.738, "formatted_time": "2026-07-01 09:37:36", "event": "watch_tick", "message": "generated_at=2026-07-01 09:37:36 completed_passes=5088/5088 activity=stalled"}
{"timestamp": 1782869886.83, "formatted_time": "2026-07-01 09:38:06", "event": "watch_tick", "message": "generated_at=2026-07-01 09:38:06 completed_passes=5088/5088 activity=stalled"}
{"timestamp": 1782869916.915, "formatted_time": "2026-07-01 09:38:36", "event": "watch_tick", "message": "generated_at=2026-07-01 09:38:36 completed_passes=5088/5088 activity=stalled"}
{"timestamp": 1782869947.011, "formatted_time": "2026-07-01 09:39:07", "event": "watch_tick", "message": "generated_at=2026-07-01 09:39:06 completed_passes=5088/5088 activity=stalled"}
{"timestamp": 1782869977.111, "formatted_time": "2026-07-01 09:39:37", "event": "watch_tick", "message": "generated_at=2026-07-01 09:39:37 completed_passes=5088/5088 activity=stalled"}
{"timestamp": 1782870007.219, "formatted_time": "2026-07-01 09:40:07", "event": "watch_tick", "message": "generated_at=2026-07-01 09:40:07 completed_passes=5088/5088 activity=stalled"}
{"timestamp": 1782870037.316, "formatted_time": "2026-07-01 09:40:37", "event": "watch_tick", "message": "generated_at=2026-07-01 09:40:37 completed_passes=5088/5088 activity=stalled"}
{"timestamp": 1782870067.411, "formatted_time": "2026-07-01 09:41:07", "event": "watch_tick", "message": "generated_at=2026-07-01 09:41:07 completed_passes=5088/5088 activity=stalled"}
{"timestamp": 1782870097.507, "formatted_time": "2026-07-01 09:41:37", "event": "watch_tick", "message": "generated_at=2026-07-01 09:41:37 completed_passes=5088/5088 activity=stalled"}
{"timestamp": 1782870127.589, "formatted_time": "2026-07-01 09:42:07", "event": "watch_tick", "message": "generated_at=2026-07-01 09:42:07 completed_passes=5088/5088 activity=stalled"}
{"timestamp": 1782870157.686, "formatted_time": "2026-07-01 09:42:37", "event": "watch_tick", "message": "generated_at=2026-07-01 09:42:37 completed_passes=5088/5088 activity=stalled"}
{"timestamp": 1782870187.781, "formatted_time": "2026-07-01 09:43:07", "event": "watch_tick", "message": "generated_at=2026-07-01 09:43:07 completed_passes=5088/5088 activity=stalled"}
{"timestamp": 1782870217.868, "formatted_time": "2026-07-01 09:43:37", "event": "watch_tick", "message": "generated_at=2026-07-01 09:43:37 completed_passes=5088/5088 activity=stalled"}
{"timestamp": 1782870247.94, "formatted_time": "2026-07-01 09:44:07", "event": "watch_tick", "message": "generated_at=2026-07-01 09:44:07 completed_passes=5088/5088 activity=stalled"}
{"timestamp": 1782870278.031, "formatted_time": "2026-07-01 09:44:38", "event": "watch_tick", "message": "generated_at=2026-07-01 09:44:37 completed_passes=5088/5088 activity=stalled"}
{"timestamp": 1782870308.132, "formatted_time": "2026-07-01 09:45:08", "event": "watch_tick", "message": "generated_at=2026-07-01 09:45:08 completed_passes=5088/5088 activity=stalled"}
{"timestamp": 1782870501.641, "formatted_time": "2026-07-01 09:48:21", "event": "watch_tick", "message": "generated_at=2026-07-01 09:48:21 completed_passes=5088/5088 activity=stalled"}
{"timestamp": 1782870531.742, "formatted_time": "2026-07-01 09:48:51", "event": "watch_tick", "message": "generated_at=2026-07-01 09:48:51 completed_passes=5088/5088 activity=stalled"}
{"timestamp": 1782870561.835, "formatted_time": "2026-07-01 09:49:21", "event": "watch_tick", "message": "generated_at=2026-07-01 09:49:21 completed_passes=5088/5088 activity=stalled"}
{"timestamp": 1782870591.929, "formatted_time": "2026-07-01 09:49:51", "event": "watch_tick", "message": "generated_at=2026-07-01 09:49:51 completed_passes=5088/5088 activity=stalled"}
{"timestamp": 1782870622.026, "formatted_time": "2026-07-01 09:50:22", "event": "watch_tick", "message": "generated_at=2026-07-01 09:50:21 completed_passes=5088/5088 activity=stalled"}
{"timestamp": 1782870652.126, "formatted_time": "2026-07-01 09:50:52", "event": "watch_tick", "message": "generated_at=2026-07-01 09:50:52 completed_passes=5088/5088 activity=stalled"}
{"timestamp": 1782870682.225, "formatted_time": "2026-07-01 09:51:22", "event": "watch_tick", "message": "generated_at=2026-07-01 09:51:22 completed_passes=5088/5088 activity=stalled"}
{"timestamp": 1782870712.319, "formatted_time": "2026-07-01 09:51:52", "event": "watch_tick", "message": "generated_at=2026-07-01 09:51:52 completed_passes=5088/5088 activity=stalled"}
{"timestamp": 1782870742.411, "formatted_time": "2026-07-01 09:52:22", "event": "watch_tick", "message": "generated_at=2026-07-01 09:52:22 completed_passes=5088/5088 activity=stalled"}
{"timestamp": 1782870772.513, "formatted_time": "2026-07-01 09:52:52", "event": "watch_tick", "message": "generated_at=2026-07-01 09:52:52 completed_passes=5088/5088 activity=stalled"}
{"timestamp": 1782870802.619, "formatted_time": "2026-07-01 09:53:22", "event": "watch_tick", "message": "generated_at=2026-07-01 09:53:22 completed_passes=5088/5088 activity=stalled"}
{"timestamp": 1782870832.703, "formatted_time": "2026-07-01 09:53:52", "event": "watch_tick", "message": "generated_at=2026-07-01 09:53:52 completed_passes=5088/5088 activity=stalled"}
{"timestamp": 1782870862.789, "formatted_time": "2026-07-01 09:54:22", "event": "watch_tick", "message": "generated_at=2026-07-01 09:54:22 completed_passes=5088/5088 activity=stalled"}
{"timestamp": 1782870892.887, "formatted_time": "2026-07-01 09:54:52", "event": "watch_tick", "message": "generated_at=2026-07-01 09:54:52 completed_passes=5088/5088 activity=stalled"}
{"timestamp": 1782870922.989, "formatted_time": "2026-07-01 09:55:22", "event": "watch_tick", "message": "generated_at=2026-07-01 09:55:22 completed_passes=5088/5088 activity=stalled"}
{"timestamp": 1782870953.104, "formatted_time": "2026-07-01 09:55:53", "event": "watch_tick", "message": "generated_at=2026-07-01 09:55:52 completed_passes=5088/5088 activity=stalled"}
{"timestamp": 1782870983.202, "formatted_time": "2026-07-01 09:56:23", "event": "watch_tick", "message": "generated_at=2026-07-01 09:56:23 completed_passes=5088/5088 activity=stalled"}
{"timestamp": 1782871013.308, "formatted_time": "2026-07-01 09:56:53", "event": "watch_tick", "message": "generated_at=2026-07-01 09:56:53 completed_passes=5088/5088 activity=stalled"}
{"timestamp": 1782871043.409, "formatted_time": "2026-07-01 09:57:23", "event": "watch_tick", "message": "generated_at=2026-07-01 09:57:23 completed_passes=5088/5088 activity=stalled"}
{"timestamp": 1782871073.505, "formatted_time": "2026-07-01 09:57:53", "event": "watch_tick", "message": "generated_at=2026-07-01 09:57:53 completed_passes=5088/5088 activity=stalled"}
{"timestamp": 1782871103.606, "formatted_time": "2026-07-01 09:58:23", "event": "watch_tick", "message": "generated_at=2026-07-01 09:58:23 completed_passes=5088/5088 activity=stalled"}
{"timestamp": 1782871133.702, "formatted_time": "2026-07-01 09:58:53", "event": "watch_tick", "message": "generated_at=2026-07-01 09:58:53 completed_passes=5088/5088 activity=stalled"}
{"timestamp": 1782871163.787, "formatted_time": "2026-07-01 09:59:23", "event": "watch_tick", "message": "generated_at=2026-07-01 09:59:23 completed_passes=5088/5088 activity=stalled"}
{"timestamp": 1782871193.89, "formatted_time": "2026-07-01 09:59:53", "event": "watch_tick", "message": "generated_at=2026-07-01 09:59:53 completed_passes=5088/5088 activity=stalled"}
{"timestamp": 1782871223.989, "formatted_time": "2026-07-01 10:00:23", "event": "watch_tick", "message": "generated_at=2026-07-01 10:00:23 completed_passes=5088/5088 activity=stalled"}
{"timestamp": 1782871254.087, "formatted_time": "2026-07-01 10:00:54", "event": "watch_tick", "message": "generated_at=2026-07-01 10:00:53 completed_passes=5088/5088 activity=stalled"}
{"timestamp": 1782871284.19, "formatted_time": "2026-07-01 10:01:24", "event": "watch_tick", "message": "generated_at=2026-07-01 10:01:24 completed_passes=5088/5088 activity=stalled"}
{"timestamp": 1782871314.295, "formatted_time": "2026-07-01 10:01:54", "event": "watch_tick", "message": "generated_at=2026-07-01 10:01:54 completed_passes=5088/5088 activity=stalled"}
{"timestamp": 1782871344.392, "formatted_time": "2026-07-01 10:02:24", "event": "watch_tick", "message": "generated_at=2026-07-01 10:02:24 completed_passes=5088/5088 activity=stalled"}
{"timestamp": 1782871374.491, "formatted_time": "2026-07-01 10:02:54", "event": "watch_tick", "message": "generated_at=2026-07-01 10:02:54 completed_passes=5088/5088 activity=stalled"}
{"timestamp": 1782871404.588, "formatted_time": "2026-07-01 10:03:24", "event": "watch_tick", "message": "generated_at=2026-07-01 10:03:24 completed_passes=5088/5088 activity=stalled"}
{"timestamp": 1782871434.687, "formatted_time": "2026-07-01 10:03:54", "event": "watch_tick", "message": "generated_at=2026-07-01 10:03:54 completed_passes=5088/5088 activity=stalled"}
{"timestamp": 1782871464.784, "formatted_time": "2026-07-01 10:04:24", "event": "watch_tick", "message": "generated_at=2026-07-01 10:04:24 completed_passes=5088/5088 activity=stalled"}
{"timestamp": 1782871494.886, "formatted_time": "2026-07-01 10:04:54", "event": "watch_tick", "message": "generated_at=2026-07-01 10:04:54 completed_passes=5088/5088 activity=stalled"}
{"timestamp": 1782871525.07, "formatted_time": "2026-07-01 10:05:25", "event": "watch_tick", "message": "generated_at=2026-07-01 10:05:24 completed_passes=5088/5088 activity=stalled"}
{"timestamp": 1782871555.165, "formatted_time": "2026-07-01 10:05:55", "event": "watch_tick", "message": "generated_at=2026-07-01 10:05:55 completed_passes=5088/5088 activity=stalled"}
{"timestamp": 1782871585.259, "formatted_time": "2026-07-01 10:06:25", "event": "watch_tick", "message": "generated_at=2026-07-01 10:06:25 completed_passes=5088/5088 activity=stalled"}
{"timestamp": 1782871615.362, "formatted_time": "2026-07-01 10:06:55", "event": "watch_tick", "message": "generated_at=2026-07-01 10:06:55 completed_passes=5088/5088 activity=stalled"}
{"timestamp": 1782871645.439, "formatted_time": "2026-07-01 10:07:25", "event": "watch_tick", "message": "generated_at=2026-07-01 10:07:25 completed_passes=5088/5088 activity=stalled"}
{"timestamp": 1782871675.519, "formatted_time": "2026-07-01 10:07:55", "event": "watch_tick", "message": "generated_at=2026-07-01 10:07:55 completed_passes=5088/5088 activity=stalled"}
{"timestamp": 1782871705.613, "formatted_time": "2026-07-01 10:08:25", "event": "watch_tick", "message": "generated_at=2026-07-01 10:08:25 completed_passes=5088/5088 activity=stalled"}
{"timestamp": 1782871735.712, "formatted_time": "2026-07-01 10:08:55", "event": "watch_tick", "message": "generated_at=2026-07-01 10:08:55 completed_passes=5088/5088 activity=stalled"}
{"timestamp": 1782871765.803, "formatted_time": "2026-07-01 10:09:25", "event": "watch_tick", "message": "generated_at=2026-07-01 10:09:25 completed_passes=5088/5088 activity=stalled"}
{"timestamp": 1782871795.906, "formatted_time": "2026-07-01 10:09:55", "event": "watch_tick", "message": "generated_at=2026-07-01 10:09:55 completed_passes=5088/5088 activity=stalled"}
{"timestamp": 1782871826.011, "formatted_time": "2026-07-01 10:10:26", "event": "watch_tick", "message": "generated_at=2026-07-01 10:10:25 completed_passes=5088/5088 activity=stalled"}
{"timestamp": 1782871856.116, "formatted_time": "2026-07-01 10:10:56", "event": "watch_tick", "message": "generated_at=2026-07-01 10:10:56 completed_passes=5088/5088 activity=stalled"}
{"timestamp": 1782871886.43, "formatted_time": "2026-07-01 10:11:26", "event": "watch_tick", "message": "generated_at=2026-07-01 10:11:26 completed_passes=5088/5088 activity=stalled"}
{"timestamp": 1782871916.546, "formatted_time": "2026-07-01 10:11:56", "event": "watch_tick", "message": "generated_at=2026-07-01 10:11:56 completed_passes=5088/5088 activity=stalled"}
{"timestamp": 1782871946.661, "formatted_time": "2026-07-01 10:12:26", "event": "watch_tick", "message": "generated_at=2026-07-01 10:12:26 completed_passes=5088/5088 activity=stalled"}
{"timestamp": 1782871976.755, "formatted_time": "2026-07-01 10:12:56", "event": "watch_tick", "message": "generated_at=2026-07-01 10:12:56 completed_passes=5088/5088 activity=stalled"}
{"timestamp": 1782872006.842, "formatted_time": "2026-07-01 10:13:26", "event": "watch_tick", "message": "generated_at=2026-07-01 10:13:26 completed_passes=5088/5088 activity=stalled"}
{"timestamp": 1782872036.933, "formatted_time": "2026-07-01 10:13:56", "event": "watch_tick", "message": "generated_at=2026-07-01 10:13:56 completed_passes=5088/5088 activity=stalled"}
{"timestamp": 1782872067.03, "formatted_time": "2026-07-01 10:14:27", "event": "watch_tick", "message": "generated_at=2026-07-01 10:14:26 completed_passes=5088/5088 activity=stalled"}
{"timestamp": 1782872097.343, "formatted_time": "2026-07-01 10:14:57", "event": "watch_tick", "message": "generated_at=2026-07-01 10:14:57 completed_passes=5088/5088 activity=stalled"}
{"timestamp": 1782872127.43, "formatted_time": "2026-07-01 10:15:27", "event": "watch_tick", "message": "generated_at=2026-07-01 10:15:27 completed_passes=5088/5088 activity=stalled"}
{"timestamp": 1782872157.527, "formatted_time": "2026-07-01 10:15:57", "event": "watch_tick", "message": "generated_at=2026-07-01 10:15:57 completed_passes=5088/5088 activity=stalled"}
{"timestamp": 1782872187.625, "formatted_time": "2026-07-01 10:16:27", "event": "watch_tick", "message": "generated_at=2026-07-01 10:16:27 completed_passes=5088/5088 activity=stalled"}
{"timestamp": 1782872217.719, "formatted_time": "2026-07-01 10:16:57", "event": "watch_tick", "message": "generated_at=2026-07-01 10:16:57 completed_passes=5088/5088 activity=stalled"}
{"timestamp": 1782872247.818, "formatted_time": "2026-07-01 10:17:27", "event": "watch_tick", "message": "generated_at=2026-07-01 10:17:27 completed_passes=5088/5088 activity=stalled"}
{"timestamp": 1782872277.919, "formatted_time": "2026-07-01 10:17:57", "event": "watch_tick", "message": "generated_at=2026-07-01 10:17:57 completed_passes=5088/5088 activity=stalled"}
{"timestamp": 1782872308.016, "formatted_time": "2026-07-01 10:18:28", "event": "watch_tick", "message": "generated_at=2026-07-01 10:18:27 completed_passes=5088/5088 activity=stalled"}
{"timestamp": 1782872338.111, "formatted_time": "2026-07-01 10:18:58", "event": "watch_tick", "message": "generated_at=2026-07-01 10:18:58 completed_passes=5088/5088 activity=stalled"}
{"timestamp": 1782872368.221, "formatted_time": "2026-07-01 10:19:28", "event": "watch_tick", "message": "generated_at=2026-07-01 10:19:28 completed_passes=5088/5088 activity=stalled"}
{"timestamp": 1782872398.339, "formatted_time": "2026-07-01 10:19:58", "event": "watch_tick", "message": "generated_at=2026-07-01 10:19:58 completed_passes=5088/5088 activity=stalled"}
{"timestamp": 1782872428.438, "formatted_time": "2026-07-01 10:20:28", "event": "watch_tick", "message": "generated_at=2026-07-01 10:20:28 completed_passes=5088/5088 activity=stalled"}
{"timestamp": 1782872458.544, "formatted_time": "2026-07-01 10:20:58", "event": "watch_tick", "message": "generated_at=2026-07-01 10:20:58 completed_passes=5088/5088 activity=stalled"}
{"timestamp": 1782872488.643, "formatted_time": "2026-07-01 10:21:28", "event": "watch_tick", "message": "generated_at=2026-07-01 10:21:28 completed_passes=5088/5088 activity=stalled"}
{"timestamp": 1782872518.741, "formatted_time": "2026-07-01 10:21:58", "event": "watch_tick", "message": "generated_at=2026-07-01 10:21:58 completed_passes=5088/5088 activity=stalled"}
{"timestamp": 1782872548.837, "formatted_time": "2026-07-01 10:22:28", "event": "watch_tick", "message": "generated_at=2026-07-01 10:22:28 completed_passes=5088/5088 activity=stalled"}
{"timestamp": 1782872578.933, "formatted_time": "2026-07-01 10:22:58", "event": "watch_tick", "message": "generated_at=2026-07-01 10:22:58 completed_passes=5088/5088 activity=stalled"}
{"timestamp": 1782872609.029, "formatted_time": "2026-07-01 10:23:29", "event": "watch_tick", "message": "generated_at=2026-07-01 10:23:28 completed_passes=5088/5088 activity=stalled"}
{"timestamp": 1782872639.124, "formatted_time": "2026-07-01 10:23:59", "event": "watch_tick", "message": "generated_at=2026-07-01 10:23:59 completed_passes=5088/5088 activity=stalled"}
{"timestamp": 1782872669.22, "formatted_time": "2026-07-01 10:24:29", "event": "watch_tick", "message": "generated_at=2026-07-01 10:24:29 completed_passes=5088/5088 activity=stalled"}
{"timestamp": 1782872699.319, "formatted_time": "2026-07-01 10:24:59", "event": "watch_tick", "message": "generated_at=2026-07-01 10:24:59 completed_passes=5088/5088 activity=stalled"}
{"timestamp": 1782872729.417, "formatted_time": "2026-07-01 10:25:29", "event": "watch_tick", "message": "generated_at=2026-07-01 10:25:29 completed_passes=5088/5088 activity=stalled"}
{"timestamp": 1782872759.495, "formatted_time": "2026-07-01 10:25:59", "event": "watch_tick", "message": "generated_at=2026-07-01 10:25:59 completed_passes=5088/5088 activity=stalled"}
{"timestamp": 1782872789.597, "formatted_time": "2026-07-01 10:26:29", "event": "watch_tick", "message": "generated_at=2026-07-01 10:26:29 completed_passes=5088/5088 activity=stalled"}
{"timestamp": 1782872819.693, "formatted_time": "2026-07-01 10:26:59", "event": "watch_tick", "message": "generated_at=2026-07-01 10:26:59 completed_passes=5088/5088 activity=stalled"}
{"timestamp": 1782872849.829, "formatted_time": "2026-07-01 10:27:29", "event": "watch_tick", "message": "generated_at=2026-07-01 10:27:29 completed_passes=5088/5088 activity=stalled"}
{"timestamp": 1782872879.929, "formatted_time": "2026-07-01 10:27:59", "event": "watch_tick", "message": "generated_at=2026-07-01 10:27:59 completed_passes=5088/5088 activity=stalled"}
{"timestamp": 1782872910.03, "formatted_time": "2026-07-01 10:28:30", "event": "watch_tick", "message": "generated_at=2026-07-01 10:28:29 completed_passes=5088/5088 activity=stalled"}
{"timestamp": 1782872940.127, "formatted_time": "2026-07-01 10:29:00", "event": "watch_tick", "message": "generated_at=2026-07-01 10:29:00 completed_passes=5088/5088 activity=stalled"}
{"timestamp": 1782872970.213, "formatted_time": "2026-07-01 10:29:30", "event": "watch_tick", "message": "generated_at=2026-07-01 10:29:30 completed_passes=5088/5088 activity=stalled"}
{"timestamp": 1782873000.307, "formatted_time": "2026-07-01 10:30:00", "event": "watch_tick", "message": "generated_at=2026-07-01 10:30:00 completed_passes=5088/5088 activity=stalled"}
{"timestamp": 1782873030.403, "formatted_time": "2026-07-01 10:30:30", "event": "watch_tick", "message": "generated_at=2026-07-01 10:30:30 completed_passes=5088/5088 activity=stalled"}
{"timestamp": 1782873060.502, "formatted_time": "2026-07-01 10:31:00", "event": "watch_tick", "message": "generated_at=2026-07-01 10:31:00 completed_passes=5088/5088 activity=stalled"}
{"timestamp": 1782873090.621, "formatted_time": "2026-07-01 10:31:30", "event": "watch_tick", "message": "generated_at=2026-07-01 10:31:30 completed_passes=5088/5088 activity=stalled"}
{"timestamp": 1782873120.716, "formatted_time": "2026-07-01 10:32:00", "event": "watch_tick", "message": "generated_at=2026-07-01 10:32:00 completed_passes=5088/5088 activity=stalled"}
{"timestamp": 1782873150.789, "formatted_time": "2026-07-01 10:32:30", "event": "watch_tick", "message": "generated_at=2026-07-01 10:32:30 completed_passes=5088/5088 activity=stalled"}
{"timestamp": 1782873180.867, "formatted_time": "2026-07-01 10:33:00", "event": "watch_tick", "message": "generated_at=2026-07-01 10:33:00 completed_passes=5088/5088 activity=stalled"}
{"timestamp": 1782873210.914, "formatted_time": "2026-07-01 10:33:30", "event": "watch_tick", "message": "generated_at=2026-07-01 10:33:30 completed_passes=5088/5088 activity=stalled"}
{"timestamp": 1782873241.015, "formatted_time": "2026-07-01 10:34:01", "event": "watch_tick", "message": "generated_at=2026-07-01 10:34:00 completed_passes=5088/5088 activity=stalled"}
{"timestamp": 1782873271.11, "formatted_time": "2026-07-01 10:34:31", "event": "watch_tick", "message": "generated_at=2026-07-01 10:34:31 completed_passes=5088/5088 activity=stalled"}
{"timestamp": 1782873301.206, "formatted_time": "2026-07-01 10:35:01", "event": "watch_tick", "message": "generated_at=2026-07-01 10:35:01 completed_passes=5088/5088 activity=stalled"}
{"timestamp": 1782873331.299, "formatted_time": "2026-07-01 10:35:31", "event": "watch_tick", "message": "generated_at=2026-07-01 10:35:31 completed_passes=5088/5088 activity=stalled"}
{"timestamp": 1782873361.39, "formatted_time": "2026-07-01 10:36:01", "event": "watch_tick", "message": "generated_at=2026-07-01 10:36:01 completed_passes=5088/5088 activity=stalled"}
{"timestamp": 1782873391.493, "formatted_time": "2026-07-01 10:36:31", "event": "watch_tick", "message": "generated_at=2026-07-01 10:36:31 completed_passes=5088/5088 activity=stalled"}
{"timestamp": 1782873421.588, "formatted_time": "2026-07-01 10:37:01", "event": "watch_tick", "message": "generated_at=2026-07-01 10:37:01 completed_passes=5088/5088 activity=stalled"}
{"timestamp": 1782873451.69, "formatted_time": "2026-07-01 10:37:31", "event": "watch_tick", "message": "generated_at=2026-07-01 10:37:31 completed_passes=5088/5088 activity=stalled"}
{"timestamp": 1782873482.061, "formatted_time": "2026-07-01 10:38:02", "event": "watch_tick", "message": "generated_at=2026-07-01 10:38:01 completed_passes=5088/5088 activity=stalled"}
{"timestamp": 1782873512.242, "formatted_time": "2026-07-01 10:38:32", "event": "watch_tick", "message": "generated_at=2026-07-01 10:38:32 completed_passes=5088/5088 activity=stalled"}
{"timestamp": 1782873543.318, "formatted_time": "2026-07-01 10:39:03", "event": "watch_tick", "message": "generated_at=2026-07-01 10:39:02 completed_passes=5088/5088 activity=stalled"}
{"timestamp": 1782873573.477, "formatted_time": "2026-07-01 10:39:33", "event": "watch_tick", "message": "generated_at=2026-07-01 10:39:33 completed_passes=5088/5088 activity=stalled"}
{"timestamp": 1782873603.602, "formatted_time": "2026-07-01 10:40:03", "event": "watch_tick", "message": "generated_at=2026-07-01 10:40:03 completed_passes=5088/5088 activity=stalled"}
{"timestamp": 1782873633.71, "formatted_time": "2026-07-01 10:40:33", "event": "watch_tick", "message": "generated_at=2026-07-01 10:40:33 completed_passes=5088/5088 activity=stalled"}
{"timestamp": 1782873663.816, "formatted_time": "2026-07-01 10:41:03", "event": "watch_tick", "message": "generated_at=2026-07-01 10:41:03 completed_passes=5088/5088 activity=stalled"}
{"timestamp": 1782873693.995, "formatted_time": "2026-07-01 10:41:33", "event": "watch_tick", "message": "generated_at=2026-07-01 10:41:33 completed_passes=5088/5088 activity=stalled"}
{"timestamp": 1782873724.093, "formatted_time": "2026-07-01 10:42:04", "event": "watch_tick", "message": "generated_at=2026-07-01 10:42:04 completed_passes=5088/5088 activity=stalled"}
{"timestamp": 1782873754.188, "formatted_time": "2026-07-01 10:42:34", "event": "watch_tick", "message": "generated_at=2026-07-01 10:42:34 completed_passes=5088/5088 activity=stalled"}
{"timestamp": 1782873784.454, "formatted_time": "2026-07-01 10:43:04", "event": "watch_tick", "message": "generated_at=2026-07-01 10:43:04 completed_passes=5088/5088 activity=stalled"}
{"timestamp": 1782873814.541, "formatted_time": "2026-07-01 10:43:34", "event": "watch_tick", "message": "generated_at=2026-07-01 10:43:34 completed_passes=5088/5088 activity=stalled"}
{"timestamp": 1782873844.636, "formatted_time": "2026-07-01 10:44:04", "event": "watch_tick", "message": "generated_at=2026-07-01 10:44:04 completed_passes=5088/5088 activity=stalled"}
{"timestamp": 1782873874.734, "formatted_time": "2026-07-01 10:44:34", "event": "watch_tick", "message": "generated_at=2026-07-01 10:44:34 completed_passes=5088/5088 activity=stalled"}
{"timestamp": 1782873904.828, "formatted_time": "2026-07-01 10:45:04", "event": "watch_tick", "message": "generated_at=2026-07-01 10:45:04 completed_passes=5088/5088 activity=stalled"}
{"timestamp": 1782873934.925, "formatted_time": "2026-07-01 10:45:34", "event": "watch_tick", "message": "generated_at=2026-07-01 10:45:34 completed_passes=5088/5088 activity=stalled"}
{"timestamp": 1782873965.093, "formatted_time": "2026-07-01 10:46:05", "event": "watch_tick", "message": "generated_at=2026-07-01 10:46:04 completed_passes=5088/5088 activity=stalled"}
{"timestamp": 1782873995.192, "formatted_time": "2026-07-01 10:46:35", "event": "watch_tick", "message": "generated_at=2026-07-01 10:46:35 completed_passes=5088/5088 activity=stalled"}
{"timestamp": 1782874025.29, "formatted_time": "2026-07-01 10:47:05", "event": "watch_tick", "message": "generated_at=2026-07-01 10:47:05 completed_passes=5088/5088 activity=stalled"}
{"timestamp": 1782874055.389, "formatted_time": "2026-07-01 10:47:35", "event": "watch_tick", "message": "generated_at=2026-07-01 10:47:35 completed_passes=5088/5088 activity=stalled"}
{"timestamp": 1782874085.619, "formatted_time": "2026-07-01 10:48:05", "event": "watch_tick", "message": "generated_at=2026-07-01 10:48:05 completed_passes=5088/5088 activity=stalled"}
{"timestamp": 1782874115.725, "formatted_time": "2026-07-01 10:48:35", "event": "watch_tick", "message": "generated_at=2026-07-01 10:48:35 completed_passes=5088/5088 activity=stalled"}
{"timestamp": 1782874145.826, "formatted_time": "2026-07-01 10:49:05", "event": "watch_tick", "message": "generated_at=2026-07-01 10:49:05 completed_passes=5088/5088 activity=stalled"}
{"timestamp": 1782874175.926, "formatted_time": "2026-07-01 10:49:35", "event": "watch_tick", "message": "generated_at=2026-07-01 10:49:35 completed_passes=5088/5088 activity=stalled"}
{"timestamp": 1782874206.024, "formatted_time": "2026-07-01 10:50:06", "event": "watch_tick", "message": "generated_at=2026-07-01 10:50:05 completed_passes=5088/5088 activity=stalled"}
{"timestamp": 1782874236.138, "formatted_time": "2026-07-01 10:50:36", "event": "watch_tick", "message": "generated_at=2026-07-01 10:50:36 completed_passes=5088/5088 activity=stalled"}
{"timestamp": 1782874266.24, "formatted_time": "2026-07-01 10:51:06", "event": "watch_tick", "message": "generated_at=2026-07-01 10:51:06 completed_passes=5088/5088 activity=stalled"}
{"timestamp": 1782874296.365, "formatted_time": "2026-07-01 10:51:36", "event": "watch_tick", "message": "generated_at=2026-07-01 10:51:36 completed_passes=5088/5088 activity=stalled"}
{"timestamp": 1782874326.457, "formatted_time": "2026-07-01 10:52:06", "event": "watch_tick", "message": "generated_at=2026-07-01 10:52:06 completed_passes=5088/5088 activity=stalled"}
{"timestamp": 1782874356.555, "formatted_time": "2026-07-01 10:52:36", "event": "watch_tick", "message": "generated_at=2026-07-01 10:52:36 completed_passes=5088/5088 activity=stalled"}
{"timestamp": 1782874386.659, "formatted_time": "2026-07-01 10:53:06", "event": "watch_tick", "message": "generated_at=2026-07-01 10:53:06 completed_passes=5088/5088 activity=stalled"}
{"timestamp": 1782874416.766, "formatted_time": "2026-07-01 10:53:36", "event": "watch_tick", "message": "generated_at=2026-07-01 10:53:36 completed_passes=5088/5088 activity=stalled"}
{"timestamp": 1782874446.872, "formatted_time": "2026-07-01 10:54:06", "event": "watch_tick", "message": "generated_at=2026-07-01 10:54:06 completed_passes=5088/5088 activity=stalled"}
{"timestamp": 1782874476.96, "formatted_time": "2026-07-01 10:54:36", "event": "watch_tick", "message": "generated_at=2026-07-01 10:54:36 completed_passes=5088/5088 activity=stalled"}
{"timestamp": 1782874507.054, "formatted_time": "2026-07-01 10:55:07", "event": "watch_tick", "message": "generated_at=2026-07-01 10:55:06 completed_passes=5088/5088 activity=stalled"}
{"timestamp": 1782874537.157, "formatted_time": "2026-07-01 10:55:37", "event": "watch_tick", "message": "generated_at=2026-07-01 10:55:37 completed_passes=5088/5088 activity=stalled"}
{"timestamp": 1782874567.259, "formatted_time": "2026-07-01 10:56:07", "event": "watch_tick", "message": "generated_at=2026-07-01 10:56:07 completed_passes=5088/5088 activity=stalled"}
{"timestamp": 1782874597.367, "formatted_time": "2026-07-01 10:56:37", "event": "watch_tick", "message": "generated_at=2026-07-01 10:56:37 completed_passes=5088/5088 activity=stalled"}
{"timestamp": 1782874627.47, "formatted_time": "2026-07-01 10:57:07", "event": "watch_tick", "message": "generated_at=2026-07-01 10:57:07 completed_passes=5088/5088 activity=stalled"}
{"timestamp": 1782874657.571, "formatted_time": "2026-07-01 10:57:37", "event": "watch_tick", "message": "generated_at=2026-07-01 10:57:37 completed_passes=5088/5088 activity=stalled"}
{"timestamp": 1782874687.671, "formatted_time": "2026-07-01 10:58:07", "event": "watch_tick", "message": "generated_at=2026-07-01 10:58:07 completed_passes=5088/5088 activity=stalled"}
{"timestamp": 1782874717.774, "formatted_time": "2026-07-01 10:58:37", "event": "watch_tick", "message": "generated_at=2026-07-01 10:58:37 completed_passes=5088/5088 activity=stalled"}
{"timestamp": 1782874747.877, "formatted_time": "2026-07-01 10:59:07", "event": "watch_tick", "message": "generated_at=2026-07-01 10:59:07 completed_passes=5088/5088 activity=stalled"}
{"timestamp": 1782874777.977, "formatted_time": "2026-07-01 10:59:37", "event": "watch_tick", "message": "generated_at=2026-07-01 10:59:37 completed_passes=5088/5088 activity=stalled"}
{"timestamp": 1782874808.08, "formatted_time": "2026-07-01 11:00:08", "event": "watch_tick", "message": "generated_at=2026-07-01 11:00:07 completed_passes=5088/5088 activity=stalled"}
{"timestamp": 1782874838.182, "formatted_time": "2026-07-01 11:00:38", "event": "watch_tick", "message": "generated_at=2026-07-01 11:00:38 completed_passes=5088/5088 activity=stalled"}
{"timestamp": 1782874868.284, "formatted_time": "2026-07-01 11:01:08", "event": "watch_tick", "message": "generated_at=2026-07-01 11:01:08 completed_passes=5088/5088 activity=stalled"}
{"timestamp": 1782874898.384, "formatted_time": "2026-07-01 11:01:38", "event": "watch_tick", "message": "generated_at=2026-07-01 11:01:38 completed_passes=5088/5088 activity=stalled"}
{"timestamp": 1782874928.489, "formatted_time": "2026-07-01 11:02:08", "event": "watch_tick", "message": "generated_at=2026-07-01 11:02:08 completed_passes=5088/5088 activity=stalled"}
{"timestamp": 1782874958.489, "formatted_time": "2026-07-01 11:02:38", "event": "watch_tick", "message": "generated_at=2026-07-01 11:02:38 completed_passes=5088/5088 activity=stalled"}
{"timestamp": 1782875180.115, "formatted_time": "2026-07-01 11:06:20", "event": "watch_tick", "message": "generated_at=2026-07-01 11:06:20 completed_passes=5088/5088 activity=stalled"}
{"timestamp": 1782875210.212, "formatted_time": "2026-07-01 11:06:50", "event": "watch_tick", "message": "generated_at=2026-07-01 11:06:50 completed_passes=5088/5088 activity=stalled"}
{"timestamp": 1782875240.303, "formatted_time": "2026-07-01 11:07:20", "event": "watch_tick", "message": "generated_at=2026-07-01 11:07:20 completed_passes=5088/5088 activity=stalled"}
{"timestamp": 1782875270.402, "formatted_time": "2026-07-01 11:07:50", "event": "watch_tick", "message": "generated_at=2026-07-01 11:07:50 completed_passes=5088/5088 activity=stalled"}
{"timestamp": 1782875300.499, "formatted_time": "2026-07-01 11:08:20", "event": "watch_tick", "message": "generated_at=2026-07-01 11:08:20 completed_passes=5088/5088 activity=stalled"}
{"timestamp": 1782875330.593, "formatted_time": "2026-07-01 11:08:50", "event": "watch_tick", "message": "generated_at=2026-07-01 11:08:50 completed_passes=5088/5088 activity=stalled"}
{"timestamp": 1782875360.688, "formatted_time": "2026-07-01 11:09:20", "event": "watch_tick", "message": "generated_at=2026-07-01 11:09:20 completed_passes=5088/5088 activity=stalled"}
{"timestamp": 1782875390.783, "formatted_time": "2026-07-01 11:09:50", "event": "watch_tick", "message": "generated_at=2026-07-01 11:09:50 completed_passes=5088/5088 activity=stalled"}
{"timestamp": 1782875420.894, "formatted_time": "2026-07-01 11:10:20", "event": "watch_tick", "message": "generated_at=2026-07-01 11:10:20 completed_passes=5088/5088 activity=stalled"}
{"timestamp": 1782875450.99, "formatted_time": "2026-07-01 11:10:50", "event": "watch_tick", "message": "generated_at=2026-07-01 11:10:50 completed_passes=5088/5088 activity=stalled"}
{"timestamp": 1782875481.088, "formatted_time": "2026-07-01 11:11:21", "event": "watch_tick", "message": "generated_at=2026-07-01 11:11:20 completed_passes=5088/5088 activity=stalled"}
{"timestamp": 1782875511.191, "formatted_time": "2026-07-01 11:11:51", "event": "watch_tick", "message": "generated_at=2026-07-01 11:11:51 completed_passes=5088/5088 activity=stalled"}
{"timestamp": 1782875541.266, "formatted_time": "2026-07-01 11:12:21", "event": "watch_tick", "message": "generated_at=2026-07-01 11:12:21 completed_passes=5088/5088 activity=stalled"}
{"timestamp": 1782875571.345, "formatted_time": "2026-07-01 11:12:51", "event": "watch_tick", "message": "generated_at=2026-07-01 11:12:51 completed_passes=5088/5088 activity=stalled"}
{"timestamp": 1782875601.641, "formatted_time": "2026-07-01 11:13:21", "event": "watch_tick", "message": "generated_at=2026-07-01 11:13:21 completed_passes=5088/5088 activity=stalled"}
{"timestamp": 1782875631.757, "formatted_time": "2026-07-01 11:13:51", "event": "watch_tick", "message": "generated_at=2026-07-01 11:13:51 completed_passes=5088/5088 activity=stalled"}
{"timestamp": 1782875661.833, "formatted_time": "2026-07-01 11:14:21", "event": "watch_tick", "message": "generated_at=2026-07-01 11:14:21 completed_passes=5088/5088 activity=stalled"}
{"timestamp": 1782875691.908, "formatted_time": "2026-07-01 11:14:51", "event": "watch_tick", "message": "generated_at=2026-07-01 11:14:51 completed_passes=5088/5088 activity=stalled"}
{"timestamp": 1782875721.985, "formatted_time": "2026-07-01 11:15:21", "event": "watch_tick", "message": "generated_at=2026-07-01 11:15:21 completed_passes=5088/5088 activity=stalled"}
{"timestamp": 1782875752.059, "formatted_time": "2026-07-01 11:15:52", "event": "watch_tick", "message": "generated_at=2026-07-01 11:15:51 completed_passes=5088/5088 activity=stalled"}
{"timestamp": 1782875782.135, "formatted_time": "2026-07-01 11:16:22", "event": "watch_tick", "message": "generated_at=2026-07-01 11:16:22 completed_passes=5088/5088 activity=stalled"}
{"timestamp": 1782875812.209, "formatted_time": "2026-07-01 11:16:52", "event": "watch_tick", "message": "generated_at=2026-07-01 11:16:52 completed_passes=5088/5088 activity=stalled"}
{"timestamp": 1782875842.278, "formatted_time": "2026-07-01 11:17:22", "event": "watch_tick", "message": "generated_at=2026-07-01 11:17:22 completed_passes=5088/5088 activity=stalled"}
{"timestamp": 1782875872.345, "formatted_time": "2026-07-01 11:17:52", "event": "watch_tick", "message": "generated_at=2026-07-01 11:17:52 completed_passes=5088/5088 activity=stalled"}
{"timestamp": 1782875902.412, "formatted_time": "2026-07-01 11:18:22", "event": "watch_tick", "message": "generated_at=2026-07-01 11:18:22 completed_passes=5088/5088 activity=stalled"}
{"timestamp": 1782875932.499, "formatted_time": "2026-07-01 11:18:52", "event": "watch_tick", "message": "generated_at=2026-07-01 11:18:52 completed_passes=5088/5088 activity=stalled"}
{"timestamp": 1782875962.573, "formatted_time": "2026-07-01 11:19:22", "event": "watch_tick", "message": "generated_at=2026-07-01 11:19:22 completed_passes=5088/5088 activity=stalled"}
{"timestamp": 1782875992.645, "formatted_time": "2026-07-01 11:19:52", "event": "watch_tick", "message": "generated_at=2026-07-01 11:19:52 completed_passes=5088/5088 activity=stalled"}
{"timestamp": 1782876022.717, "formatted_time": "2026-07-01 11:20:22", "event": "watch_tick", "message": "generated_at=2026-07-01 11:20:22 completed_passes=5088/5088 activity=stalled"}
{"timestamp": 1782876052.786, "formatted_time": "2026-07-01 11:20:52", "event": "watch_tick", "message": "generated_at=2026-07-01 11:20:52 completed_passes=5088/5088 activity=stalled"}
{"timestamp": 1782876082.858, "formatted_time": "2026-07-01 11:21:22", "event": "watch_tick", "message": "generated_at=2026-07-01 11:21:22 completed_passes=5088/5088 activity=stalled"}
{"timestamp": 1782876112.93, "formatted_time": "2026-07-01 11:21:52", "event": "watch_tick", "message": "generated_at=2026-07-01 11:21:52 completed_passes=5088/5088 activity=stalled"}
{"timestamp": 1782876143.028, "formatted_time": "2026-07-01 11:22:23", "event": "watch_tick", "message": "generated_at=2026-07-01 11:22:22 completed_passes=5088/5088 activity=stalled"}
{"timestamp": 1782876173.122, "formatted_time": "2026-07-01 11:22:53", "event": "watch_tick", "message": "generated_at=2026-07-01 11:22:53 completed_passes=5088/5088 activity=stalled"}
{"timestamp": 1782876203.204, "formatted_time": "2026-07-01 11:23:23", "event": "watch_tick", "message": "generated_at=2026-07-01 11:23:23 completed_passes=5088/5088 activity=stalled"}
{"timestamp": 1782876233.287, "formatted_time": "2026-07-01 11:23:53", "event": "watch_tick", "message": "generated_at=2026-07-01 11:23:53 completed_passes=5088/5088 activity=stalled"}
{"timestamp": 1782876263.38, "formatted_time": "2026-07-01 11:24:23", "event": "watch_tick", "message": "generated_at=2026-07-01 11:24:23 completed_passes=5088/5088 activity=stalled"}
{"timestamp": 1782876293.481, "formatted_time": "2026-07-01 11:24:53", "event": "watch_tick", "message": "generated_at=2026-07-01 11:24:53 completed_passes=5088/5088 activity=stalled"}
{"timestamp": 1782876323.584, "formatted_time": "2026-07-01 11:25:23", "event": "watch_tick", "message": "generated_at=2026-07-01 11:25:23 completed_passes=5088/5088 activity=stalled"}
{"timestamp": 1782876353.695, "formatted_time": "2026-07-01 11:25:53", "event": "watch_tick", "message": "generated_at=2026-07-01 11:25:53 completed_passes=5088/5088 activity=stalled"}
{"timestamp": 1782876383.796, "formatted_time": "2026-07-01 11:26:23", "event": "watch_tick", "message": "generated_at=2026-07-01 11:26:23 completed_passes=5088/5088 activity=stalled"}
{"timestamp": 1782876413.899, "formatted_time": "2026-07-01 11:26:53", "event": "watch_tick", "message": "generated_at=2026-07-01 11:26:53 completed_passes=5088/5088 activity=stalled"}
{"timestamp": 1782876443.998, "formatted_time": "2026-07-01 11:27:23", "event": "watch_tick", "message": "generated_at=2026-07-01 11:27:23 completed_passes=5088/5088 activity=stalled"}
{"timestamp": 1782876474.099, "formatted_time": "2026-07-01 11:27:54", "event": "watch_tick", "message": "generated_at=2026-07-01 11:27:54 completed_passes=5088/5088 activity=stalled"}
{"timestamp": 1782876504.197, "formatted_time": "2026-07-01 11:28:24", "event": "watch_tick", "message": "generated_at=2026-07-01 11:28:24 completed_passes=5088/5088 activity=stalled"}
{"timestamp": 1782876534.371, "formatted_time": "2026-07-01 11:28:54", "event": "watch_tick", "message": "generated_at=2026-07-01 11:28:54 completed_passes=5088/5088 activity=stalled"}
{"timestamp": 1782876564.474, "formatted_time": "2026-07-01 11:29:24", "event": "watch_tick", "message": "generated_at=2026-07-01 11:29:24 completed_passes=5088/5088 activity=stalled"}
{"timestamp": 1782876594.575, "formatted_time": "2026-07-01 11:29:54", "event": "watch_tick", "message": "generated_at=2026-07-01 11:29:54 completed_passes=5088/5088 activity=stalled"}
{"timestamp": 1782876624.678, "formatted_time": "2026-07-01 11:30:24", "event": "watch_tick", "message": "generated_at=2026-07-01 11:30:24 completed_passes=5088/5088 activity=stalled"}
{"timestamp": 1782876654.781, "formatted_time": "2026-07-01 11:30:54", "event": "watch_tick", "message": "generated_at=2026-07-01 11:30:54 completed_passes=5088/5088 activity=stalled"}
{"timestamp": 1782876684.882, "formatted_time": "2026-07-01 11:31:24", "event": "watch_tick", "message": "generated_at=2026-07-01 11:31:24 completed_passes=5088/5088 activity=stalled"}
{"timestamp": 1782876714.985, "formatted_time": "2026-07-01 11:31:54", "event": "watch_tick", "message": "generated_at=2026-07-01 11:31:54 completed_passes=5088/5088 activity=stalled"}
{"timestamp": 1782876745.083, "formatted_time": "2026-07-01 11:32:25", "event": "watch_tick", "message": "generated_at=2026-07-01 11:32:24 completed_passes=5088/5088 activity=stalled"}
{"timestamp": 1782876775.18, "formatted_time": "2026-07-01 11:32:55", "event": "watch_tick", "message": "generated_at=2026-07-01 11:32:55 completed_passes=5088/5088 activity=stalled"}
{"timestamp": 1782876805.28, "formatted_time": "2026-07-01 11:33:25", "event": "watch_tick", "message": "generated_at=2026-07-01 11:33:25 completed_passes=5088/5088 activity=stalled"}
{"timestamp": 1782876835.388, "formatted_time": "2026-07-01 11:33:55", "event": "watch_tick", "message": "generated_at=2026-07-01 11:33:55 completed_passes=5088/5088 activity=stalled"}
{"timestamp": 1782876865.502, "formatted_time": "2026-07-01 11:34:25", "event": "watch_tick", "message": "generated_at=2026-07-01 11:34:25 completed_passes=5088/5088 activity=stalled"}
{"timestamp": 1782876895.608, "formatted_time": "2026-07-01 11:34:55", "event": "watch_tick", "message": "generated_at=2026-07-01 11:34:55 completed_passes=5088/5088 activity=stalled"}
{"timestamp": 1782876925.714, "formatted_time": "2026-07-01 11:35:25", "event": "watch_tick", "message": "generated_at=2026-07-01 11:35:25 completed_passes=5088/5088 activity=stalled"}
{"timestamp": 1782876955.811, "formatted_time": "2026-07-01 11:35:55", "event": "watch_tick", "message": "generated_at=2026-07-01 11:35:55 completed_passes=5088/5088 activity=stalled"}
{"timestamp": 1782876985.909, "formatted_time": "2026-07-01 11:36:25", "event": "watch_tick", "message": "generated_at=2026-07-01 11:36:25 completed_passes=5088/5088 activity=stalled"}
{"timestamp": 1782877015.935, "formatted_time": "2026-07-01 11:36:55", "event": "watch_tick", "message": "generated_at=2026-07-01 11:36:55 completed_passes=5088/5088 activity=stalled"}
{"timestamp": 1782877046.031, "formatted_time": "2026-07-01 11:37:26", "event": "watch_tick", "message": "generated_at=2026-07-01 11:37:25 completed_passes=5088/5088 activity=stalled"}
{"timestamp": 1782877076.135, "formatted_time": "2026-07-01 11:37:56", "event": "watch_tick", "message": "generated_at=2026-07-01 11:37:56 completed_passes=5088/5088 activity=stalled"}
{"timestamp": 1782877106.23, "formatted_time": "2026-07-01 11:38:26", "event": "watch_tick", "message": "generated_at=2026-07-01 11:38:26 completed_passes=5088/5088 activity=stalled"}
{"timestamp": 1782877136.333, "formatted_time": "2026-07-01 11:38:56", "event": "watch_tick", "message": "generated_at=2026-07-01 11:38:56 completed_passes=5088/5088 activity=stalled"}
{"timestamp": 1782877166.428, "formatted_time": "2026-07-01 11:39:26", "event": "watch_tick", "message": "generated_at=2026-07-01 11:39:26 completed_passes=5088/5088 activity=stalled"}
{"timestamp": 1782877196.532, "formatted_time": "2026-07-01 11:39:56", "event": "watch_tick", "message": "generated_at=2026-07-01 11:39:56 completed_passes=5088/5088 activity=stalled"}
{"timestamp": 1782877226.629, "formatted_time": "2026-07-01 11:40:26", "event": "watch_tick", "message": "generated_at=2026-07-01 11:40:26 completed_passes=5088/5088 activity=stalled"}
{"timestamp": 1782877256.728, "formatted_time": "2026-07-01 11:40:56", "event": "watch_tick", "message": "generated_at=2026-07-01 11:40:56 completed_passes=5088/5088 activity=stalled"}
{"timestamp": 1782877286.837, "formatted_time": "2026-07-01 11:41:26", "event": "watch_tick", "message": "generated_at=2026-07-01 11:41:26 completed_passes=5088/5088 activity=stalled"}
{"timestamp": 1782877316.932, "formatted_time": "2026-07-01 11:41:56", "event": "watch_tick", "message": "generated_at=2026-07-01 11:41:56 completed_passes=5088/5088 activity=stalled"}
{"timestamp": 1782877347.026, "formatted_time": "2026-07-01 11:42:27", "event": "watch_tick", "message": "generated_at=2026-07-01 11:42:26 completed_passes=5088/5088 activity=stalled"}
{"timestamp": 1782877377.122, "formatted_time": "2026-07-01 11:42:57", "event": "watch_tick", "message": "generated_at=2026-07-01 11:42:57 completed_passes=5088/5088 activity=stalled"}
{"timestamp": 1782877407.219, "formatted_time": "2026-07-01 11:43:27", "event": "watch_tick", "message": "generated_at=2026-07-01 11:43:27 completed_passes=5088/5088 activity=stalled"}
{"timestamp": 1782877437.314, "formatted_time": "2026-07-01 11:43:57", "event": "watch_tick", "message": "generated_at=2026-07-01 11:43:57 completed_passes=5088/5088 activity=stalled"}
{"timestamp": 1782877467.429, "formatted_time": "2026-07-01 11:44:27", "event": "watch_tick", "message": "generated_at=2026-07-01 11:44:27 completed_passes=5088/5088 activity=stalled"}
{"timestamp": 1782877497.541, "formatted_time": "2026-07-01 11:44:57", "event": "watch_tick", "message": "generated_at=2026-07-01 11:44:57 completed_passes=5088/5088 activity=stalled"}
{"timestamp": 1782877527.636, "formatted_time": "2026-07-01 11:45:27", "event": "watch_tick", "message": "generated_at=2026-07-01 11:45:27 completed_passes=5088/5088 activity=stalled"}
{"timestamp": 1782877557.735, "formatted_time": "2026-07-01 11:45:57", "event": "watch_tick", "message": "generated_at=2026-07-01 11:45:57 completed_passes=5088/5088 activity=stalled"}
{"timestamp": 1782877587.838, "formatted_time": "2026-07-01 11:46:27", "event": "watch_tick", "message": "generated_at=2026-07-01 11:46:27 completed_passes=5088/5088 activity=stalled"}
{"timestamp": 1782877618.048, "formatted_time": "2026-07-01 11:46:58", "event": "watch_tick", "message": "generated_at=2026-07-01 11:46:57 completed_passes=5088/5088 activity=stalled"}
{"timestamp": 1782877648.137, "formatted_time": "2026-07-01 11:47:28", "event": "watch_tick", "message": "generated_at=2026-07-01 11:47:28 completed_passes=5088/5088 activity=stalled"}
{"timestamp": 1782877678.227, "formatted_time": "2026-07-01 11:47:58", "event": "watch_tick", "message": "generated_at=2026-07-01 11:47:58 completed_passes=5088/5088 activity=stalled"}
{"timestamp": 1782877708.342, "formatted_time": "2026-07-01 11:48:28", "event": "watch_tick", "message": "generated_at=2026-07-01 11:48:28 completed_passes=5088/5088 activity=stalled"}
{"timestamp": 1782877738.457, "formatted_time": "2026-07-01 11:48:58", "event": "watch_tick", "message": "generated_at=2026-07-01 11:48:58 completed_passes=5088/5088 activity=stalled"}
{"timestamp": 1782877768.56, "formatted_time": "2026-07-01 11:49:28", "event": "watch_tick", "message": "generated_at=2026-07-01 11:49:28 completed_passes=5088/5088 activity=stalled"}
{"timestamp": 1782877798.658, "formatted_time": "2026-07-01 11:49:58", "event": "watch_tick", "message": "generated_at=2026-07-01 11:49:58 completed_passes=5088/5088 activity=stalled"}
{"timestamp": 1782877828.768, "formatted_time": "2026-07-01 11:50:28", "event": "watch_tick", "message": "generated_at=2026-07-01 11:50:28 completed_passes=5088/5088 activity=stalled"}
{"timestamp": 1782877858.862, "formatted_time": "2026-07-01 11:50:58", "event": "watch_tick", "message": "generated_at=2026-07-01 11:50:58 completed_passes=5088/5088 activity=stalled"}
{"timestamp": 1782877888.969, "formatted_time": "2026-07-01 11:51:28", "event": "watch_tick", "message": "generated_at=2026-07-01 11:51:28 completed_passes=5088/5088 activity=stalled"}
{"timestamp": 1782877919.068, "formatted_time": "2026-07-01 11:51:59", "event": "watch_tick", "message": "generated_at=2026-07-01 11:51:58 completed_passes=5088/5088 activity=stalled"}
{"timestamp": 1782877949.171, "formatted_time": "2026-07-01 11:52:29", "event": "watch_tick", "message": "generated_at=2026-07-01 11:52:29 completed_passes=5088/5088 activity=stalled"}
{"timestamp": 1782877979.27, "formatted_time": "2026-07-01 11:52:59", "event": "watch_tick", "message": "generated_at=2026-07-01 11:52:59 completed_passes=5088/5088 activity=stalled"}
{"timestamp": 1782878009.37, "formatted_time": "2026-07-01 11:53:29", "event": "watch_tick", "message": "generated_at=2026-07-01 11:53:29 completed_passes=5088/5088 activity=stalled"}
{"timestamp": 1782878039.466, "formatted_time": "2026-07-01 11:53:59", "event": "watch_tick", "message": "generated_at=2026-07-01 11:53:59 completed_passes=5088/5088 activity=stalled"}
{"timestamp": 1782878069.564, "formatted_time": "2026-07-01 11:54:29", "event": "watch_tick", "message": "generated_at=2026-07-01 11:54:29 completed_passes=5088/5088 activity=stalled"}
{"timestamp": 1782878099.662, "formatted_time": "2026-07-01 11:54:59", "event": "watch_tick", "message": "generated_at=2026-07-01 11:54:59 completed_passes=5088/5088 activity=stalled"}
{"timestamp": 1782878129.746, "formatted_time": "2026-07-01 11:55:29", "event": "watch_tick", "message": "generated_at=2026-07-01 11:55:29 completed_passes=5088/5088 activity=stalled"}
{"timestamp": 1782878159.843, "formatted_time": "2026-07-01 11:55:59", "event": "watch_tick", "message": "generated_at=2026-07-01 11:55:59 completed_passes=5088/5088 activity=stalled"}
{"timestamp": 1782878189.939, "formatted_time": "2026-07-01 11:56:29", "event": "watch_tick", "message": "generated_at=2026-07-01 11:56:29 completed_passes=5088/5088 activity=stalled"}
{"timestamp": 1782878220.038, "formatted_time": "2026-07-01 11:57:00", "event": "watch_tick", "message": "generated_at=2026-07-01 11:56:59 completed_passes=5088/5088 activity=stalled"}
{"timestamp": 1782878250.141, "formatted_time": "2026-07-01 11:57:30", "event": "watch_tick", "message": "generated_at=2026-07-01 11:57:30 completed_passes=5088/5088 activity=stalled"}
{"timestamp": 1782878280.253, "formatted_time": "2026-07-01 11:58:00", "event": "watch_tick", "message": "generated_at=2026-07-01 11:58:00 completed_passes=5088/5088 activity=stalled"}
{"timestamp": 1782878310.352, "formatted_time": "2026-07-01 11:58:30", "event": "watch_tick", "message": "generated_at=2026-07-01 11:58:30 completed_passes=5088/5088 activity=stalled"}
{"timestamp": 1782878340.457, "formatted_time": "2026-07-01 11:59:00", "event": "watch_tick", "message": "generated_at=2026-07-01 11:59:00 completed_passes=5088/5088 activity=stalled"}
{"timestamp": 1782878370.547, "formatted_time": "2026-07-01 11:59:30", "event": "watch_tick", "message": "generated_at=2026-07-01 11:59:30 completed_passes=5088/5088 activity=stalled"}
{"timestamp": 1782878401.158, "formatted_time": "2026-07-01 12:00:01", "event": "watch_tick", "message": "generated_at=2026-07-01 12:00:00 completed_passes=5088/5088 activity=stalled"}
{"timestamp": 1782878431.256, "formatted_time": "2026-07-01 12:00:31", "event": "watch_tick", "message": "generated_at=2026-07-01 12:00:31 completed_passes=5088/5088 activity=stalled"}
{"timestamp": 1782878461.356, "formatted_time": "2026-07-01 12:01:01", "event": "watch_tick", "message": "generated_at=2026-07-01 12:01:01 completed_passes=5088/5088 activity=stalled"}
{"timestamp": 1782878491.454, "formatted_time": "2026-07-01 12:01:31", "event": "watch_tick", "message": "generated_at=2026-07-01 12:01:31 completed_passes=5088/5088 activity=stalled"}
{"timestamp": 1782878521.551, "formatted_time": "2026-07-01 12:02:01", "event": "watch_tick", "message": "generated_at=2026-07-01 12:02:01 completed_passes=5088/5088 activity=stalled"}
{"timestamp": 1782878551.644, "formatted_time": "2026-07-01 12:02:31", "event": "watch_tick", "message": "generated_at=2026-07-01 12:02:31 completed_passes=5088/5088 activity=stalled"}
{"timestamp": 1782878581.734, "formatted_time": "2026-07-01 12:03:01", "event": "watch_tick", "message": "generated_at=2026-07-01 12:03:01 completed_passes=5088/5088 activity=stalled"}
{"timestamp": 1782878611.833, "formatted_time": "2026-07-01 12:03:31", "event": "watch_tick", "message": "generated_at=2026-07-01 12:03:31 completed_passes=5088/5088 activity=stalled"}
{"timestamp": 1782878641.937, "formatted_time": "2026-07-01 12:04:01", "event": "watch_tick", "message": "generated_at=2026-07-01 12:04:01 completed_passes=5088/5088 activity=stalled"}
{"timestamp": 1782878672.033, "formatted_time": "2026-07-01 12:04:32", "event": "watch_tick", "message": "generated_at=2026-07-01 12:04:31 completed_passes=5088/5088 activity=stalled"}
{"timestamp": 1782878702.14, "formatted_time": "2026-07-01 12:05:02", "event": "watch_tick", "message": "generated_at=2026-07-01 12:05:02 completed_passes=5088/5088 activity=stalled"}
{"timestamp": 1782878732.252, "formatted_time": "2026-07-01 12:05:32", "event": "watch_tick", "message": "generated_at=2026-07-01 12:05:32 completed_passes=5088/5088 activity=stalled"}
{"timestamp": 1782878762.35, "formatted_time": "2026-07-01 12:06:02", "event": "watch_tick", "message": "generated_at=2026-07-01 12:06:02 completed_passes=5088/5088 activity=stalled"}
{"timestamp": 1782878792.452, "formatted_time": "2026-07-01 12:06:32", "event": "watch_tick", "message": "generated_at=2026-07-01 12:06:32 completed_passes=5088/5088 activity=stalled"}
{"timestamp": 1782878822.547, "formatted_time": "2026-07-01 12:07:02", "event": "watch_tick", "message": "generated_at=2026-07-01 12:07:02 completed_passes=5088/5088 activity=stalled"}
{"timestamp": 1782878852.646, "formatted_time": "2026-07-01 12:07:32", "event": "watch_tick", "message": "generated_at=2026-07-01 12:07:32 completed_passes=5088/5088 activity=stalled"}
{"timestamp": 1782878882.949, "formatted_time": "2026-07-01 12:08:02", "event": "watch_tick", "message": "generated_at=2026-07-01 12:08:02 completed_passes=5088/5088 activity=stalled"}
{"timestamp": 1782878913.049, "formatted_time": "2026-07-01 12:08:33", "event": "watch_tick", "message": "generated_at=2026-07-01 12:08:32 completed_passes=5088/5088 activity=stalled"}
{"timestamp": 1782878943.156, "formatted_time": "2026-07-01 12:09:03", "event": "watch_tick", "message": "generated_at=2026-07-01 12:09:03 completed_passes=5088/5088 activity=stalled"}
{"timestamp": 1782878973.239, "formatted_time": "2026-07-01 12:09:33", "event": "watch_tick", "message": "generated_at=2026-07-01 12:09:33 completed_passes=5088/5088 activity=stalled"}
{"timestamp": 1782879003.337, "formatted_time": "2026-07-01 12:10:03", "event": "watch_tick", "message": "generated_at=2026-07-01 12:10:03 completed_passes=5088/5088 activity=stalled"}
{"timestamp": 1782879033.432, "formatted_time": "2026-07-01 12:10:33", "event": "watch_tick", "message": "generated_at=2026-07-01 12:10:33 completed_passes=5088/5088 activity=stalled"}
{"timestamp": 1782879063.531, "formatted_time": "2026-07-01 12:11:03", "event": "watch_tick", "message": "generated_at=2026-07-01 12:11:03 completed_passes=5088/5088 activity=stalled"}
{"timestamp": 1782879093.648, "formatted_time": "2026-07-01 12:11:33", "event": "watch_tick", "message": "generated_at=2026-07-01 12:11:33 completed_passes=5088/5088 activity=stalled"}
{"timestamp": 1782879123.745, "formatted_time": "2026-07-01 12:12:03", "event": "watch_tick", "message": "generated_at=2026-07-01 12:12:03 completed_passes=5088/5088 activity=stalled"}
{"timestamp": 1782879153.842, "formatted_time": "2026-07-01 12:12:33", "event": "watch_tick", "message": "generated_at=2026-07-01 12:12:33 completed_passes=5088/5088 activity=stalled"}
{"timestamp": 1782879183.937, "formatted_time": "2026-07-01 12:13:03", "event": "watch_tick", "message": "generated_at=2026-07-01 12:13:03 completed_passes=5088/5088 activity=stalled"}
{"timestamp": 1782879214.031, "formatted_time": "2026-07-01 12:13:34", "event": "watch_tick", "message": "generated_at=2026-07-01 12:13:33 completed_passes=5088/5088 activity=stalled"}
{"timestamp": 1782879244.128, "formatted_time": "2026-07-01 12:14:04", "event": "watch_tick", "message": "generated_at=2026-07-01 12:14:04 completed_passes=5088/5088 activity=stalled"}
{"timestamp": 1782879274.227, "formatted_time": "2026-07-01 12:14:34", "event": "watch_tick", "message": "generated_at=2026-07-01 12:14:34 completed_passes=5088/5088 activity=stalled"}
{"timestamp": 1782879304.327, "formatted_time": "2026-07-01 12:15:04", "event": "watch_tick", "message": "generated_at=2026-07-01 12:15:04 completed_passes=5088/5088 activity=stalled"}
{"timestamp": 1782879334.422, "formatted_time": "2026-07-01 12:15:34", "event": "watch_tick", "message": "generated_at=2026-07-01 12:15:34 completed_passes=5088/5088 activity=stalled"}
{"timestamp": 1782879364.519, "formatted_time": "2026-07-01 12:16:04", "event": "watch_tick", "message": "generated_at=2026-07-01 12:16:04 completed_passes=5088/5088 activity=stalled"}
{"timestamp": 1782879394.616, "formatted_time": "2026-07-01 12:16:34", "event": "watch_tick", "message": "generated_at=2026-07-01 12:16:34 completed_passes=5088/5088 activity=stalled"}
{"timestamp": 1782879424.714, "formatted_time": "2026-07-01 12:17:04", "event": "watch_tick", "message": "generated_at=2026-07-01 12:17:04 completed_passes=5088/5088 activity=stalled"}
{"timestamp": 1782879454.828, "formatted_time": "2026-07-01 12:17:34", "event": "watch_tick", "message": "generated_at=2026-07-01 12:17:34 completed_passes=5088/5088 activity=stalled"}
{"timestamp": 1782879484.924, "formatted_time": "2026-07-01 12:18:04", "event": "watch_tick", "message": "generated_at=2026-07-01 12:18:04 completed_passes=5088/5088 activity=stalled"}
{"timestamp": 1782879515.021, "formatted_time": "2026-07-01 12:18:35", "event": "watch_tick", "message": "generated_at=2026-07-01 12:18:34 completed_passes=5088/5088 activity=stalled"}
{"timestamp": 1782879545.117, "formatted_time": "2026-07-01 12:19:05", "event": "watch_tick", "message": "generated_at=2026-07-01 12:19:05 completed_passes=5088/5088 activity=stalled"}
{"timestamp": 1782879575.214, "formatted_time": "2026-07-01 12:19:35", "event": "watch_tick", "message": "generated_at=2026-07-01 12:19:35 completed_passes=5088/5088 activity=stalled"}
{"timestamp": 1782879605.314, "formatted_time": "2026-07-01 12:20:05", "event": "watch_tick", "message": "generated_at=2026-07-01 12:20:05 completed_passes=5088/5088 activity=stalled"}
{"timestamp": 1782879635.416, "formatted_time": "2026-07-01 12:20:35", "event": "watch_tick", "message": "generated_at=2026-07-01 12:20:35 completed_passes=5088/5088 activity=stalled"}
{"timestamp": 1782879665.512, "formatted_time": "2026-07-01 12:21:05", "event": "watch_tick", "message": "generated_at=2026-07-01 12:21:05 completed_passes=5088/5088 activity=stalled"}
{"timestamp": 1782879695.602, "formatted_time": "2026-07-01 12:21:35", "event": "watch_tick", "message": "generated_at=2026-07-01 12:21:35 completed_passes=5088/5088 activity=stalled"}
{"timestamp": 1782879725.703, "formatted_time": "2026-07-01 12:22:05", "event": "watch_tick", "message": "generated_at=2026-07-01 12:22:05 completed_passes=5088/5088 activity=stalled"}
{"timestamp": 1782879755.803, "formatted_time": "2026-07-01 12:22:35", "event": "watch_tick", "message": "generated_at=2026-07-01 12:22:35 completed_passes=5088/5088 activity=stalled"}
{"timestamp": 1782879785.889, "formatted_time": "2026-07-01 12:23:05", "event": "watch_tick", "message": "generated_at=2026-07-01 12:23:05 completed_passes=5088/5088 activity=stalled"}
{"timestamp": 1782879815.988, "formatted_time": "2026-07-01 12:23:35", "event": "watch_tick", "message": "generated_at=2026-07-01 12:23:35 completed_passes=5088/5088 activity=stalled"}
{"timestamp": 1782879846.094, "formatted_time": "2026-07-01 12:24:06", "event": "watch_tick", "message": "generated_at=2026-07-01 12:24:05 completed_passes=5088/5088 activity=stalled"}
{"timestamp": 1782879876.188, "formatted_time": "2026-07-01 12:24:36", "event": "watch_tick", "message": "generated_at=2026-07-01 12:24:36 completed_passes=5088/5088 activity=stalled"}
{"timestamp": 1782879906.284, "formatted_time": "2026-07-01 12:25:06", "event": "watch_tick", "message": "generated_at=2026-07-01 12:25:06 completed_passes=5088/5088 activity=stalled"}
{"timestamp": 1782879936.38, "formatted_time": "2026-07-01 12:25:36", "event": "watch_tick", "message": "generated_at=2026-07-01 12:25:36 completed_passes=5088/5088 activity=stalled"}
{"timestamp": 1782879966.485, "formatted_time": "2026-07-01 12:26:06", "event": "watch_tick", "message": "generated_at=2026-07-01 12:26:06 completed_passes=5088/5088 activity=stalled"}
{"timestamp": 1782879996.58, "formatted_time": "2026-07-01 12:26:36", "event": "watch_tick", "message": "generated_at=2026-07-01 12:26:36 completed_passes=5088/5088 activity=stalled"}
{"timestamp": 1782880026.676, "formatted_time": "2026-07-01 12:27:06", "event": "watch_tick", "message": "generated_at=2026-07-01 12:27:06 completed_passes=5088/5088 activity=stalled"}
{"timestamp": 1782880056.772, "formatted_time": "2026-07-01 12:27:36", "event": "watch_tick", "message": "generated_at=2026-07-01 12:27:36 completed_passes=5088/5088 activity=stalled"}
{"timestamp": 1782880086.871, "formatted_time": "2026-07-01 12:28:06", "event": "watch_tick", "message": "generated_at=2026-07-01 12:28:06 completed_passes=5088/5088 activity=stalled"}
{"timestamp": 1782880116.968, "formatted_time": "2026-07-01 12:28:36", "event": "watch_tick", "message": "generated_at=2026-07-01 12:28:36 completed_passes=5088/5088 activity=stalled"}
{"timestamp": 1782880147.066, "formatted_time": "2026-07-01 12:29:07", "event": "watch_tick", "message": "generated_at=2026-07-01 12:29:06 completed_passes=5088/5088 activity=stalled"}
{"timestamp": 1782880277.005, "formatted_time": "2026-07-01 12:31:17", "event": "watch_tick", "message": "generated_at=2026-07-01 12:31:16 completed_passes=5088/5088 activity=stalled"}
{"timestamp": 1782880307.101, "formatted_time": "2026-07-01 12:31:47", "event": "watch_tick", "message": "generated_at=2026-07-01 12:31:47 completed_passes=5088/5088 activity=stalled"}
{"timestamp": 1782880337.26, "formatted_time": "2026-07-01 12:32:17", "event": "watch_tick", "message": "generated_at=2026-07-01 12:32:17 completed_passes=5088/5088 activity=stalled"}
{"timestamp": 1782880367.358, "formatted_time": "2026-07-01 12:32:47", "event": "watch_tick", "message": "generated_at=2026-07-01 12:32:47 completed_passes=5088/5088 activity=stalled"}
{"timestamp": 1782880397.457, "formatted_time": "2026-07-01 12:33:17", "event": "watch_tick", "message": "generated_at=2026-07-01 12:33:17 completed_passes=5088/5088 activity=stalled"}
{"timestamp": 1782880427.555, "formatted_time": "2026-07-01 12:33:47", "event": "watch_tick", "message": "generated_at=2026-07-01 12:33:47 completed_passes=5088/5088 activity=stalled"}
{"timestamp": 1782880457.653, "formatted_time": "2026-07-01 12:34:17", "event": "watch_tick", "message": "generated_at=2026-07-01 12:34:17 completed_passes=5088/5088 activity=stalled"}
{"timestamp": 1782880487.753, "formatted_time": "2026-07-01 12:34:47", "event": "watch_tick", "message": "generated_at=2026-07-01 12:34:47 completed_passes=5088/5088 activity=stalled"}
{"timestamp": 1782880517.851, "formatted_time": "2026-07-01 12:35:17", "event": "watch_tick", "message": "generated_at=2026-07-01 12:35:17 completed_passes=5088/5088 activity=stalled"}
{"timestamp": 1782880547.946, "formatted_time": "2026-07-01 12:35:47", "event": "watch_tick", "message": "generated_at=2026-07-01 12:35:47 completed_passes=5088/5088 activity=stalled"}
{"timestamp": 1782880578.043, "formatted_time": "2026-07-01 12:36:18", "event": "watch_tick", "message": "generated_at=2026-07-01 12:36:17 completed_passes=5088/5088 activity=stalled"}
{"timestamp": 1782880608.143, "formatted_time": "2026-07-01 12:36:48", "event": "watch_tick", "message": "generated_at=2026-07-01 12:36:48 completed_passes=5088/5088 activity=stalled"}
{"timestamp": 1782880638.243, "formatted_time": "2026-07-01 12:37:18", "event": "watch_tick", "message": "generated_at=2026-07-01 12:37:18 completed_passes=5088/5088 activity=stalled"}
{"timestamp": 1782880668.343, "formatted_time": "2026-07-01 12:37:48", "event": "watch_tick", "message": "generated_at=2026-07-01 12:37:48 completed_passes=5088/5088 activity=stalled"}
{"timestamp": 1782880698.442, "formatted_time": "2026-07-01 12:38:18", "event": "watch_tick", "message": "generated_at=2026-07-01 12:38:18 completed_passes=5088/5088 activity=stalled"}
{"timestamp": 1782880728.534, "formatted_time": "2026-07-01 12:38:48", "event": "watch_tick", "message": "generated_at=2026-07-01 12:38:48 completed_passes=5088/5088 activity=stalled"}
{"timestamp": 1782880758.633, "formatted_time": "2026-07-01 12:39:18", "event": "watch_tick", "message": "generated_at=2026-07-01 12:39:18 completed_passes=5088/5088 activity=stalled"}
{"timestamp": 1782880788.726, "formatted_time": "2026-07-01 12:39:48", "event": "watch_tick", "message": "generated_at=2026-07-01 12:39:48 completed_passes=5088/5088 activity=stalled"}
{"timestamp": 1782880818.82, "formatted_time": "2026-07-01 12:40:18", "event": "watch_tick", "message": "generated_at=2026-07-01 12:40:18 completed_passes=5088/5088 activity=stalled"}
{"timestamp": 1782880848.916, "formatted_time": "2026-07-01 12:40:48", "event": "watch_tick", "message": "generated_at=2026-07-01 12:40:48 completed_passes=5088/5088 activity=stalled"}
{"timestamp": 1782880879.023, "formatted_time": "2026-07-01 12:41:19", "event": "watch_tick", "message": "generated_at=2026-07-01 12:41:18 completed_passes=5088/5088 activity=stalled"}
{"timestamp": 1782880909.121, "formatted_time": "2026-07-01 12:41:49", "event": "watch_tick", "message": "generated_at=2026-07-01 12:41:49 completed_passes=5088/5088 activity=stalled"}
{"timestamp": 1782880939.219, "formatted_time": "2026-07-01 12:42:19", "event": "watch_tick", "message": "generated_at=2026-07-01 12:42:19 completed_passes=5088/5088 activity=stalled"}
{"timestamp": 1782880969.318, "formatted_time": "2026-07-01 12:42:49", "event": "watch_tick", "message": "generated_at=2026-07-01 12:42:49 completed_passes=5088/5088 activity=stalled"}
{"timestamp": 1782880999.42, "formatted_time": "2026-07-01 12:43:19", "event": "watch_tick", "message": "generated_at=2026-07-01 12:43:19 completed_passes=5088/5088 activity=stalled"}
{"timestamp": 1782881029.518, "formatted_time": "2026-07-01 12:43:49", "event": "watch_tick", "message": "generated_at=2026-07-01 12:43:49 completed_passes=5088/5088 activity=stalled"}
{"timestamp": 1782881059.616, "formatted_time": "2026-07-01 12:44:19", "event": "watch_tick", "message": "generated_at=2026-07-01 12:44:19 completed_passes=5088/5088 activity=stalled"}
{"timestamp": 1782881089.714, "formatted_time": "2026-07-01 12:44:49", "event": "watch_tick", "message": "generated_at=2026-07-01 12:44:49 completed_passes=5088/5088 activity=stalled"}
{"timestamp": 1782881120.023, "formatted_time": "2026-07-01 12:45:20", "event": "watch_tick", "message": "generated_at=2026-07-01 12:45:19 completed_passes=5088/5088 activity=stalled"}
{"timestamp": 1782881150.11, "formatted_time": "2026-07-01 12:45:50", "event": "watch_tick", "message": "generated_at=2026-07-01 12:45:50 completed_passes=5088/5088 activity=stalled"}
{"timestamp": 1782881180.21, "formatted_time": "2026-07-01 12:46:20", "event": "watch_tick", "message": "generated_at=2026-07-01 12:46:20 completed_passes=5088/5088 activity=stalled"}
{"timestamp": 1782881210.307, "formatted_time": "2026-07-01 12:46:50", "event": "watch_tick", "message": "generated_at=2026-07-01 12:46:50 completed_passes=5088/5088 activity=stalled"}
{"timestamp": 1782881240.407, "formatted_time": "2026-07-01 12:47:20", "event": "watch_tick", "message": "generated_at=2026-07-01 12:47:20 completed_passes=5088/5088 activity=stalled"}
{"timestamp": 1782881270.517, "formatted_time": "2026-07-01 12:47:50", "event": "watch_tick", "message": "generated_at=2026-07-01 12:47:50 completed_passes=5088/5088 activity=stalled"}
{"timestamp": 1782881300.616, "formatted_time": "2026-07-01 12:48:20", "event": "watch_tick", "message": "generated_at=2026-07-01 12:48:20 completed_passes=5088/5088 activity=stalled"}
{"timestamp": 1782881330.712, "formatted_time": "2026-07-01 12:48:50", "event": "watch_tick", "message": "generated_at=2026-07-01 12:48:50 completed_passes=5088/5088 activity=stalled"}
{"timestamp": 1782881360.796, "formatted_time": "2026-07-01 12:49:20", "event": "watch_tick", "message": "generated_at=2026-07-01 12:49:20 completed_passes=5088/5088 activity=stalled"}
{"timestamp": 1782881390.895, "formatted_time": "2026-07-01 12:49:50", "event": "watch_tick", "message": "generated_at=2026-07-01 12:49:50 completed_passes=5088/5088 activity=stalled"}
{"timestamp": 1782881420.996, "formatted_time": "2026-07-01 12:50:20", "event": "watch_tick", "message": "generated_at=2026-07-01 12:50:20 completed_passes=5088/5088 activity=stalled"}
{"timestamp": 1782881451.091, "formatted_time": "2026-07-01 12:50:51", "event": "watch_tick", "message": "generated_at=2026-07-01 12:50:51 completed_passes=5088/5088 activity=stalled"}
{"timestamp": 1782881481.19, "formatted_time": "2026-07-01 12:51:21", "event": "watch_tick", "message": "generated_at=2026-07-01 12:51:21 completed_passes=5088/5088 activity=stalled"}
{"timestamp": 1782881511.283, "formatted_time": "2026-07-01 12:51:51", "event": "watch_tick", "message": "generated_at=2026-07-01 12:51:51 completed_passes=5088/5088 activity=stalled"}
{"timestamp": 1782881541.383, "formatted_time": "2026-07-01 12:52:21", "event": "watch_tick", "message": "generated_at=2026-07-01 12:52:21 completed_passes=5088/5088 activity=stalled"}
{"timestamp": 1782881571.481, "formatted_time": "2026-07-01 12:52:51", "event": "watch_tick", "message": "generated_at=2026-07-01 12:52:51 completed_passes=5088/5088 activity=stalled"}
{"timestamp": 1782881601.582, "formatted_time": "2026-07-01 12:53:21", "event": "watch_tick", "message": "generated_at=2026-07-01 12:53:21 completed_passes=5088/5088 activity=stalled"}
{"timestamp": 1782881631.683, "formatted_time": "2026-07-01 12:53:51", "event": "watch_tick", "message": "generated_at=2026-07-01 12:53:51 completed_passes=5088/5088 activity=stalled"}
{"timestamp": 1782881661.783, "formatted_time": "2026-07-01 12:54:21", "event": "watch_tick", "message": "generated_at=2026-07-01 12:54:21 completed_passes=5088/5088 activity=stalled"}
{"timestamp": 1782881691.882, "formatted_time": "2026-07-01 12:54:51", "event": "watch_tick", "message": "generated_at=2026-07-01 12:54:51 completed_passes=5088/5088 activity=stalled"}
{"timestamp": 1782881721.983, "formatted_time": "2026-07-01 12:55:21", "event": "watch_tick", "message": "generated_at=2026-07-01 12:55:21 completed_passes=5088/5088 activity=stalled"}
{"timestamp": 1782881752.078, "formatted_time": "2026-07-01 12:55:52", "event": "watch_tick", "message": "generated_at=2026-07-01 12:55:51 completed_passes=5088/5088 activity=stalled"}
{"timestamp": 1782881782.178, "formatted_time": "2026-07-01 12:56:22", "event": "watch_tick", "message": "generated_at=2026-07-01 12:56:22 completed_passes=5088/5088 activity=stalled"}
{"timestamp": 1782881812.275, "formatted_time": "2026-07-01 12:56:52", "event": "watch_tick", "message": "generated_at=2026-07-01 12:56:52 completed_passes=5088/5088 activity=stalled"}
{"timestamp": 1782881842.374, "formatted_time": "2026-07-01 12:57:22", "event": "watch_tick", "message": "generated_at=2026-07-01 12:57:22 completed_passes=5088/5088 activity=stalled"}
{"timestamp": 1782881872.476, "formatted_time": "2026-07-01 12:57:52", "event": "watch_tick", "message": "generated_at=2026-07-01 12:57:52 completed_passes=5088/5088 activity=stalled"}
{"timestamp": 1782881902.571, "formatted_time": "2026-07-01 12:58:22", "event": "watch_tick", "message": "generated_at=2026-07-01 12:58:22 completed_passes=5088/5088 activity=stalled"}
{"timestamp": 1782881932.672, "formatted_time": "2026-07-01 12:58:52", "event": "watch_tick", "message": "generated_at=2026-07-01 12:58:52 completed_passes=5088/5088 activity=stalled"}
{"timestamp": 1782881963.033, "formatted_time": "2026-07-01 12:59:23", "event": "watch_tick", "message": "generated_at=2026-07-01 12:59:22 completed_passes=5088/5088 activity=stalled"}
{"timestamp": 1782881993.145, "formatted_time": "2026-07-01 12:59:53", "event": "watch_tick", "message": "generated_at=2026-07-01 12:59:53 completed_passes=5088/5088 activity=stalled"}
{"timestamp": 1782882023.251, "formatted_time": "2026-07-01 13:00:23", "event": "watch_tick", "message": "generated_at=2026-07-01 13:00:23 completed_passes=5088/5088 activity=stalled"}
{"timestamp": 1782882053.356, "formatted_time": "2026-07-01 13:00:53", "event": "watch_tick", "message": "generated_at=2026-07-01 13:00:53 completed_passes=5088/5088 activity=stalled"}
{"timestamp": 1782882083.478, "formatted_time": "2026-07-01 13:01:23", "event": "watch_tick", "message": "generated_at=2026-07-01 13:01:23 completed_passes=5088/5088 activity=stalled"}
{"timestamp": 1782882113.591, "formatted_time": "2026-07-01 13:01:53", "event": "watch_tick", "message": "generated_at=2026-07-01 13:01:53 completed_passes=5088/5088 activity=stalled"}
{"timestamp": 1782882143.688, "formatted_time": "2026-07-01 13:02:23", "event": "watch_tick", "message": "generated_at=2026-07-01 13:02:23 completed_passes=5088/5088 activity=stalled"}
{"timestamp": 1782882173.786, "formatted_time": "2026-07-01 13:02:53", "event": "watch_tick", "message": "generated_at=2026-07-01 13:02:53 completed_passes=5088/5088 activity=stalled"}
{"timestamp": 1782882203.889, "formatted_time": "2026-07-01 13:03:23", "event": "watch_tick", "message": "generated_at=2026-07-01 13:03:23 completed_passes=5088/5088 activity=stalled"}
{"timestamp": 1782882233.977, "formatted_time": "2026-07-01 13:03:53", "event": "watch_tick", "message": "generated_at=2026-07-01 13:03:53 completed_passes=5088/5088 activity=stalled"}
{"timestamp": 1782882264.072, "formatted_time": "2026-07-01 13:04:24", "event": "watch_tick", "message": "generated_at=2026-07-01 13:04:23 completed_passes=5088/5088 activity=stalled"}
{"timestamp": 1782882294.18, "formatted_time": "2026-07-01 13:04:54", "event": "watch_tick", "message": "generated_at=2026-07-01 13:04:54 completed_passes=5088/5088 activity=stalled"}
{"timestamp": 1782882324.278, "formatted_time": "2026-07-01 13:05:24", "event": "watch_tick", "message": "generated_at=2026-07-01 13:05:24 completed_passes=5088/5088 activity=stalled"}
{"timestamp": 1782882354.377, "formatted_time": "2026-07-01 13:05:54", "event": "watch_tick", "message": "generated_at=2026-07-01 13:05:54 completed_passes=5088/5088 activity=stalled"}
{"timestamp": 1782882384.479, "formatted_time": "2026-07-01 13:06:24", "event": "watch_tick", "message": "generated_at=2026-07-01 13:06:24 completed_passes=5088/5088 activity=stalled"}
{"timestamp": 1782882414.613, "formatted_time": "2026-07-01 13:06:54", "event": "watch_tick", "message": "generated_at=2026-07-01 13:06:54 completed_passes=5088/5088 activity=stalled"}
{"timestamp": 1782882444.716, "formatted_time": "2026-07-01 13:07:24", "event": "watch_tick", "message": "generated_at=2026-07-01 13:07:24 completed_passes=5088/5088 activity=stalled"}
{"timestamp": 1782882474.817, "formatted_time": "2026-07-01 13:07:54", "event": "watch_tick", "message": "generated_at=2026-07-01 13:07:54 completed_passes=5088/5088 activity=stalled"}
{"timestamp": 1782882504.919, "formatted_time": "2026-07-01 13:08:24", "event": "watch_tick", "message": "generated_at=2026-07-01 13:08:24 completed_passes=5088/5088 activity=stalled"}
{"timestamp": 1782882535.019, "formatted_time": "2026-07-01 13:08:55", "event": "watch_tick", "message": "generated_at=2026-07-01 13:08:54 completed_passes=5088/5088 activity=stalled"}
{"timestamp": 1782882565.129, "formatted_time": "2026-07-01 13:09:25", "event": "watch_tick", "message": "generated_at=2026-07-01 13:09:25 completed_passes=5088/5088 activity=stalled"}
{"timestamp": 1782882595.229, "formatted_time": "2026-07-01 13:09:55", "event": "watch_tick", "message": "generated_at=2026-07-01 13:09:55 completed_passes=5088/5088 activity=stalled"}
{"timestamp": 1782882625.329, "formatted_time": "2026-07-01 13:10:25", "event": "watch_tick", "message": "generated_at=2026-07-01 13:10:25 completed_passes=5088/5088 activity=stalled"}
{"timestamp": 1782882655.431, "formatted_time": "2026-07-01 13:10:55", "event": "watch_tick", "message": "generated_at=2026-07-01 13:10:55 completed_passes=5088/5088 activity=stalled"}
{"timestamp": 1782882685.533, "formatted_time": "2026-07-01 13:11:25", "event": "watch_tick", "message": "generated_at=2026-07-01 13:11:25 completed_passes=5088/5088 activity=stalled"}
{"timestamp": 1782882715.742, "formatted_time": "2026-07-01 13:11:55", "event": "watch_tick", "message": "generated_at=2026-07-01 13:11:55 completed_passes=5088/5088 activity=stalled"}
{"timestamp": 1782882745.85, "formatted_time": "2026-07-01 13:12:25", "event": "watch_tick", "message": "generated_at=2026-07-01 13:12:25 completed_passes=5088/5088 activity=stalled"}
{"timestamp": 1782882775.953, "formatted_time": "2026-07-01 13:12:55", "event": "watch_tick", "message": "generated_at=2026-07-01 13:12:55 completed_passes=5088/5088 activity=stalled"}
{"timestamp": 1782882806.054, "formatted_time": "2026-07-01 13:13:26", "event": "watch_tick", "message": "generated_at=2026-07-01 13:13:25 completed_passes=5088/5088 activity=stalled"}
{"timestamp": 1782882836.146, "formatted_time": "2026-07-01 13:13:56", "event": "watch_tick", "message": "generated_at=2026-07-01 13:13:56 completed_passes=5088/5088 activity=stalled"}
{"timestamp": 1782882866.248, "formatted_time": "2026-07-01 13:14:26", "event": "watch_tick", "message": "generated_at=2026-07-01 13:14:26 completed_passes=5088/5088 activity=stalled"}
{"timestamp": 1782882896.352, "formatted_time": "2026-07-01 13:14:56", "event": "watch_tick", "message": "generated_at=2026-07-01 13:14:56 completed_passes=5088/5088 activity=stalled"}
{"timestamp": 1782882926.457, "formatted_time": "2026-07-01 13:15:26", "event": "watch_tick", "message": "generated_at=2026-07-01 13:15:26 completed_passes=5088/5088 activity=stalled"}
{"timestamp": 1782882956.558, "formatted_time": "2026-07-01 13:15:56", "event": "watch_tick", "message": "generated_at=2026-07-01 13:15:56 completed_passes=5088/5088 activity=stalled"}
{"timestamp": 1782882986.654, "formatted_time": "2026-07-01 13:16:26", "event": "watch_tick", "message": "generated_at=2026-07-01 13:16:26 completed_passes=5088/5088 activity=stalled"}
{"timestamp": 1782883016.757, "formatted_time": "2026-07-01 13:16:56", "event": "watch_tick", "message": "generated_at=2026-07-01 13:16:56 completed_passes=5088/5088 activity=stalled"}
{"timestamp": 1782883046.862, "formatted_time": "2026-07-01 13:17:26", "event": "watch_tick", "message": "generated_at=2026-07-01 13:17:26 completed_passes=5088/5088 activity=stalled"}
{"timestamp": 1782883076.972, "formatted_time": "2026-07-01 13:17:56", "event": "watch_tick", "message": "generated_at=2026-07-01 13:17:56 completed_passes=5088/5088 activity=stalled"}
{"timestamp": 1782883107.077, "formatted_time": "2026-07-01 13:18:27", "event": "watch_tick", "message": "generated_at=2026-07-01 13:18:26 completed_passes=5088/5088 activity=stalled"}
{"timestamp": 1782883137.172, "formatted_time": "2026-07-01 13:18:57", "event": "watch_tick", "message": "generated_at=2026-07-01 13:18:57 completed_passes=5088/5088 activity=stalled"}
{"timestamp": 1782883167.271, "formatted_time": "2026-07-01 13:19:27", "event": "watch_tick", "message": "generated_at=2026-07-01 13:19:27 completed_passes=5088/5088 activity=stalled"}
{"timestamp": 1782883197.372, "formatted_time": "2026-07-01 13:19:57", "event": "watch_tick", "message": "generated_at=2026-07-01 13:19:57 completed_passes=5088/5088 activity=stalled"}
{"timestamp": 1782883227.469, "formatted_time": "2026-07-01 13:20:27", "event": "watch_tick", "message": "generated_at=2026-07-01 13:20:27 completed_passes=5088/5088 activity=stalled"}
{"timestamp": 1782883257.565, "formatted_time": "2026-07-01 13:20:57", "event": "watch_tick", "message": "generated_at=2026-07-01 13:20:57 completed_passes=5088/5088 activity=stalled"}
{"timestamp": 1782883287.665, "formatted_time": "2026-07-01 13:21:27", "event": "watch_tick", "message": "generated_at=2026-07-01 13:21:27 completed_passes=5088/5088 activity=stalled"}
{"timestamp": 1782883317.763, "formatted_time": "2026-07-01 13:21:57", "event": "watch_tick", "message": "generated_at=2026-07-01 13:21:57 completed_passes=5088/5088 activity=stalled"}
{"timestamp": 1782883347.869, "formatted_time": "2026-07-01 13:22:27", "event": "watch_tick", "message": "generated_at=2026-07-01 13:22:27 completed_passes=5088/5088 activity=stalled"}
{"timestamp": 1782883377.968, "formatted_time": "2026-07-01 13:22:57", "event": "watch_tick", "message": "generated_at=2026-07-01 13:22:57 completed_passes=5088/5088 activity=stalled"}
{"timestamp": 1782883408.073, "formatted_time": "2026-07-01 13:23:28", "event": "watch_tick", "message": "generated_at=2026-07-01 13:23:27 completed_passes=5088/5088 activity=stalled"}
{"timestamp": 1782883438.171, "formatted_time": "2026-07-01 13:23:58", "event": "watch_tick", "message": "generated_at=2026-07-01 13:23:58 completed_passes=5088/5088 activity=stalled"}
{"timestamp": 1782883468.358, "formatted_time": "2026-07-01 13:24:28", "event": "watch_tick", "message": "generated_at=2026-07-01 13:24:28 completed_passes=5088/5088 activity=stalled"}
{"timestamp": 1782883498.471, "formatted_time": "2026-07-01 13:24:58", "event": "watch_tick", "message": "generated_at=2026-07-01 13:24:58 completed_passes=5088/5088 activity=stalled"}
{"timestamp": 1782883528.576, "formatted_time": "2026-07-01 13:25:28", "event": "watch_tick", "message": "generated_at=2026-07-01 13:25:28 completed_passes=5088/5088 activity=stalled"}
{"timestamp": 1782883558.677, "formatted_time": "2026-07-01 13:25:58", "event": "watch_tick", "message": "generated_at=2026-07-01 13:25:58 completed_passes=5088/5088 activity=stalled"}
{"timestamp": 1782883588.779, "formatted_time": "2026-07-01 13:26:28", "event": "watch_tick", "message": "generated_at=2026-07-01 13:26:28 completed_passes=5088/5088 activity=stalled"}
{"timestamp": 1782883618.88, "formatted_time": "2026-07-01 13:26:58", "event": "watch_tick", "message": "generated_at=2026-07-01 13:26:58 completed_passes=5088/5088 activity=stalled"}
{"timestamp": 1782883648.986, "formatted_time": "2026-07-01 13:27:28", "event": "watch_tick", "message": "generated_at=2026-07-01 13:27:28 completed_passes=5088/5088 activity=stalled"}
{"timestamp": 1782883679.078, "formatted_time": "2026-07-01 13:27:59", "event": "watch_tick", "message": "generated_at=2026-07-01 13:27:58 completed_passes=5088/5088 activity=stalled"}
{"timestamp": 1782883709.177, "formatted_time": "2026-07-01 13:28:29", "event": "watch_tick", "message": "generated_at=2026-07-01 13:28:29 completed_passes=5088/5088 activity=stalled"}
{"timestamp": 1782883739.278, "formatted_time": "2026-07-01 13:28:59", "event": "watch_tick", "message": "generated_at=2026-07-01 13:28:59 completed_passes=5088/5088 activity=stalled"}
{"timestamp": 1782883769.377, "formatted_time": "2026-07-01 13:29:29", "event": "watch_tick", "message": "generated_at=2026-07-01 13:29:29 completed_passes=5088/5088 activity=stalled"}
{"timestamp": 1782883799.477, "formatted_time": "2026-07-01 13:29:59", "event": "watch_tick", "message": "generated_at=2026-07-01 13:29:59 completed_passes=5088/5088 activity=stalled"}
{"timestamp": 1782883829.57, "formatted_time": "2026-07-01 13:30:29", "event": "watch_tick", "message": "generated_at=2026-07-01 13:30:29 completed_passes=5088/5088 activity=stalled"}
{"timestamp": 1782883859.653, "formatted_time": "2026-07-01 13:30:59", "event": "watch_tick", "message": "generated_at=2026-07-01 13:30:59 completed_passes=5088/5088 activity=stalled"}
{"timestamp": 1782883889.747, "formatted_time": "2026-07-01 13:31:29", "event": "watch_tick", "message": "generated_at=2026-07-01 13:31:29 completed_passes=5088/5088 activity=stalled"}
{"timestamp": 1782883919.847, "formatted_time": "2026-07-01 13:31:59", "event": "watch_tick", "message": "generated_at=2026-07-01 13:31:59 completed_passes=5088/5088 activity=stalled"}
{"timestamp": 1782883949.949, "formatted_time": "2026-07-01 13:32:29", "event": "watch_tick", "message": "generated_at=2026-07-01 13:32:29 completed_passes=5088/5088 activity=stalled"}
{"timestamp": 1782883980.052, "formatted_time": "2026-07-01 13:33:00", "event": "watch_tick", "message": "generated_at=2026-07-01 13:32:59 completed_passes=5088/5088 activity=stalled"}
{"timestamp": 1782884010.154, "formatted_time": "2026-07-01 13:33:30", "event": "watch_tick", "message": "generated_at=2026-07-01 13:33:30 completed_passes=5088/5088 activity=stalled"}
{"timestamp": 1782884040.252, "formatted_time": "2026-07-01 13:34:00", "event": "watch_tick", "message": "generated_at=2026-07-01 13:34:00 completed_passes=5088/5088 activity=stalled"}
{"timestamp": 1782884070.35, "formatted_time": "2026-07-01 13:34:30", "event": "watch_tick", "message": "generated_at=2026-07-01 13:34:30 completed_passes=5088/5088 activity=stalled"}
{"timestamp": 1782884100.446, "formatted_time": "2026-07-01 13:35:00", "event": "watch_tick", "message": "generated_at=2026-07-01 13:35:00 completed_passes=5088/5088 activity=stalled"}
{"timestamp": 1782884130.551, "formatted_time": "2026-07-01 13:35:30", "event": "watch_tick", "message": "generated_at=2026-07-01 13:35:30 completed_passes=5088/5088 activity=stalled"}
{"timestamp": 1782884160.643, "formatted_time": "2026-07-01 13:36:00", "event": "watch_tick", "message": "generated_at=2026-07-01 13:36:00 completed_passes=5088/5088 activity=stalled"}
{"timestamp": 1782884190.744, "formatted_time": "2026-07-01 13:36:30", "event": "watch_tick", "message": "generated_at=2026-07-01 13:36:30 completed_passes=5088/5088 activity=stalled"}
{"timestamp": 1782884985.963, "formatted_time": "2026-07-01 13:49:45", "event": "watch_tick", "message": "generated_at=2026-07-01 13:49:45 completed_passes=5088/5088 activity=stalled"}
{"timestamp": 1782885016.047, "formatted_time": "2026-07-01 13:50:16", "event": "watch_tick", "message": "generated_at=2026-07-01 13:50:15 completed_passes=5088/5088 activity=stalled"}
{"timestamp": 1782885046.456, "formatted_time": "2026-07-01 13:50:46", "event": "watch_tick", "message": "generated_at=2026-07-01 13:50:46 completed_passes=5088/5088 activity=stalled"}
{"timestamp": 1782885076.559, "formatted_time": "2026-07-01 13:51:16", "event": "watch_tick", "message": "generated_at=2026-07-01 13:51:16 completed_passes=5088/5088 activity=stalled"}
{"timestamp": 1782885106.653, "formatted_time": "2026-07-01 13:51:46", "event": "watch_tick", "message": "generated_at=2026-07-01 13:51:46 completed_passes=5088/5088 activity=stalled"}
{"timestamp": 1782885136.75, "formatted_time": "2026-07-01 13:52:16", "event": "watch_tick", "message": "generated_at=2026-07-01 13:52:16 completed_passes=5088/5088 activity=stalled"}
{"timestamp": 1782885166.839, "formatted_time": "2026-07-01 13:52:46", "event": "watch_tick", "message": "generated_at=2026-07-01 13:52:46 completed_passes=5088/5088 activity=stalled"}
{"timestamp": 1782885196.936, "formatted_time": "2026-07-01 13:53:16", "event": "watch_tick", "message": "generated_at=2026-07-01 13:53:16 completed_passes=5088/5088 activity=stalled"}
{"timestamp": 1782885227.032, "formatted_time": "2026-07-01 13:53:47", "event": "watch_tick", "message": "generated_at=2026-07-01 13:53:46 completed_passes=5088/5088 activity=stalled"}
{"timestamp": 1782885257.13, "formatted_time": "2026-07-01 13:54:17", "event": "watch_tick", "message": "generated_at=2026-07-01 13:54:17 completed_passes=5088/5088 activity=stalled"}
{"timestamp": 1782885679.317, "formatted_time": "2026-07-01 14:01:19", "event": "watch_tick", "message": "generated_at=2026-07-01 14:01:19 completed_passes=5088/5088 activity=stalled"}
{"timestamp": 1782885709.428, "formatted_time": "2026-07-01 14:01:49", "event": "watch_tick", "message": "generated_at=2026-07-01 14:01:49 completed_passes=5088/5088 activity=stalled"}
{"timestamp": 1782885739.526, "formatted_time": "2026-07-01 14:02:19", "event": "watch_tick", "message": "generated_at=2026-07-01 14:02:19 completed_passes=5088/5088 activity=stalled"}
{"timestamp": 1782886676.285, "formatted_time": "2026-07-01 14:17:56", "event": "watch_tick", "message": "generated_at=2026-07-01 14:17:56 completed_passes=5088/5088 activity=stalled"}
{"timestamp": 1782886706.417, "formatted_time": "2026-07-01 14:18:26", "event": "watch_tick", "message": "generated_at=2026-07-01 14:18:26 completed_passes=5088/5088 activity=stalled"}
{"timestamp": 1782886736.524, "formatted_time": "2026-07-01 14:18:56", "event": "watch_tick", "message": "generated_at=2026-07-01 14:18:56 completed_passes=5088/5088 activity=stalled"}
{"timestamp": 1782886766.626, "formatted_time": "2026-07-01 14:19:26", "event": "watch_tick", "message": "generated_at=2026-07-01 14:19:26 completed_passes=5088/5088 activity=stalled"}
{"timestamp": 1782886796.723, "formatted_time": "2026-07-01 14:19:56", "event": "watch_tick", "message": "generated_at=2026-07-01 14:19:56 completed_passes=5088/5088 activity=stalled"}
{"timestamp": 1782887771.965, "formatted_time": "2026-07-01 14:36:11", "event": "watch_tick", "message": "generated_at=2026-07-01 14:36:11 completed_passes=5088/5088 activity=stalled"}
{"timestamp": 1782887802.061, "formatted_time": "2026-07-01 14:36:42", "event": "watch_tick", "message": "generated_at=2026-07-01 14:36:41 completed_passes=5088/5088 activity=stalled"}
{"timestamp": 1782887832.165, "formatted_time": "2026-07-01 14:37:12", "event": "watch_tick", "message": "generated_at=2026-07-01 14:37:12 completed_passes=5088/5088 activity=stalled"}
{"timestamp": 1782887862.267, "formatted_time": "2026-07-01 14:37:42", "event": "watch_tick", "message": "generated_at=2026-07-01 14:37:42 completed_passes=5088/5088 activity=stalled"}
{"timestamp": 1782888799.412, "formatted_time": "2026-07-01 14:53:19", "event": "watch_tick", "message": "generated_at=2026-07-01 14:53:19 completed_passes=5088/5088 activity=stalled"}
{"timestamp": 1782888829.515, "formatted_time": "2026-07-01 14:53:49", "event": "watch_tick", "message": "generated_at=2026-07-01 14:53:49 completed_passes=5088/5088 activity=stalled"}
{"timestamp": 1782888859.621, "formatted_time": "2026-07-01 14:54:19", "event": "watch_tick", "message": "generated_at=2026-07-01 14:54:19 completed_passes=5088/5088 activity=stalled"}
{"timestamp": 1782888889.725, "formatted_time": "2026-07-01 14:54:49", "event": "watch_tick", "message": "generated_at=2026-07-01 14:54:49 completed_passes=5088/5088 activity=stalled"}
{"timestamp": 1782888919.828, "formatted_time": "2026-07-01 14:55:19", "event": "watch_tick", "message": "generated_at=2026-07-01 14:55:19 completed_passes=5088/5088 activity=stalled"}
{"timestamp": 1782889864.036, "formatted_time": "2026-07-01 15:11:04", "event": "watch_tick", "message": "generated_at=2026-07-01 15:11:03 completed_passes=5088/5088 activity=stalled"}
{"timestamp": 1782889894.138, "formatted_time": "2026-07-01 15:11:34", "event": "watch_tick", "message": "generated_at=2026-07-01 15:11:34 completed_passes=5088/5088 activity=stalled"}
{"timestamp": 1782889924.238, "formatted_time": "2026-07-01 15:12:04", "event": "watch_tick", "message": "generated_at=2026-07-01 15:12:04 completed_passes=5088/5088 activity=stalled"}
{"timestamp": 1782890965.184, "formatted_time": "2026-07-01 15:29:25", "event": "watch_tick", "message": "generated_at=2026-07-01 15:29:25 completed_passes=5088/5088 activity=stalled"}
{"timestamp": 1782891896.1, "formatted_time": "2026-07-01 15:44:56", "event": "watch_tick", "message": "generated_at=2026-07-01 15:44:56 completed_passes=5088/5088 activity=stalled"}
{"timestamp": 1782891926.198, "formatted_time": "2026-07-01 15:45:26", "event": "watch_tick", "message": "generated_at=2026-07-01 15:45:26 completed_passes=5088/5088 activity=stalled"}
{"timestamp": 1782891956.304, "formatted_time": "2026-07-01 15:45:56", "event": "watch_tick", "message": "generated_at=2026-07-01 15:45:56 completed_passes=5088/5088 activity=stalled"}
{"timestamp": 1782891986.406, "formatted_time": "2026-07-01 15:46:26", "event": "watch_tick", "message": "generated_at=2026-07-01 15:46:26 completed_passes=5088/5088 activity=stalled"}
{"timestamp": 1782892016.499, "formatted_time": "2026-07-01 15:46:56", "event": "watch_tick", "message": "generated_at=2026-07-01 15:46:56 completed_passes=5088/5088 activity=stalled"}
{"timestamp": 1782893030.534, "formatted_time": "2026-07-01 16:03:50", "event": "watch_tick", "message": "generated_at=2026-07-01 16:03:50 completed_passes=5088/5088 activity=stalled"}
{"timestamp": 1782893060.644, "formatted_time": "2026-07-01 16:04:20", "event": "watch_tick", "message": "generated_at=2026-07-01 16:04:20 completed_passes=5088/5088 activity=stalled"}
{"timestamp": 1782893090.748, "formatted_time": "2026-07-01 16:04:50", "event": "watch_tick", "message": "generated_at=2026-07-01 16:04:50 completed_passes=5088/5088 activity=stalled"}
{"timestamp": 1782893120.857, "formatted_time": "2026-07-01 16:05:20", "event": "watch_tick", "message": "generated_at=2026-07-01 16:05:20 completed_passes=5088/5088 activity=stalled"}
{"timestamp": 1782893150.962, "formatted_time": "2026-07-01 16:05:50", "event": "watch_tick", "message": "generated_at=2026-07-01 16:05:50 completed_passes=5088/5088 activity=stalled"}
{"timestamp": 1782894081.988, "formatted_time": "2026-07-01 16:21:21", "event": "watch_tick", "message": "generated_at=2026-07-01 16:21:21 completed_passes=5088/5088 activity=stalled"}
{"timestamp": 1782894112.095, "formatted_time": "2026-07-01 16:21:52", "event": "watch_tick", "message": "generated_at=2026-07-01 16:21:52 completed_passes=5088/5088 activity=stalled"}
{"timestamp": 1782894142.203, "formatted_time": "2026-07-01 16:22:22", "event": "watch_tick", "message": "generated_at=2026-07-01 16:22:22 completed_passes=5088/5088 activity=stalled"}
{"timestamp": 1782894172.306, "formatted_time": "2026-07-01 16:22:52", "event": "watch_tick", "message": "generated_at=2026-07-01 16:22:52 completed_passes=5088/5088 activity=stalled"}
{"timestamp": 1782894202.413, "formatted_time": "2026-07-01 16:23:22", "event": "watch_tick", "message": "generated_at=2026-07-01 16:23:22 completed_passes=5088/5088 activity=stalled"}
{"timestamp": 1782895277.77, "formatted_time": "2026-07-01 16:41:17", "event": "watch_tick", "message": "generated_at=2026-07-01 16:41:17 completed_passes=5088/5088 activity=stalled"}
{"timestamp": 1782895307.878, "formatted_time": "2026-07-01 16:41:47", "event": "watch_tick", "message": "generated_at=2026-07-01 16:41:47 completed_passes=5088/5088 activity=stalled"}
{"timestamp": 1782895337.982, "formatted_time": "2026-07-01 16:42:17", "event": "watch_tick", "message": "generated_at=2026-07-01 16:42:17 completed_passes=5088/5088 activity=stalled"}
{"timestamp": 1782895368.086, "formatted_time": "2026-07-01 16:42:48", "event": "watch_tick", "message": "generated_at=2026-07-01 16:42:47 completed_passes=5088/5088 activity=stalled"}
{"timestamp": 1782896305.641, "formatted_time": "2026-07-01 16:58:25", "event": "watch_tick", "message": "generated_at=2026-07-01 16:58:25 completed_passes=5088/5088 activity=stalled"}
{"timestamp": 1782896335.757, "formatted_time": "2026-07-01 16:58:55", "event": "watch_tick", "message": "generated_at=2026-07-01 16:58:55 completed_passes=5088/5088 activity=stalled"}
{"timestamp": 1782896696.67, "formatted_time": "2026-07-01 17:04:56", "event": "watch_tick", "message": "generated_at=2026-07-01 17:04:56 completed_passes=5088/5088 activity=stalled"}
{"timestamp": 1782896726.773, "formatted_time": "2026-07-01 17:05:26", "event": "watch_tick", "message": "generated_at=2026-07-01 17:05:26 completed_passes=5088/5088 activity=stalled"}
{"timestamp": 1782896756.884, "formatted_time": "2026-07-01 17:05:56", "event": "watch_tick", "message": "generated_at=2026-07-01 17:05:56 completed_passes=5088/5088 activity=stalled"}
{"timestamp": 1782896786.989, "formatted_time": "2026-07-01 17:06:26", "event": "watch_tick", "message": "generated_at=2026-07-01 17:06:26 completed_passes=5088/5088 activity=stalled"}
{"timestamp": 1782896817.092, "formatted_time": "2026-07-01 17:06:57", "event": "watch_tick", "message": "generated_at=2026-07-01 17:06:56 completed_passes=5088/5088 activity=stalled"}
{"timestamp": 1782896847.198, "formatted_time": "2026-07-01 17:07:27", "event": "watch_tick", "message": "generated_at=2026-07-01 17:07:27 completed_passes=5088/5088 activity=stalled"}
{"timestamp": 1782896877.3, "formatted_time": "2026-07-01 17:07:57", "event": "watch_tick", "message": "generated_at=2026-07-01 17:07:57 completed_passes=5088/5088 activity=stalled"}
{"timestamp": 1782896907.407, "formatted_time": "2026-07-01 17:08:27", "event": "watch_tick", "message": "generated_at=2026-07-01 17:08:27 completed_passes=5088/5088 activity=stalled"}
{"timestamp": 1782896937.511, "formatted_time": "2026-07-01 17:08:57", "event": "watch_tick", "message": "generated_at=2026-07-01 17:08:57 completed_passes=5088/5088 activity=stalled"}
{"timestamp": 1782897940.125, "formatted_time": "2026-07-01 17:25:40", "event": "watch_tick", "message": "generated_at=2026-07-01 17:25:40 completed_passes=5088/5088 activity=stalled"}
{"timestamp": 1782897970.218, "formatted_time": "2026-07-01 17:26:10", "event": "watch_tick", "message": "generated_at=2026-07-01 17:26:10 completed_passes=5088/5088 activity=stalled"}
{"timestamp": 1782898995.012, "formatted_time": "2026-07-01 17:43:15", "event": "watch_tick", "message": "generated_at=2026-07-01 17:43:14 completed_passes=5088/5088 activity=stalled"}
{"timestamp": 1782899942.058, "formatted_time": "2026-07-01 17:59:02", "event": "watch_tick", "message": "generated_at=2026-07-01 17:59:01 completed_passes=5088/5088 activity=stalled"}
{"timestamp": 1782899972.163, "formatted_time": "2026-07-01 17:59:32", "event": "watch_tick", "message": "generated_at=2026-07-01 17:59:32 completed_passes=5088/5088 activity=stalled"}
{"timestamp": 1782900002.266, "formatted_time": "2026-07-01 18:00:02", "event": "watch_tick", "message": "generated_at=2026-07-01 18:00:02 completed_passes=5088/5088 activity=stalled"}
{"timestamp": 1782900032.371, "formatted_time": "2026-07-01 18:00:32", "event": "watch_tick", "message": "generated_at=2026-07-01 18:00:32 completed_passes=5088/5088 activity=stalled"}
{"timestamp": 1782900062.474, "formatted_time": "2026-07-01 18:01:02", "event": "watch_tick", "message": "generated_at=2026-07-01 18:01:02 completed_passes=5088/5088 activity=stalled"}
{"timestamp": 1782900092.576, "formatted_time": "2026-07-01 18:01:32", "event": "watch_tick", "message": "generated_at=2026-07-01 18:01:32 completed_passes=5088/5088 activity=stalled"}
{"timestamp": 1782900122.681, "formatted_time": "2026-07-01 18:02:02", "event": "watch_tick", "message": "generated_at=2026-07-01 18:02:02 completed_passes=5088/5088 activity=stalled"}
{"timestamp": 1782900152.784, "formatted_time": "2026-07-01 18:02:32", "event": "watch_tick", "message": "generated_at=2026-07-01 18:02:32 completed_passes=5088/5088 activity=stalled"}
{"timestamp": 1782900182.889, "formatted_time": "2026-07-01 18:03:02", "event": "watch_tick", "message": "generated_at=2026-07-01 18:03:02 completed_passes=5088/5088 activity=stalled"}
{"timestamp": 1782900212.995, "formatted_time": "2026-07-01 18:03:32", "event": "watch_tick", "message": "generated_at=2026-07-01 18:03:32 completed_passes=5088/5088 activity=stalled"}
{"timestamp": 1782900243.097, "formatted_time": "2026-07-01 18:04:03", "event": "watch_tick", "message": "generated_at=2026-07-01 18:04:03 completed_passes=5088/5088 activity=stalled"}
{"timestamp": 1782900273.199, "formatted_time": "2026-07-01 18:04:33", "event": "watch_tick", "message": "generated_at=2026-07-01 18:04:33 completed_passes=5088/5088 activity=stalled"}
{"timestamp": 1782900303.298, "formatted_time": "2026-07-01 18:05:03", "event": "watch_tick", "message": "generated_at=2026-07-01 18:05:03 completed_passes=5088/5088 activity=stalled"}
{"timestamp": 1782900333.402, "formatted_time": "2026-07-01 18:05:33", "event": "watch_tick", "message": "generated_at=2026-07-01 18:05:33 completed_passes=5088/5088 activity=stalled"}
{"timestamp": 1782900363.502, "formatted_time": "2026-07-01 18:06:03", "event": "watch_tick", "message": "generated_at=2026-07-01 18:06:03 completed_passes=5088/5088 activity=stalled"}
{"timestamp": 1782900393.606, "formatted_time": "2026-07-01 18:06:33", "event": "watch_tick", "message": "generated_at=2026-07-01 18:06:33 completed_passes=5088/5088 activity=stalled"}
{"timestamp": 1782900423.708, "formatted_time": "2026-07-01 18:07:03", "event": "watch_tick", "message": "generated_at=2026-07-01 18:07:03 completed_passes=5088/5088 activity=stalled"}
{"timestamp": 1782900453.812, "formatted_time": "2026-07-01 18:07:33", "event": "watch_tick", "message": "generated_at=2026-07-01 18:07:33 completed_passes=5088/5088 activity=stalled"}
{"timestamp": 1782900483.919, "formatted_time": "2026-07-01 18:08:03", "event": "watch_tick", "message": "generated_at=2026-07-01 18:08:03 completed_passes=5088/5088 activity=stalled"}
{"timestamp": 1782900514.019, "formatted_time": "2026-07-01 18:08:34", "event": "watch_tick", "message": "generated_at=2026-07-01 18:08:33 completed_passes=5088/5088 activity=stalled"}
{"timestamp": 1782901541.433, "formatted_time": "2026-07-01 18:25:41", "event": "watch_tick", "message": "generated_at=2026-07-01 18:25:41 completed_passes=5088/5088 activity=stalled"}
{"timestamp": 1782901571.531, "formatted_time": "2026-07-01 18:26:11", "event": "watch_tick", "message": "generated_at=2026-07-01 18:26:11 completed_passes=5088/5088 activity=stalled"}
{"timestamp": 1782902534.365, "formatted_time": "2026-07-01 18:42:14", "event": "watch_tick", "message": "generated_at=2026-07-01 18:42:14 completed_passes=5088/5088 activity=stalled"}
{"timestamp": 1782903555.217, "formatted_time": "2026-07-01 18:59:15", "event": "watch_tick", "message": "generated_at=2026-07-01 18:59:15 completed_passes=5088/5088 activity=stalled"}
{"timestamp": 1782903585.341, "formatted_time": "2026-07-01 18:59:45", "event": "watch_tick", "message": "generated_at=2026-07-01 18:59:45 completed_passes=5088/5088 activity=stalled"}
{"timestamp": 1782903615.446, "formatted_time": "2026-07-01 19:00:15", "event": "watch_tick", "message": "generated_at=2026-07-01 19:00:15 completed_passes=5088/5088 activity=stalled"}
{"timestamp": 1782903645.549, "formatted_time": "2026-07-01 19:00:45", "event": "watch_tick", "message": "generated_at=2026-07-01 19:00:45 completed_passes=5088/5088 activity=stalled"}
{"timestamp": 1782903675.654, "formatted_time": "2026-07-01 19:01:15", "event": "watch_tick", "message": "generated_at=2026-07-01 19:01:15 completed_passes=5088/5088 activity=stalled"}
{"timestamp": 1782903956.668, "formatted_time": "2026-07-01 19:05:56", "event": "watch_tick", "message": "generated_at=2026-07-01 19:05:56 completed_passes=5088/5088 activity=stalled"}
{"timestamp": 1782904893.449, "formatted_time": "2026-07-01 19:21:33", "event": "watch_tick", "message": "generated_at=2026-07-01 19:21:33 completed_passes=5088/5088 activity=stalled"}
{"timestamp": 1782904923.554, "formatted_time": "2026-07-01 19:22:03", "event": "watch_tick", "message": "generated_at=2026-07-01 19:22:03 completed_passes=5088/5088 activity=stalled"}
{"timestamp": 1782904953.658, "formatted_time": "2026-07-01 19:22:33", "event": "watch_tick", "message": "generated_at=2026-07-01 19:22:33 completed_passes=5088/5088 activity=stalled"}
{"timestamp": 1782904983.762, "formatted_time": "2026-07-01 19:23:03", "event": "watch_tick", "message": "generated_at=2026-07-01 19:23:03 completed_passes=5088/5088 activity=stalled"}
{"timestamp": 1782905937.363, "formatted_time": "2026-07-01 19:38:57", "event": "watch_tick", "message": "generated_at=2026-07-01 19:38:57 completed_passes=5088/5088 activity=stalled"}
{"timestamp": 1782905967.498, "formatted_time": "2026-07-01 19:39:27", "event": "watch_tick", "message": "generated_at=2026-07-01 19:39:27 completed_passes=5088/5088 activity=stalled"}
{"timestamp": 1782906949.48, "formatted_time": "2026-07-01 19:55:49", "event": "watch_tick", "message": "generated_at=2026-07-01 19:55:49 completed_passes=5088/5088 activity=stalled"}
{"timestamp": 1782906979.581, "formatted_time": "2026-07-01 19:56:19", "event": "watch_tick", "message": "generated_at=2026-07-01 19:56:19 completed_passes=5088/5088 activity=stalled"}
{"timestamp": 1782907009.687, "formatted_time": "2026-07-01 19:56:49", "event": "watch_tick", "message": "generated_at=2026-07-01 19:56:49 completed_passes=5088/5088 activity=stalled"}
{"timestamp": 1782907039.784, "formatted_time": "2026-07-01 19:57:19", "event": "watch_tick", "message": "generated_at=2026-07-01 19:57:19 completed_passes=5088/5088 activity=stalled"}
{"timestamp": 1782907069.888, "formatted_time": "2026-07-01 19:57:49", "event": "watch_tick", "message": "generated_at=2026-07-01 19:57:49 completed_passes=5088/5088 activity=stalled"}
{"timestamp": 1782907604.019, "formatted_time": "2026-07-01 20:06:44", "event": "watch_tick", "message": "generated_at=2026-07-01 20:06:43 completed_passes=5088/5088 activity=stalled"}
{"timestamp": 1782907634.123, "formatted_time": "2026-07-01 20:07:14", "event": "watch_tick", "message": "generated_at=2026-07-01 20:07:14 completed_passes=5088/5088 activity=stalled"}
{"timestamp": 1782907664.22, "formatted_time": "2026-07-01 20:07:44", "event": "watch_tick", "message": "generated_at=2026-07-01 20:07:44 completed_passes=5088/5088 activity=stalled"}
{"timestamp": 1782907694.322, "formatted_time": "2026-07-01 20:08:14", "event": "watch_tick", "message": "generated_at=2026-07-01 20:08:14 completed_passes=5088/5088 activity=stalled"}
{"timestamp": 1782908773.508, "formatted_time": "2026-07-01 20:26:13", "event": "watch_tick", "message": "generated_at=2026-07-01 20:26:13 completed_passes=5088/5088 activity=stalled"}
{"timestamp": 1782908803.629, "formatted_time": "2026-07-01 20:26:43", "event": "watch_tick", "message": "generated_at=2026-07-01 20:26:43 completed_passes=5088/5088 activity=stalled"}
{"timestamp": 1782908833.736, "formatted_time": "2026-07-01 20:27:13", "event": "watch_tick", "message": "generated_at=2026-07-01 20:27:13 completed_passes=5088/5088 activity=stalled"}
{"timestamp": 1782908863.84, "formatted_time": "2026-07-01 20:27:43", "event": "watch_tick", "message": "generated_at=2026-07-01 20:27:43 completed_passes=5088/5088 activity=stalled"}
{"timestamp": 1782908893.946, "formatted_time": "2026-07-01 20:28:13", "event": "watch_tick", "message": "generated_at=2026-07-01 20:28:13 completed_passes=5088/5088 activity=stalled"}
{"timestamp": 1782909825.907, "formatted_time": "2026-07-01 20:43:45", "event": "watch_tick", "message": "generated_at=2026-07-01 20:43:45 completed_passes=5088/5088 activity=stalled"}
{"timestamp": 1782909855.999, "formatted_time": "2026-07-01 20:44:15", "event": "watch_tick", "message": "generated_at=2026-07-01 20:44:15 completed_passes=5088/5088 activity=stalled"}
{"timestamp": 1782909886.103, "formatted_time": "2026-07-01 20:44:46", "event": "watch_tick", "message": "generated_at=2026-07-01 20:44:46 completed_passes=5088/5088 activity=stalled"}
{"timestamp": 1782909916.208, "formatted_time": "2026-07-01 20:45:16", "event": "watch_tick", "message": "generated_at=2026-07-01 20:45:16 completed_passes=5088/5088 activity=stalled"}
{"timestamp": 1782910899.418, "formatted_time": "2026-07-01 21:01:39", "event": "watch_tick", "message": "generated_at=2026-07-01 21:01:39 completed_passes=5088/5088 activity=stalled"}
{"timestamp": 1782910929.52, "formatted_time": "2026-07-01 21:02:09", "event": "watch_tick", "message": "generated_at=2026-07-01 21:02:09 completed_passes=5088/5088 activity=stalled"}
{"timestamp": 1782911266.671, "formatted_time": "2026-07-01 21:07:46", "event": "watch_tick", "message": "generated_at=2026-07-01 21:07:46 completed_passes=5088/5088 activity=stalled"}
{"timestamp": 1782911296.773, "formatted_time": "2026-07-01 21:08:16", "event": "watch_tick", "message": "generated_at=2026-07-01 21:08:16 completed_passes=5088/5088 activity=stalled"}
{"timestamp": 1782911326.88, "formatted_time": "2026-07-01 21:08:46", "event": "watch_tick", "message": "generated_at=2026-07-01 21:08:46 completed_passes=5088/5088 activity=stalled"}
{"timestamp": 1782911356.984, "formatted_time": "2026-07-01 21:09:16", "event": "watch_tick", "message": "generated_at=2026-07-01 21:09:16 completed_passes=5088/5088 activity=stalled"}
{"timestamp": 1782912291.08, "formatted_time": "2026-07-01 21:24:51", "event": "watch_tick", "message": "generated_at=2026-07-01 21:24:50 completed_passes=5088/5088 activity=stalled"}
{"timestamp": 1782912321.172, "formatted_time": "2026-07-01 21:25:21", "event": "watch_tick", "message": "generated_at=2026-07-01 21:25:21 completed_passes=5088/5088 activity=stalled"}
{"timestamp": 1782912351.273, "formatted_time": "2026-07-01 21:25:51", "event": "watch_tick", "message": "generated_at=2026-07-01 21:25:51 completed_passes=5088/5088 activity=stalled"}
{"timestamp": 1782912381.376, "formatted_time": "2026-07-01 21:26:21", "event": "watch_tick", "message": "generated_at=2026-07-01 21:26:21 completed_passes=5088/5088 activity=stalled"}
{"timestamp": 1782912411.477, "formatted_time": "2026-07-01 21:26:51", "event": "watch_tick", "message": "generated_at=2026-07-01 21:26:51 completed_passes=5088/5088 activity=stalled"}
{"timestamp": 1782913379.919, "formatted_time": "2026-07-01 21:42:59", "event": "watch_tick", "message": "generated_at=2026-07-01 21:42:59 completed_passes=5088/5088 activity=stalled"}
{"timestamp": 1782913410.02, "formatted_time": "2026-07-01 21:43:30", "event": "watch_tick", "message": "generated_at=2026-07-01 21:43:29 completed_passes=5088/5088 activity=stalled"}
{"timestamp": 1782913440.132, "formatted_time": "2026-07-01 21:44:00", "event": "watch_tick", "message": "generated_at=2026-07-01 21:44:00 completed_passes=5088/5088 activity=stalled"}
{"timestamp": 1782913470.215, "formatted_time": "2026-07-01 21:44:30", "event": "watch_tick", "message": "generated_at=2026-07-01 21:44:30 completed_passes=5088/5088 activity=stalled"}
{"timestamp": 1782913500.291, "formatted_time": "2026-07-01 21:45:00", "event": "watch_tick", "message": "generated_at=2026-07-01 21:45:00 completed_passes=5088/5088 activity=stalled"}
{"timestamp": 1782913530.395, "formatted_time": "2026-07-01 21:45:30", "event": "watch_tick", "message": "generated_at=2026-07-01 21:45:30 completed_passes=5088/5088 activity=stalled"}
{"timestamp": 1782913560.488, "formatted_time": "2026-07-01 21:46:00", "event": "watch_tick", "message": "generated_at=2026-07-01 21:46:00 completed_passes=5088/5088 activity=stalled"}
{"timestamp": 1782913590.588, "formatted_time": "2026-07-01 21:46:30", "event": "watch_tick", "message": "generated_at=2026-07-01 21:46:30 completed_passes=5088/5088 activity=stalled"}
{"timestamp": 1782913620.686, "formatted_time": "2026-07-01 21:47:00", "event": "watch_tick", "message": "generated_at=2026-07-01 21:47:00 completed_passes=5088/5088 activity=stalled"}
{"timestamp": 1782913650.872, "formatted_time": "2026-07-01 21:47:30", "event": "watch_tick", "message": "generated_at=2026-07-01 21:47:30 completed_passes=5088/5088 activity=stalled"}
{"timestamp": 1782913680.976, "formatted_time": "2026-07-01 21:48:00", "event": "watch_tick", "message": "generated_at=2026-07-01 21:48:00 completed_passes=5088/5088 activity=stalled"}
{"timestamp": 1782913711.317, "formatted_time": "2026-07-01 21:48:31", "event": "watch_tick", "message": "generated_at=2026-07-01 21:48:30 completed_passes=5088/5088 activity=stalled"}
{"timestamp": 1782913741.415, "formatted_time": "2026-07-01 21:49:01", "event": "watch_tick", "message": "generated_at=2026-07-01 21:49:01 completed_passes=5088/5088 activity=stalled"}
{"timestamp": 1782913771.514, "formatted_time": "2026-07-01 21:49:31", "event": "watch_tick", "message": "generated_at=2026-07-01 21:49:31 completed_passes=5088/5088 activity=stalled"}
{"timestamp": 1782913801.597, "formatted_time": "2026-07-01 21:50:01", "event": "watch_tick", "message": "generated_at=2026-07-01 21:50:01 completed_passes=5088/5088 activity=stalled"}
{"timestamp": 1782913831.703, "formatted_time": "2026-07-01 21:50:31", "event": "watch_tick", "message": "generated_at=2026-07-01 21:50:31 completed_passes=5088/5088 activity=stalled"}
{"timestamp": 1782913861.803, "formatted_time": "2026-07-01 21:51:01", "event": "watch_tick", "message": "generated_at=2026-07-01 21:51:01 completed_passes=5088/5088 activity=stalled"}
{"timestamp": 1782913891.91, "formatted_time": "2026-07-01 21:51:31", "event": "watch_tick", "message": "generated_at=2026-07-01 21:51:31 completed_passes=5088/5088 activity=stalled"}
{"timestamp": 1782913922.018, "formatted_time": "2026-07-01 21:52:02", "event": "watch_tick", "message": "generated_at=2026-07-01 21:52:01 completed_passes=5088/5088 activity=stalled"}
{"timestamp": 1782913952.122, "formatted_time": "2026-07-01 21:52:32", "event": "watch_tick", "message": "generated_at=2026-07-01 21:52:32 completed_passes=5088/5088 activity=stalled"}
{"timestamp": 1782913982.225, "formatted_time": "2026-07-01 21:53:02", "event": "watch_tick", "message": "generated_at=2026-07-01 21:53:02 completed_passes=5088/5088 activity=stalled"}
{"timestamp": 1782914012.331, "formatted_time": "2026-07-01 21:53:32", "event": "watch_tick", "message": "generated_at=2026-07-01 21:53:32 completed_passes=5088/5088 activity=stalled"}
{"timestamp": 1782914042.436, "formatted_time": "2026-07-01 21:54:02", "event": "watch_tick", "message": "generated_at=2026-07-01 21:54:02 completed_passes=5088/5088 activity=stalled"}
{"timestamp": 1782914072.511, "formatted_time": "2026-07-01 21:54:32", "event": "watch_tick", "message": "generated_at=2026-07-01 21:54:32 completed_passes=5088/5088 activity=stalled"}
{"timestamp": 1782914102.613, "formatted_time": "2026-07-01 21:55:02", "event": "watch_tick", "message": "generated_at=2026-07-01 21:55:02 completed_passes=5088/5088 activity=stalled"}
{"timestamp": 1782914132.717, "formatted_time": "2026-07-01 21:55:32", "event": "watch_tick", "message": "generated_at=2026-07-01 21:55:32 completed_passes=5088/5088 activity=stalled"}
{"timestamp": 1782914162.825, "formatted_time": "2026-07-01 21:56:02", "event": "watch_tick", "message": "generated_at=2026-07-01 21:56:02 completed_passes=5088/5088 activity=stalled"}
{"timestamp": 1782914192.931, "formatted_time": "2026-07-01 21:56:32", "event": "watch_tick", "message": "generated_at=2026-07-01 21:56:32 completed_passes=5088/5088 activity=stalled"}
{"timestamp": 1782914223.037, "formatted_time": "2026-07-01 21:57:03", "event": "watch_tick", "message": "generated_at=2026-07-01 21:57:02 completed_passes=5088/5088 activity=stalled"}
{"timestamp": 1782914253.13, "formatted_time": "2026-07-01 21:57:33", "event": "watch_tick", "message": "generated_at=2026-07-01 21:57:33 completed_passes=5088/5088 activity=stalled"}
{"timestamp": 1782914283.234, "formatted_time": "2026-07-01 21:58:03", "event": "watch_tick", "message": "generated_at=2026-07-01 21:58:03 completed_passes=5088/5088 activity=stalled"}
{"timestamp": 1782914313.334, "formatted_time": "2026-07-01 21:58:33", "event": "watch_tick", "message": "generated_at=2026-07-01 21:58:33 completed_passes=5088/5088 activity=stalled"}
{"timestamp": 1782914343.445, "formatted_time": "2026-07-01 21:59:03", "event": "watch_tick", "message": "generated_at=2026-07-01 21:59:03 completed_passes=5088/5088 activity=stalled"}
{"timestamp": 1782914373.547, "formatted_time": "2026-07-01 21:59:33", "event": "watch_tick", "message": "generated_at=2026-07-01 21:59:33 completed_passes=5088/5088 activity=stalled"}
{"timestamp": 1782914403.647, "formatted_time": "2026-07-01 22:00:03", "event": "watch_tick", "message": "generated_at=2026-07-01 22:00:03 completed_passes=5088/5088 activity=stalled"}
{"timestamp": 1782914433.75, "formatted_time": "2026-07-01 22:00:33", "event": "watch_tick", "message": "generated_at=2026-07-01 22:00:33 completed_passes=5088/5088 activity=stalled"}
{"timestamp": 1782914463.854, "formatted_time": "2026-07-01 22:01:03", "event": "watch_tick", "message": "generated_at=2026-07-01 22:01:03 completed_passes=5088/5088 activity=stalled"}
{"timestamp": 1782914493.963, "formatted_time": "2026-07-01 22:01:33", "event": "watch_tick", "message": "generated_at=2026-07-01 22:01:33 completed_passes=5088/5088 activity=stalled"}
{"timestamp": 1782914524.07, "formatted_time": "2026-07-01 22:02:04", "event": "watch_tick", "message": "generated_at=2026-07-01 22:02:03 completed_passes=5088/5088 activity=stalled"}
{"timestamp": 1782914554.139, "formatted_time": "2026-07-01 22:02:34", "event": "watch_tick", "message": "generated_at=2026-07-01 22:02:34 completed_passes=5088/5088 activity=stalled"}
{"timestamp": 1782914584.237, "formatted_time": "2026-07-01 22:03:04", "event": "watch_tick", "message": "generated_at=2026-07-01 22:03:04 completed_passes=5088/5088 activity=stalled"}
{"timestamp": 1782914614.337, "formatted_time": "2026-07-01 22:03:34", "event": "watch_tick", "message": "generated_at=2026-07-01 22:03:34 completed_passes=5088/5088 activity=stalled"}
{"timestamp": 1782914644.437, "formatted_time": "2026-07-01 22:04:04", "event": "watch_tick", "message": "generated_at=2026-07-01 22:04:04 completed_passes=5088/5088 activity=stalled"}
{"timestamp": 1782914674.544, "formatted_time": "2026-07-01 22:04:34", "event": "watch_tick", "message": "generated_at=2026-07-01 22:04:34 completed_passes=5088/5088 activity=stalled"}
{"timestamp": 1782914704.65, "formatted_time": "2026-07-01 22:05:04", "event": "watch_tick", "message": "generated_at=2026-07-01 22:05:04 completed_passes=5088/5088 activity=stalled"}
{"timestamp": 1782914734.748, "formatted_time": "2026-07-01 22:05:34", "event": "watch_tick", "message": "generated_at=2026-07-01 22:05:34 completed_passes=5088/5088 activity=stalled"}
{"timestamp": 1782914764.851, "formatted_time": "2026-07-01 22:06:04", "event": "watch_tick", "message": "generated_at=2026-07-01 22:06:04 completed_passes=5088/5088 activity=stalled"}
{"timestamp": 1782914794.952, "formatted_time": "2026-07-01 22:06:34", "event": "watch_tick", "message": "generated_at=2026-07-01 22:06:34 completed_passes=5088/5088 activity=stalled"}
{"timestamp": 1782914825.055, "formatted_time": "2026-07-01 22:07:05", "event": "watch_tick", "message": "generated_at=2026-07-01 22:07:04 completed_passes=5088/5088 activity=stalled"}
{"timestamp": 1782914855.153, "formatted_time": "2026-07-01 22:07:35", "event": "watch_tick", "message": "generated_at=2026-07-01 22:07:35 completed_passes=5088/5088 activity=stalled"}
{"timestamp": 1782914885.257, "formatted_time": "2026-07-01 22:08:05", "event": "watch_tick", "message": "generated_at=2026-07-01 22:08:05 completed_passes=5088/5088 activity=stalled"}
{"timestamp": 1782914915.359, "formatted_time": "2026-07-01 22:08:35", "event": "watch_tick", "message": "generated_at=2026-07-01 22:08:35 completed_passes=5088/5088 activity=stalled"}
{"timestamp": 1782914945.462, "formatted_time": "2026-07-01 22:09:05", "event": "watch_tick", "message": "generated_at=2026-07-01 22:09:05 completed_passes=5088/5088 activity=stalled"}
{"timestamp": 1782914975.563, "formatted_time": "2026-07-01 22:09:35", "event": "watch_tick", "message": "generated_at=2026-07-01 22:09:35 completed_passes=5088/5088 activity=stalled"}
{"timestamp": 1782915005.66, "formatted_time": "2026-07-01 22:10:05", "event": "watch_tick", "message": "generated_at=2026-07-01 22:10:05 completed_passes=5088/5088 activity=stalled"}
{"timestamp": 1782915035.758, "formatted_time": "2026-07-01 22:10:35", "event": "watch_tick", "message": "generated_at=2026-07-01 22:10:35 completed_passes=5088/5088 activity=stalled"}
{"timestamp": 1782915065.855, "formatted_time": "2026-07-01 22:11:05", "event": "watch_tick", "message": "generated_at=2026-07-01 22:11:05 completed_passes=5088/5088 activity=stalled"}
{"timestamp": 1782915095.926, "formatted_time": "2026-07-01 22:11:35", "event": "watch_tick", "message": "generated_at=2026-07-01 22:11:35 completed_passes=5088/5088 activity=stalled"}
{"timestamp": 1782915126.027, "formatted_time": "2026-07-01 22:12:06", "event": "watch_tick", "message": "generated_at=2026-07-01 22:12:05 completed_passes=5088/5088 activity=stalled"}
{"timestamp": 1782915156.13, "formatted_time": "2026-07-01 22:12:36", "event": "watch_tick", "message": "generated_at=2026-07-01 22:12:36 completed_passes=5088/5088 activity=stalled"}
{"timestamp": 1782915186.223, "formatted_time": "2026-07-01 22:13:06", "event": "watch_tick", "message": "generated_at=2026-07-01 22:13:06 completed_passes=5088/5088 activity=stalled"}
{"timestamp": 1782915216.32, "formatted_time": "2026-07-01 22:13:36", "event": "watch_tick", "message": "generated_at=2026-07-01 22:13:36 completed_passes=5088/5088 activity=stalled"}
{"timestamp": 1782915246.418, "formatted_time": "2026-07-01 22:14:06", "event": "watch_tick", "message": "generated_at=2026-07-01 22:14:06 completed_passes=5088/5088 activity=stalled"}
{"timestamp": 1782915276.517, "formatted_time": "2026-07-01 22:14:36", "event": "watch_tick", "message": "generated_at=2026-07-01 22:14:36 completed_passes=5088/5088 activity=stalled"}
{"timestamp": 1782915306.612, "formatted_time": "2026-07-01 22:15:06", "event": "watch_tick", "message": "generated_at=2026-07-01 22:15:06 completed_passes=5088/5088 activity=stalled"}
{"timestamp": 1782915336.709, "formatted_time": "2026-07-01 22:15:36", "event": "watch_tick", "message": "generated_at=2026-07-01 22:15:36 completed_passes=5088/5088 activity=stalled"}
{"timestamp": 1782915366.818, "formatted_time": "2026-07-01 22:16:06", "event": "watch_tick", "message": "generated_at=2026-07-01 22:16:06 completed_passes=5088/5088 activity=stalled"}
{"timestamp": 1782915396.921, "formatted_time": "2026-07-01 22:16:36", "event": "watch_tick", "message": "generated_at=2026-07-01 22:16:36 completed_passes=5088/5088 activity=stalled"}
{"timestamp": 1782915427.014, "formatted_time": "2026-07-01 22:17:07", "event": "watch_tick", "message": "generated_at=2026-07-01 22:17:06 completed_passes=5088/5088 activity=stalled"}
{"timestamp": 1782915457.036, "formatted_time": "2026-07-01 22:17:37", "event": "watch_tick", "message": "generated_at=2026-07-01 22:17:36 completed_passes=5088/5088 activity=stalled"}
{"timestamp": 1782915487.128, "formatted_time": "2026-07-01 22:18:07", "event": "watch_tick", "message": "generated_at=2026-07-01 22:18:07 completed_passes=5088/5088 activity=stalled"}
{"timestamp": 1782915517.207, "formatted_time": "2026-07-01 22:18:37", "event": "watch_tick", "message": "generated_at=2026-07-01 22:18:37 completed_passes=5088/5088 activity=stalled"}
{"timestamp": 1782915547.305, "formatted_time": "2026-07-01 22:19:07", "event": "watch_tick", "message": "generated_at=2026-07-01 22:19:07 completed_passes=5088/5088 activity=stalled"}
{"timestamp": 1782915577.376, "formatted_time": "2026-07-01 22:19:37", "event": "watch_tick", "message": "generated_at=2026-07-01 22:19:37 completed_passes=5088/5088 activity=stalled"}
{"timestamp": 1782915607.458, "formatted_time": "2026-07-01 22:20:07", "event": "watch_tick", "message": "generated_at=2026-07-01 22:20:07 completed_passes=5088/5088 activity=stalled"}
{"timestamp": 1782915637.522, "formatted_time": "2026-07-01 22:20:37", "event": "watch_tick", "message": "generated_at=2026-07-01 22:20:37 completed_passes=5088/5088 activity=stalled"}
{"timestamp": 1782915667.589, "formatted_time": "2026-07-01 22:21:07", "event": "watch_tick", "message": "generated_at=2026-07-01 22:21:07 completed_passes=5088/5088 activity=stalled"}
{"timestamp": 1782915697.661, "formatted_time": "2026-07-01 22:21:37", "event": "watch_tick", "message": "generated_at=2026-07-01 22:21:37 completed_passes=5088/5088 activity=stalled"}
{"timestamp": 1782915727.742, "formatted_time": "2026-07-01 22:22:07", "event": "watch_tick", "message": "generated_at=2026-07-01 22:22:07 completed_passes=5088/5088 activity=stalled"}
{"timestamp": 1782915757.812, "formatted_time": "2026-07-01 22:22:37", "event": "watch_tick", "message": "generated_at=2026-07-01 22:22:37 completed_passes=5088/5088 activity=stalled"}
{"timestamp": 1782915787.909, "formatted_time": "2026-07-01 22:23:07", "event": "watch_tick", "message": "generated_at=2026-07-01 22:23:07 completed_passes=5088/5088 activity=stalled"}
{"timestamp": 1782915817.985, "formatted_time": "2026-07-01 22:23:37", "event": "watch_tick", "message": "generated_at=2026-07-01 22:23:37 completed_passes=5088/5088 activity=stalled"}
{"timestamp": 1782915848.056, "formatted_time": "2026-07-01 22:24:08", "event": "watch_tick", "message": "generated_at=2026-07-01 22:24:07 completed_passes=5088/5088 activity=stalled"}
{"timestamp": 1782915878.138, "formatted_time": "2026-07-01 22:24:38", "event": "watch_tick", "message": "generated_at=2026-07-01 22:24:38 completed_passes=5088/5088 activity=stalled"}
{"timestamp": 1782915908.215, "formatted_time": "2026-07-01 22:25:08", "event": "watch_tick", "message": "generated_at=2026-07-01 22:25:08 completed_passes=5088/5088 activity=stalled"}
{"timestamp": 1782915938.283, "formatted_time": "2026-07-01 22:25:38", "event": "watch_tick", "message": "generated_at=2026-07-01 22:25:38 completed_passes=5088/5088 activity=stalled"}
{"timestamp": 1782915968.35, "formatted_time": "2026-07-01 22:26:08", "event": "watch_tick", "message": "generated_at=2026-07-01 22:26:08 completed_passes=5088/5088 activity=stalled"}
{"timestamp": 1782915998.418, "formatted_time": "2026-07-01 22:26:38", "event": "watch_tick", "message": "generated_at=2026-07-01 22:26:38 completed_passes=5088/5088 activity=stalled"}
{"timestamp": 1782916028.494, "formatted_time": "2026-07-01 22:27:08", "event": "watch_tick", "message": "generated_at=2026-07-01 22:27:08 completed_passes=5088/5088 activity=stalled"}
{"timestamp": 1782916058.564, "formatted_time": "2026-07-01 22:27:38", "event": "watch_tick", "message": "generated_at=2026-07-01 22:27:38 completed_passes=5088/5088 activity=stalled"}
{"timestamp": 1782916088.632, "formatted_time": "2026-07-01 22:28:08", "event": "watch_tick", "message": "generated_at=2026-07-01 22:28:08 completed_passes=5088/5088 activity=stalled"}
{"timestamp": 1782916118.696, "formatted_time": "2026-07-01 22:28:38", "event": "watch_tick", "message": "generated_at=2026-07-01 22:28:38 completed_passes=5088/5088 activity=stalled"}
{"timestamp": 1782916148.777, "formatted_time": "2026-07-01 22:29:08", "event": "watch_tick", "message": "generated_at=2026-07-01 22:29:08 completed_passes=5088/5088 activity=stalled"}
{"timestamp": 1782916178.848, "formatted_time": "2026-07-01 22:29:38", "event": "watch_tick", "message": "generated_at=2026-07-01 22:29:38 completed_passes=5088/5088 activity=stalled"}
{"timestamp": 1782916208.919, "formatted_time": "2026-07-01 22:30:08", "event": "watch_tick", "message": "generated_at=2026-07-01 22:30:08 completed_passes=5088/5088 activity=stalled"}
{"timestamp": 1782916239.014, "formatted_time": "2026-07-01 22:30:39", "event": "watch_tick", "message": "generated_at=2026-07-01 22:30:38 completed_passes=5088/5088 activity=stalled"}
{"timestamp": 1782916269.107, "formatted_time": "2026-07-01 22:31:09", "event": "watch_tick", "message": "generated_at=2026-07-01 22:31:09 completed_passes=5088/5088 activity=stalled"}
{"timestamp": 1782916299.201, "formatted_time": "2026-07-01 22:31:39", "event": "watch_tick", "message": "generated_at=2026-07-01 22:31:39 completed_passes=5088/5088 activity=stalled"}
{"timestamp": 1782916329.299, "formatted_time": "2026-07-01 22:32:09", "event": "watch_tick", "message": "generated_at=2026-07-01 22:32:09 completed_passes=5088/5088 activity=stalled"}
{"timestamp": 1782916359.454, "formatted_time": "2026-07-01 22:32:39", "event": "watch_tick", "message": "generated_at=2026-07-01 22:32:39 completed_passes=5088/5088 activity=stalled"}
{"timestamp": 1782916389.556, "formatted_time": "2026-07-01 22:33:09", "event": "watch_tick", "message": "generated_at=2026-07-01 22:33:09 completed_passes=5088/5088 activity=stalled"}
{"timestamp": 1782916419.65, "formatted_time": "2026-07-01 22:33:39", "event": "watch_tick", "message": "generated_at=2026-07-01 22:33:39 completed_passes=5088/5088 activity=stalled"}
{"timestamp": 1782916449.738, "formatted_time": "2026-07-01 22:34:09", "event": "watch_tick", "message": "generated_at=2026-07-01 22:34:09 completed_passes=5088/5088 activity=stalled"}
{"timestamp": 1782916479.83, "formatted_time": "2026-07-01 22:34:39", "event": "watch_tick", "message": "generated_at=2026-07-01 22:34:39 completed_passes=5088/5088 activity=stalled"}
{"timestamp": 1782916509.926, "formatted_time": "2026-07-01 22:35:09", "event": "watch_tick", "message": "generated_at=2026-07-01 22:35:09 completed_passes=5088/5088 activity=stalled"}
{"timestamp": 1782916540.025, "formatted_time": "2026-07-01 22:35:40", "event": "watch_tick", "message": "generated_at=2026-07-01 22:35:39 completed_passes=5088/5088 activity=stalled"}
{"timestamp": 1782916570.119, "formatted_time": "2026-07-01 22:36:10", "event": "watch_tick", "message": "generated_at=2026-07-01 22:36:10 completed_passes=5088/5088 activity=stalled"}
{"timestamp": 1782916600.209, "formatted_time": "2026-07-01 22:36:40", "event": "watch_tick", "message": "generated_at=2026-07-01 22:36:40 completed_passes=5088/5088 activity=stalled"}
{"timestamp": 1782916630.305, "formatted_time": "2026-07-01 22:37:10", "event": "watch_tick", "message": "generated_at=2026-07-01 22:37:10 completed_passes=5088/5088 activity=stalled"}
{"timestamp": 1782916660.415, "formatted_time": "2026-07-01 22:37:40", "event": "watch_tick", "message": "generated_at=2026-07-01 22:37:40 completed_passes=5088/5088 activity=stalled"}
{"timestamp": 1782916690.51, "formatted_time": "2026-07-01 22:38:10", "event": "watch_tick", "message": "generated_at=2026-07-01 22:38:10 completed_passes=5088/5088 activity=stalled"}
{"timestamp": 1782916720.608, "formatted_time": "2026-07-01 22:38:40", "event": "watch_tick", "message": "generated_at=2026-07-01 22:38:40 completed_passes=5088/5088 activity=stalled"}
{"timestamp": 1782916750.702, "formatted_time": "2026-07-01 22:39:10", "event": "watch_tick", "message": "generated_at=2026-07-01 22:39:10 completed_passes=5088/5088 activity=stalled"}
{"timestamp": 1782916780.783, "formatted_time": "2026-07-01 22:39:40", "event": "watch_tick", "message": "generated_at=2026-07-01 22:39:40 completed_passes=5088/5088 activity=stalled"}
{"timestamp": 1782916810.878, "formatted_time": "2026-07-01 22:40:10", "event": "watch_tick", "message": "generated_at=2026-07-01 22:40:10 completed_passes=5088/5088 activity=stalled"}
{"timestamp": 1782916840.955, "formatted_time": "2026-07-01 22:40:40", "event": "watch_tick", "message": "generated_at=2026-07-01 22:40:40 completed_passes=5088/5088 activity=stalled"}
{"timestamp": 1782916871.055, "formatted_time": "2026-07-01 22:41:11", "event": "watch_tick", "message": "generated_at=2026-07-01 22:41:10 completed_passes=5088/5088 activity=stalled"}
{"timestamp": 1782916901.143, "formatted_time": "2026-07-01 22:41:41", "event": "watch_tick", "message": "generated_at=2026-07-01 22:41:41 completed_passes=5088/5088 activity=stalled"}
{"timestamp": 1782916931.233, "formatted_time": "2026-07-01 22:42:11", "event": "watch_tick", "message": "generated_at=2026-07-01 22:42:11 completed_passes=5088/5088 activity=stalled"}
{"timestamp": 1782916961.335, "formatted_time": "2026-07-01 22:42:41", "event": "watch_tick", "message": "generated_at=2026-07-01 22:42:41 completed_passes=5088/5088 activity=stalled"}
{"timestamp": 1782916991.416, "formatted_time": "2026-07-01 22:43:11", "event": "watch_tick", "message": "generated_at=2026-07-01 22:43:11 completed_passes=5088/5088 activity=stalled"}
{"timestamp": 1782917021.51, "formatted_time": "2026-07-01 22:43:41", "event": "watch_tick", "message": "generated_at=2026-07-01 22:43:41 completed_passes=5088/5088 activity=stalled"}
{"timestamp": 1782917051.596, "formatted_time": "2026-07-01 22:44:11", "event": "watch_tick", "message": "generated_at=2026-07-01 22:44:11 completed_passes=5088/5088 activity=stalled"}
{"timestamp": 1782917081.695, "formatted_time": "2026-07-01 22:44:41", "event": "watch_tick", "message": "generated_at=2026-07-01 22:44:41 completed_passes=5088/5088 activity=stalled"}
{"timestamp": 1782917111.796, "formatted_time": "2026-07-01 22:45:11", "event": "watch_tick", "message": "generated_at=2026-07-01 22:45:11 completed_passes=5088/5088 activity=stalled"}
{"timestamp": 1782917141.892, "formatted_time": "2026-07-01 22:45:41", "event": "watch_tick", "message": "generated_at=2026-07-01 22:45:41 completed_passes=5088/5088 activity=stalled"}
{"timestamp": 1782917171.997, "formatted_time": "2026-07-01 22:46:11", "event": "watch_tick", "message": "generated_at=2026-07-01 22:46:11 completed_passes=5088/5088 activity=stalled"}
{"timestamp": 1782917202.092, "formatted_time": "2026-07-01 22:46:42", "event": "watch_tick", "message": "generated_at=2026-07-01 22:46:42 completed_passes=5088/5088 activity=stalled"}
{"timestamp": 1782917232.2, "formatted_time": "2026-07-01 22:47:12", "event": "watch_tick", "message": "generated_at=2026-07-01 22:47:12 completed_passes=5088/5088 activity=stalled"}
{"timestamp": 1782917262.292, "formatted_time": "2026-07-01 22:47:42", "event": "watch_tick", "message": "generated_at=2026-07-01 22:47:42 completed_passes=5088/5088 activity=stalled"}
{"timestamp": 1782917292.388, "formatted_time": "2026-07-01 22:48:12", "event": "watch_tick", "message": "generated_at=2026-07-01 22:48:12 completed_passes=5088/5088 activity=stalled"}
{"timestamp": 1782917322.486, "formatted_time": "2026-07-01 22:48:42", "event": "watch_tick", "message": "generated_at=2026-07-01 22:48:42 completed_passes=5088/5088 activity=stalled"}
{"timestamp": 1782917352.807, "formatted_time": "2026-07-01 22:49:12", "event": "watch_tick", "message": "generated_at=2026-07-01 22:49:12 completed_passes=5088/5088 activity=stalled"}
{"timestamp": 1782917382.908, "formatted_time": "2026-07-01 22:49:42", "event": "watch_tick", "message": "generated_at=2026-07-01 22:49:42 completed_passes=5088/5088 activity=stalled"}
{"timestamp": 1782917412.985, "formatted_time": "2026-07-01 22:50:12", "event": "watch_tick", "message": "generated_at=2026-07-01 22:50:12 completed_passes=5088/5088 activity=stalled"}
{"timestamp": 1782917443.078, "formatted_time": "2026-07-01 22:50:43", "event": "watch_tick", "message": "generated_at=2026-07-01 22:50:42 completed_passes=5088/5088 activity=stalled"}
{"timestamp": 1782917473.181, "formatted_time": "2026-07-01 22:51:13", "event": "watch_tick", "message": "generated_at=2026-07-01 22:51:13 completed_passes=5088/5088 activity=stalled"}
{"timestamp": 1782917503.274, "formatted_time": "2026-07-01 22:51:43", "event": "watch_tick", "message": "generated_at=2026-07-01 22:51:43 completed_passes=5088/5088 activity=stalled"}
{"timestamp": 1782917533.373, "formatted_time": "2026-07-01 22:52:13", "event": "watch_tick", "message": "generated_at=2026-07-01 22:52:13 completed_passes=5088/5088 activity=stalled"}
{"timestamp": 1782917563.442, "formatted_time": "2026-07-01 22:52:43", "event": "watch_tick", "message": "generated_at=2026-07-01 22:52:43 completed_passes=5088/5088 activity=stalled"}
{"timestamp": 1782917593.773, "formatted_time": "2026-07-01 22:53:13", "event": "watch_tick", "message": "generated_at=2026-07-01 22:53:13 completed_passes=5088/5088 activity=stalled"}
{"timestamp": 1782917623.869, "formatted_time": "2026-07-01 22:53:43", "event": "watch_tick", "message": "generated_at=2026-07-01 22:53:43 completed_passes=5088/5088 activity=stalled"}
{"timestamp": 1782917653.956, "formatted_time": "2026-07-01 22:54:13", "event": "watch_tick", "message": "generated_at=2026-07-01 22:54:13 completed_passes=5088/5088 activity=stalled"}
{"timestamp": 1782917684.063, "formatted_time": "2026-07-01 22:54:44", "event": "watch_tick", "message": "generated_at=2026-07-01 22:54:43 completed_passes=5088/5088 activity=stalled"}
{"timestamp": 1782917714.164, "formatted_time": "2026-07-01 22:55:14", "event": "watch_tick", "message": "generated_at=2026-07-01 22:55:14 completed_passes=5088/5088 activity=stalled"}
{"timestamp": 1782917744.261, "formatted_time": "2026-07-01 22:55:44", "event": "watch_tick", "message": "generated_at=2026-07-01 22:55:44 completed_passes=5088/5088 activity=stalled"}
{"timestamp": 1782917774.367, "formatted_time": "2026-07-01 22:56:14", "event": "watch_tick", "message": "generated_at=2026-07-01 22:56:14 completed_passes=5088/5088 activity=stalled"}
{"timestamp": 1782917804.461, "formatted_time": "2026-07-01 22:56:44", "event": "watch_tick", "message": "generated_at=2026-07-01 22:56:44 completed_passes=5088/5088 activity=stalled"}
{"timestamp": 1782917834.558, "formatted_time": "2026-07-01 22:57:14", "event": "watch_tick", "message": "generated_at=2026-07-01 22:57:14 completed_passes=5088/5088 activity=stalled"}
{"timestamp": 1782917864.652, "formatted_time": "2026-07-01 22:57:44", "event": "watch_tick", "message": "generated_at=2026-07-01 22:57:44 completed_passes=5088/5088 activity=stalled"}
{"timestamp": 1782917894.749, "formatted_time": "2026-07-01 22:58:14", "event": "watch_tick", "message": "generated_at=2026-07-01 22:58:14 completed_passes=5088/5088 activity=stalled"}
{"timestamp": 1782917924.824, "formatted_time": "2026-07-01 22:58:44", "event": "watch_tick", "message": "generated_at=2026-07-01 22:58:44 completed_passes=5088/5088 activity=stalled"}
{"timestamp": 1782917954.92, "formatted_time": "2026-07-01 22:59:14", "event": "watch_tick", "message": "generated_at=2026-07-01 22:59:14 completed_passes=5088/5088 activity=stalled"}
{"timestamp": 1782917985.009, "formatted_time": "2026-07-01 22:59:45", "event": "watch_tick", "message": "generated_at=2026-07-01 22:59:44 completed_passes=5088/5088 activity=stalled"}
{"timestamp": 1782918015.108, "formatted_time": "2026-07-01 23:00:15", "event": "watch_tick", "message": "generated_at=2026-07-01 23:00:15 completed_passes=5088/5088 activity=stalled"}
{"timestamp": 1782918045.207, "formatted_time": "2026-07-01 23:00:45", "event": "watch_tick", "message": "generated_at=2026-07-01 23:00:45 completed_passes=5088/5088 activity=stalled"}
{"timestamp": 1782918075.298, "formatted_time": "2026-07-01 23:01:15", "event": "watch_tick", "message": "generated_at=2026-07-01 23:01:15 completed_passes=5088/5088 activity=stalled"}
{"timestamp": 1782918105.395, "formatted_time": "2026-07-01 23:01:45", "event": "watch_tick", "message": "generated_at=2026-07-01 23:01:45 completed_passes=5088/5088 activity=stalled"}
{"timestamp": 1782918135.496, "formatted_time": "2026-07-01 23:02:15", "event": "watch_tick", "message": "generated_at=2026-07-01 23:02:15 completed_passes=5088/5088 activity=stalled"}
{"timestamp": 1782918165.593, "formatted_time": "2026-07-01 23:02:45", "event": "watch_tick", "message": "generated_at=2026-07-01 23:02:45 completed_passes=5088/5088 activity=stalled"}
{"timestamp": 1782918195.688, "formatted_time": "2026-07-01 23:03:15", "event": "watch_tick", "message": "generated_at=2026-07-01 23:03:15 completed_passes=5088/5088 activity=stalled"}
{"timestamp": 1782918225.784, "formatted_time": "2026-07-01 23:03:45", "event": "watch_tick", "message": "generated_at=2026-07-01 23:03:45 completed_passes=5088/5088 activity=stalled"}
{"timestamp": 1782918255.891, "formatted_time": "2026-07-01 23:04:15", "event": "watch_tick", "message": "generated_at=2026-07-01 23:04:15 completed_passes=5088/5088 activity=stalled"}
{"timestamp": 1782918285.987, "formatted_time": "2026-07-01 23:04:45", "event": "watch_tick", "message": "generated_at=2026-07-01 23:04:45 completed_passes=5088/5088 activity=stalled"}
{"timestamp": 1782918316.085, "formatted_time": "2026-07-01 23:05:16", "event": "watch_tick", "message": "generated_at=2026-07-01 23:05:15 completed_passes=5088/5088 activity=stalled"}
{"timestamp": 1782918346.183, "formatted_time": "2026-07-01 23:05:46", "event": "watch_tick", "message": "generated_at=2026-07-01 23:05:46 completed_passes=5088/5088 activity=stalled"}
{"timestamp": 1782918376.283, "formatted_time": "2026-07-01 23:06:16", "event": "watch_tick", "message": "generated_at=2026-07-01 23:06:16 completed_passes=5088/5088 activity=stalled"}
{"timestamp": 1782918406.375, "formatted_time": "2026-07-01 23:06:46", "event": "watch_tick", "message": "generated_at=2026-07-01 23:06:46 completed_passes=5088/5088 activity=stalled"}
{"timestamp": 1782918436.471, "formatted_time": "2026-07-01 23:07:16", "event": "watch_tick", "message": "generated_at=2026-07-01 23:07:16 completed_passes=5088/5088 activity=stalled"}
{"timestamp": 1782918466.567, "formatted_time": "2026-07-01 23:07:46", "event": "watch_tick", "message": "generated_at=2026-07-01 23:07:46 completed_passes=5088/5088 activity=stalled"}
{"timestamp": 1782918496.775, "formatted_time": "2026-07-01 23:08:16", "event": "watch_tick", "message": "generated_at=2026-07-01 23:08:16 completed_passes=5088/5088 activity=stalled"}
{"timestamp": 1782918526.868, "formatted_time": "2026-07-01 23:08:46", "event": "watch_tick", "message": "generated_at=2026-07-01 23:08:46 completed_passes=5088/5088 activity=stalled"}
{"timestamp": 1782918556.964, "formatted_time": "2026-07-01 23:09:16", "event": "watch_tick", "message": "generated_at=2026-07-01 23:09:16 completed_passes=5088/5088 activity=stalled"}
{"timestamp": 1782918587.06, "formatted_time": "2026-07-01 23:09:47", "event": "watch_tick", "message": "generated_at=2026-07-01 23:09:46 completed_passes=5088/5088 activity=stalled"}
{"timestamp": 1782918617.155, "formatted_time": "2026-07-01 23:10:17", "event": "watch_tick", "message": "generated_at=2026-07-01 23:10:17 completed_passes=5088/5088 activity=stalled"}
{"timestamp": 1782918647.248, "formatted_time": "2026-07-01 23:10:47", "event": "watch_tick", "message": "generated_at=2026-07-01 23:10:47 completed_passes=5088/5088 activity=stalled"}
{"timestamp": 1782918677.346, "formatted_time": "2026-07-01 23:11:17", "event": "watch_tick", "message": "generated_at=2026-07-01 23:11:17 completed_passes=5088/5088 activity=stalled"}
{"timestamp": 1782918707.438, "formatted_time": "2026-07-01 23:11:47", "event": "watch_tick", "message": "generated_at=2026-07-01 23:11:47 completed_passes=5088/5088 activity=stalled"}
{"timestamp": 1782918737.532, "formatted_time": "2026-07-01 23:12:17", "event": "watch_tick", "message": "generated_at=2026-07-01 23:12:17 completed_passes=5088/5088 activity=stalled"}
{"timestamp": 1782918767.61, "formatted_time": "2026-07-01 23:12:47", "event": "watch_tick", "message": "generated_at=2026-07-01 23:12:47 completed_passes=5088/5088 activity=stalled"}
{"timestamp": 1782918797.701, "formatted_time": "2026-07-01 23:13:17", "event": "watch_tick", "message": "generated_at=2026-07-01 23:13:17 completed_passes=5088/5088 activity=stalled"}
{"timestamp": 1782918827.8, "formatted_time": "2026-07-01 23:13:47", "event": "watch_tick", "message": "generated_at=2026-07-01 23:13:47 completed_passes=5088/5088 activity=stalled"}
{"timestamp": 1782918857.895, "formatted_time": "2026-07-01 23:14:17", "event": "watch_tick", "message": "generated_at=2026-07-01 23:14:17 completed_passes=5088/5088 activity=stalled"}
{"timestamp": 1782918887.989, "formatted_time": "2026-07-01 23:14:47", "event": "watch_tick", "message": "generated_at=2026-07-01 23:14:47 completed_passes=5088/5088 activity=stalled"}
{"timestamp": 1782918918.068, "formatted_time": "2026-07-01 23:15:18", "event": "watch_tick", "message": "generated_at=2026-07-01 23:15:17 completed_passes=5088/5088 activity=stalled"}
{"timestamp": 1782918948.157, "formatted_time": "2026-07-01 23:15:48", "event": "watch_tick", "message": "generated_at=2026-07-01 23:15:48 completed_passes=5088/5088 activity=stalled"}
{"timestamp": 1782918978.253, "formatted_time": "2026-07-01 23:16:18", "event": "watch_tick", "message": "generated_at=2026-07-01 23:16:18 completed_passes=5088/5088 activity=stalled"}
{"timestamp": 1782919008.339, "formatted_time": "2026-07-01 23:16:48", "event": "watch_tick", "message": "generated_at=2026-07-01 23:16:48 completed_passes=5088/5088 activity=stalled"}
{"timestamp": 1782919038.436, "formatted_time": "2026-07-01 23:17:18", "event": "watch_tick", "message": "generated_at=2026-07-01 23:17:18 completed_passes=5088/5088 activity=stalled"}
{"timestamp": 1782919068.544, "formatted_time": "2026-07-01 23:17:48", "event": "watch_tick", "message": "generated_at=2026-07-01 23:17:48 completed_passes=5088/5088 activity=stalled"}
{"timestamp": 1782919098.64, "formatted_time": "2026-07-01 23:18:18", "event": "watch_tick", "message": "generated_at=2026-07-01 23:18:18 completed_passes=5088/5088 activity=stalled"}
{"timestamp": 1782919128.745, "formatted_time": "2026-07-01 23:18:48", "event": "watch_tick", "message": "generated_at=2026-07-01 23:18:48 completed_passes=5088/5088 activity=stalled"}
{"timestamp": 1782919158.839, "formatted_time": "2026-07-01 23:19:18", "event": "watch_tick", "message": "generated_at=2026-07-01 23:19:18 completed_passes=5088/5088 activity=stalled"}
{"timestamp": 1782919188.929, "formatted_time": "2026-07-01 23:19:48", "event": "watch_tick", "message": "generated_at=2026-07-01 23:19:48 completed_passes=5088/5088 activity=stalled"}
{"timestamp": 1782919219.023, "formatted_time": "2026-07-01 23:20:19", "event": "watch_tick", "message": "generated_at=2026-07-01 23:20:18 completed_passes=5088/5088 activity=stalled"}
{"timestamp": 1782919249.132, "formatted_time": "2026-07-01 23:20:49", "event": "watch_tick", "message": "generated_at=2026-07-01 23:20:49 completed_passes=5088/5088 activity=stalled"}
{"timestamp": 1782919279.208, "formatted_time": "2026-07-01 23:21:19", "event": "watch_tick", "message": "generated_at=2026-07-01 23:21:19 completed_passes=5088/5088 activity=stalled"}
{"timestamp": 1782919309.297, "formatted_time": "2026-07-01 23:21:49", "event": "watch_tick", "message": "generated_at=2026-07-01 23:21:49 completed_passes=5088/5088 activity=stalled"}
{"timestamp": 1782919339.389, "formatted_time": "2026-07-01 23:22:19", "event": "watch_tick", "message": "generated_at=2026-07-01 23:22:19 completed_passes=5088/5088 activity=stalled"}
{"timestamp": 1782919369.469, "formatted_time": "2026-07-01 23:22:49", "event": "watch_tick", "message": "generated_at=2026-07-01 23:22:49 completed_passes=5088/5088 activity=stalled"}
{"timestamp": 1782919399.572, "formatted_time": "2026-07-01 23:23:19", "event": "watch_tick", "message": "generated_at=2026-07-01 23:23:19 completed_passes=5088/5088 activity=stalled"}
{"timestamp": 1782919429.666, "formatted_time": "2026-07-01 23:23:49", "event": "watch_tick", "message": "generated_at=2026-07-01 23:23:49 completed_passes=5088/5088 activity=stalled"}
{"timestamp": 1782919459.764, "formatted_time": "2026-07-01 23:24:19", "event": "watch_tick", "message": "generated_at=2026-07-01 23:24:19 completed_passes=5088/5088 activity=stalled"}
{"timestamp": 1782919489.859, "formatted_time": "2026-07-01 23:24:49", "event": "watch_tick", "message": "generated_at=2026-07-01 23:24:49 completed_passes=5088/5088 activity=stalled"}
{"timestamp": 1782919519.958, "formatted_time": "2026-07-01 23:25:19", "event": "watch_tick", "message": "generated_at=2026-07-01 23:25:19 completed_passes=5088/5088 activity=stalled"}
{"timestamp": 1782919550.049, "formatted_time": "2026-07-01 23:25:50", "event": "watch_tick", "message": "generated_at=2026-07-01 23:25:49 completed_passes=5088/5088 activity=stalled"}
{"timestamp": 1782919580.141, "formatted_time": "2026-07-01 23:26:20", "event": "watch_tick", "message": "generated_at=2026-07-01 23:26:20 completed_passes=5088/5088 activity=stalled"}
{"timestamp": 1782919610.233, "formatted_time": "2026-07-01 23:26:50", "event": "watch_tick", "message": "generated_at=2026-07-01 23:26:50 completed_passes=5088/5088 activity=stalled"}
{"timestamp": 1782919640.328, "formatted_time": "2026-07-01 23:27:20", "event": "watch_tick", "message": "generated_at=2026-07-01 23:27:20 completed_passes=5088/5088 activity=stalled"}
{"timestamp": 1782919670.424, "formatted_time": "2026-07-01 23:27:50", "event": "watch_tick", "message": "generated_at=2026-07-01 23:27:50 completed_passes=5088/5088 activity=stalled"}
{"timestamp": 1782919700.519, "formatted_time": "2026-07-01 23:28:20", "event": "watch_tick", "message": "generated_at=2026-07-01 23:28:20 completed_passes=5088/5088 activity=stalled"}
{"timestamp": 1782919730.612, "formatted_time": "2026-07-01 23:28:50", "event": "watch_tick", "message": "generated_at=2026-07-01 23:28:50 completed_passes=5088/5088 activity=stalled"}
{"timestamp": 1782919760.715, "formatted_time": "2026-07-01 23:29:20", "event": "watch_tick", "message": "generated_at=2026-07-01 23:29:20 completed_passes=5088/5088 activity=stalled"}
{"timestamp": 1782919790.818, "formatted_time": "2026-07-01 23:29:50", "event": "watch_tick", "message": "generated_at=2026-07-01 23:29:50 completed_passes=5088/5088 activity=stalled"}
{"timestamp": 1782919820.893, "formatted_time": "2026-07-01 23:30:20", "event": "watch_tick", "message": "generated_at=2026-07-01 23:30:20 completed_passes=5088/5088 activity=stalled"}
{"timestamp": 1782919850.998, "formatted_time": "2026-07-01 23:30:50", "event": "watch_tick", "message": "generated_at=2026-07-01 23:30:50 completed_passes=5088/5088 activity=stalled"}
{"timestamp": 1782919881.095, "formatted_time": "2026-07-01 23:31:21", "event": "watch_tick", "message": "generated_at=2026-07-01 23:31:21 completed_passes=5088/5088 activity=stalled"}
{"timestamp": 1782919911.201, "formatted_time": "2026-07-01 23:31:51", "event": "watch_tick", "message": "generated_at=2026-07-01 23:31:51 completed_passes=5088/5088 activity=stalled"}
{"timestamp": 1782919941.305, "formatted_time": "2026-07-01 23:32:21", "event": "watch_tick", "message": "generated_at=2026-07-01 23:32:21 completed_passes=5088/5088 activity=stalled"}
{"timestamp": 1782919971.414, "formatted_time": "2026-07-01 23:32:51", "event": "watch_tick", "message": "generated_at=2026-07-01 23:32:51 completed_passes=5088/5088 activity=stalled"}
{"timestamp": 1782920001.515, "formatted_time": "2026-07-01 23:33:21", "event": "watch_tick", "message": "generated_at=2026-07-01 23:33:21 completed_passes=5088/5088 activity=stalled"}
{"timestamp": 1782920031.622, "formatted_time": "2026-07-01 23:33:51", "event": "watch_tick", "message": "generated_at=2026-07-01 23:33:51 completed_passes=5088/5088 activity=stalled"}
{"timestamp": 1782920061.725, "formatted_time": "2026-07-01 23:34:21", "event": "watch_tick", "message": "generated_at=2026-07-01 23:34:21 completed_passes=5088/5088 activity=stalled"}
{"timestamp": 1782920091.826, "formatted_time": "2026-07-01 23:34:51", "event": "watch_tick", "message": "generated_at=2026-07-01 23:34:51 completed_passes=5088/5088 activity=stalled"}
{"timestamp": 1782920121.928, "formatted_time": "2026-07-01 23:35:21", "event": "watch_tick", "message": "generated_at=2026-07-01 23:35:21 completed_passes=5088/5088 activity=stalled"}
{"timestamp": 1782920152.032, "formatted_time": "2026-07-01 23:35:52", "event": "watch_tick", "message": "generated_at=2026-07-01 23:35:51 completed_passes=5088/5088 activity=stalled"}
{"timestamp": 1782920182.132, "formatted_time": "2026-07-01 23:36:22", "event": "watch_tick", "message": "generated_at=2026-07-01 23:36:22 completed_passes=5088/5088 activity=stalled"}
{"timestamp": 1782920212.234, "formatted_time": "2026-07-01 23:36:52", "event": "watch_tick", "message": "generated_at=2026-07-01 23:36:52 completed_passes=5088/5088 activity=stalled"}
{"timestamp": 1782920242.356, "formatted_time": "2026-07-01 23:37:22", "event": "watch_tick", "message": "generated_at=2026-07-01 23:37:22 completed_passes=5088/5088 activity=stalled"}
{"timestamp": 1782920272.457, "formatted_time": "2026-07-01 23:37:52", "event": "watch_tick", "message": "generated_at=2026-07-01 23:37:52 completed_passes=5088/5088 activity=stalled"}
{"timestamp": 1782920302.566, "formatted_time": "2026-07-01 23:38:22", "event": "watch_tick", "message": "generated_at=2026-07-01 23:38:22 completed_passes=5088/5088 activity=stalled"}
{"timestamp": 1782920332.661, "formatted_time": "2026-07-01 23:38:52", "event": "watch_tick", "message": "generated_at=2026-07-01 23:38:52 completed_passes=5088/5088 activity=stalled"}
{"timestamp": 1782920362.769, "formatted_time": "2026-07-01 23:39:22", "event": "watch_tick", "message": "generated_at=2026-07-01 23:39:22 completed_passes=5088/5088 activity=stalled"}
{"timestamp": 1782920392.869, "formatted_time": "2026-07-01 23:39:52", "event": "watch_tick", "message": "generated_at=2026-07-01 23:39:52 completed_passes=5088/5088 activity=stalled"}
{"timestamp": 1782920422.967, "formatted_time": "2026-07-01 23:40:22", "event": "watch_tick", "message": "generated_at=2026-07-01 23:40:22 completed_passes=5088/5088 activity=stalled"}
{"timestamp": 1782920453.067, "formatted_time": "2026-07-01 23:40:53", "event": "watch_tick", "message": "generated_at=2026-07-01 23:40:52 completed_passes=5088/5088 activity=stalled"}
{"timestamp": 1782920483.163, "formatted_time": "2026-07-01 23:41:23", "event": "watch_tick", "message": "generated_at=2026-07-01 23:41:23 completed_passes=5088/5088 activity=stalled"}
{"timestamp": 1782920513.265, "formatted_time": "2026-07-01 23:41:53", "event": "watch_tick", "message": "generated_at=2026-07-01 23:41:53 completed_passes=5088/5088 activity=stalled"}
{"timestamp": 1782920543.348, "formatted_time": "2026-07-01 23:42:23", "event": "watch_tick", "message": "generated_at=2026-07-01 23:42:23 completed_passes=5088/5088 activity=stalled"}
{"timestamp": 1782920573.451, "formatted_time": "2026-07-01 23:42:53", "event": "watch_tick", "message": "generated_at=2026-07-01 23:42:53 completed_passes=5088/5088 activity=stalled"}
{"timestamp": 1782920603.566, "formatted_time": "2026-07-01 23:43:23", "event": "watch_tick", "message": "generated_at=2026-07-01 23:43:23 completed_passes=5088/5088 activity=stalled"}
{"timestamp": 1782920633.666, "formatted_time": "2026-07-01 23:43:53", "event": "watch_tick", "message": "generated_at=2026-07-01 23:43:53 completed_passes=5088/5088 activity=stalled"}
{"timestamp": 1782920663.765, "formatted_time": "2026-07-01 23:44:23", "event": "watch_tick", "message": "generated_at=2026-07-01 23:44:23 completed_passes=5088/5088 activity=stalled"}
{"timestamp": 1782920693.867, "formatted_time": "2026-07-01 23:44:53", "event": "watch_tick", "message": "generated_at=2026-07-01 23:44:53 completed_passes=5088/5088 activity=stalled"}
{"timestamp": 1782920723.967, "formatted_time": "2026-07-01 23:45:23", "event": "watch_tick", "message": "generated_at=2026-07-01 23:45:23 completed_passes=5088/5088 activity=stalled"}
{"timestamp": 1782920754.066, "formatted_time": "2026-07-01 23:45:54", "event": "watch_tick", "message": "generated_at=2026-07-01 23:45:53 completed_passes=5088/5088 activity=stalled"}
{"timestamp": 1782920784.163, "formatted_time": "2026-07-01 23:46:24", "event": "watch_tick", "message": "generated_at=2026-07-01 23:46:24 completed_passes=5088/5088 activity=stalled"}
{"timestamp": 1782920814.265, "formatted_time": "2026-07-01 23:46:54", "event": "watch_tick", "message": "generated_at=2026-07-01 23:46:54 completed_passes=5088/5088 activity=stalled"}
{"timestamp": 1782920844.367, "formatted_time": "2026-07-01 23:47:24", "event": "watch_tick", "message": "generated_at=2026-07-01 23:47:24 completed_passes=5088/5088 activity=stalled"}
{"timestamp": 1782920874.472, "formatted_time": "2026-07-01 23:47:54", "event": "watch_tick", "message": "generated_at=2026-07-01 23:47:54 completed_passes=5088/5088 activity=stalled"}
{"timestamp": 1782920904.573, "formatted_time": "2026-07-01 23:48:24", "event": "watch_tick", "message": "generated_at=2026-07-01 23:48:24 completed_passes=5088/5088 activity=stalled"}
{"timestamp": 1782920934.674, "formatted_time": "2026-07-01 23:48:54", "event": "watch_tick", "message": "generated_at=2026-07-01 23:48:54 completed_passes=5088/5088 activity=stalled"}
{"timestamp": 1782920964.776, "formatted_time": "2026-07-01 23:49:24", "event": "watch_tick", "message": "generated_at=2026-07-01 23:49:24 completed_passes=5088/5088 activity=stalled"}
{"timestamp": 1782920994.874, "formatted_time": "2026-07-01 23:49:54", "event": "watch_tick", "message": "generated_at=2026-07-01 23:49:54 completed_passes=5088/5088 activity=stalled"}
{"timestamp": 1782921024.974, "formatted_time": "2026-07-01 23:50:24", "event": "watch_tick", "message": "generated_at=2026-07-01 23:50:24 completed_passes=5088/5088 activity=stalled"}
{"timestamp": 1782921055.073, "formatted_time": "2026-07-01 23:50:55", "event": "watch_tick", "message": "generated_at=2026-07-01 23:50:54 completed_passes=5088/5088 activity=stalled"}
{"timestamp": 1782921085.172, "formatted_time": "2026-07-01 23:51:25", "event": "watch_tick", "message": "generated_at=2026-07-01 23:51:25 completed_passes=5088/5088 activity=stalled"}
{"timestamp": 1782921115.274, "formatted_time": "2026-07-01 23:51:55", "event": "watch_tick", "message": "generated_at=2026-07-01 23:51:55 completed_passes=5088/5088 activity=stalled"}
{"timestamp": 1782921145.376, "formatted_time": "2026-07-01 23:52:25", "event": "watch_tick", "message": "generated_at=2026-07-01 23:52:25 completed_passes=5088/5088 activity=stalled"}
{"timestamp": 1782921175.481, "formatted_time": "2026-07-01 23:52:55", "event": "watch_tick", "message": "generated_at=2026-07-01 23:52:55 completed_passes=5088/5088 activity=stalled"}
{"timestamp": 1782921407.022, "formatted_time": "2026-07-01 23:56:47", "event": "watch_tick", "message": "generated_at=2026-07-01 23:56:46 completed_passes=5088/5088 activity=stalled"}
{"timestamp": 1782921437.125, "formatted_time": "2026-07-01 23:57:17", "event": "watch_tick", "message": "generated_at=2026-07-01 23:57:17 completed_passes=5088/5088 activity=stalled"}
{"timestamp": 1782921467.221, "formatted_time": "2026-07-01 23:57:47", "event": "watch_tick", "message": "generated_at=2026-07-01 23:57:47 completed_passes=5088/5088 activity=stalled"}
{"timestamp": 1782921497.341, "formatted_time": "2026-07-01 23:58:17", "event": "watch_tick", "message": "generated_at=2026-07-01 23:58:17 completed_passes=5088/5088 activity=stalled"}
{"timestamp": 1782921527.437, "formatted_time": "2026-07-01 23:58:47", "event": "watch_tick", "message": "generated_at=2026-07-01 23:58:47 completed_passes=5088/5088 activity=stalled"}
{"timestamp": 1782921557.532, "formatted_time": "2026-07-01 23:59:17", "event": "watch_tick", "message": "generated_at=2026-07-01 23:59:17 completed_passes=5088/5088 activity=stalled"}
{"timestamp": 1782921587.631, "formatted_time": "2026-07-01 23:59:47", "event": "watch_tick", "message": "generated_at=2026-07-01 23:59:47 completed_passes=5088/5088 activity=stalled"}
{"timestamp": 1782921617.727, "formatted_time": "2026-07-02 00:00:17", "event": "watch_tick", "message": "generated_at=2026-07-02 00:00:17 completed_passes=5088/5088 activity=stalled"}
{"timestamp": 1782921647.825, "formatted_time": "2026-07-02 00:00:47", "event": "watch_tick", "message": "generated_at=2026-07-02 00:00:47 completed_passes=5088/5088 activity=stalled"}
{"timestamp": 1782921677.921, "formatted_time": "2026-07-02 00:01:17", "event": "watch_tick", "message": "generated_at=2026-07-02 00:01:17 completed_passes=5088/5088 activity=stalled"}
{"timestamp": 1782921708.018, "formatted_time": "2026-07-02 00:01:48", "event": "watch_tick", "message": "generated_at=2026-07-02 00:01:47 completed_passes=5088/5088 activity=stalled"}
{"timestamp": 1782921738.128, "formatted_time": "2026-07-02 00:02:18", "event": "watch_tick", "message": "generated_at=2026-07-02 00:02:18 completed_passes=5088/5088 activity=stalled"}
{"timestamp": 1782921768.237, "formatted_time": "2026-07-02 00:02:48", "event": "watch_tick", "message": "generated_at=2026-07-02 00:02:48 completed_passes=5088/5088 activity=stalled"}
{"timestamp": 1782921798.337, "formatted_time": "2026-07-02 00:03:18", "event": "watch_tick", "message": "generated_at=2026-07-02 00:03:18 completed_passes=5088/5088 activity=stalled"}
{"timestamp": 1782921828.411, "formatted_time": "2026-07-02 00:03:48", "event": "watch_tick", "message": "generated_at=2026-07-02 00:03:48 completed_passes=5088/5088 activity=stalled"}
{"timestamp": 1782921858.515, "formatted_time": "2026-07-02 00:04:18", "event": "watch_tick", "message": "generated_at=2026-07-02 00:04:18 completed_passes=5088/5088 activity=stalled"}
{"timestamp": 1782921888.615, "formatted_time": "2026-07-02 00:04:48", "event": "watch_tick", "message": "generated_at=2026-07-02 00:04:48 completed_passes=5088/5088 activity=stalled"}
{"timestamp": 1782921918.72, "formatted_time": "2026-07-02 00:05:18", "event": "watch_tick", "message": "generated_at=2026-07-02 00:05:18 completed_passes=5088/5088 activity=stalled"}
{"timestamp": 1782921948.822, "formatted_time": "2026-07-02 00:05:48", "event": "watch_tick", "message": "generated_at=2026-07-02 00:05:48 completed_passes=5088/5088 activity=stalled"}
{"timestamp": 1782921978.926, "formatted_time": "2026-07-02 00:06:18", "event": "watch_tick", "message": "generated_at=2026-07-02 00:06:18 completed_passes=5088/5088 activity=stalled"}
{"timestamp": 1782922009.025, "formatted_time": "2026-07-02 00:06:49", "event": "watch_tick", "message": "generated_at=2026-07-02 00:06:48 completed_passes=5088/5088 activity=stalled"}
{"timestamp": 1782922039.113, "formatted_time": "2026-07-02 00:07:19", "event": "watch_tick", "message": "generated_at=2026-07-02 00:07:19 completed_passes=5088/5088 activity=stalled"}
{"timestamp": 1782922069.218, "formatted_time": "2026-07-02 00:07:49", "event": "watch_tick", "message": "generated_at=2026-07-02 00:07:49 completed_passes=5088/5088 activity=stalled"}
{"timestamp": 1782922099.32, "formatted_time": "2026-07-02 00:08:19", "event": "watch_tick", "message": "generated_at=2026-07-02 00:08:19 completed_passes=5088/5088 activity=stalled"}
{"timestamp": 1782922129.425, "formatted_time": "2026-07-02 00:08:49", "event": "watch_tick", "message": "generated_at=2026-07-02 00:08:49 completed_passes=5088/5088 activity=stalled"}
{"timestamp": 1782922159.524, "formatted_time": "2026-07-02 00:09:19", "event": "watch_tick", "message": "generated_at=2026-07-02 00:09:19 completed_passes=5088/5088 activity=stalled"}
{"timestamp": 1782922189.622, "formatted_time": "2026-07-02 00:09:49", "event": "watch_tick", "message": "generated_at=2026-07-02 00:09:49 completed_passes=5088/5088 activity=stalled"}
{"timestamp": 1782922219.724, "formatted_time": "2026-07-02 00:10:19", "event": "watch_tick", "message": "generated_at=2026-07-02 00:10:19 completed_passes=5088/5088 activity=stalled"}
{"timestamp": 1782922249.824, "formatted_time": "2026-07-02 00:10:49", "event": "watch_tick", "message": "generated_at=2026-07-02 00:10:49 completed_passes=5088/5088 activity=stalled"}
{"timestamp": 1782922279.926, "formatted_time": "2026-07-02 00:11:19", "event": "watch_tick", "message": "generated_at=2026-07-02 00:11:19 completed_passes=5088/5088 activity=stalled"}
{"timestamp": 1782922310.03, "formatted_time": "2026-07-02 00:11:50", "event": "watch_tick", "message": "generated_at=2026-07-02 00:11:49 completed_passes=5088/5088 activity=stalled"}
{"timestamp": 1782922340.129, "formatted_time": "2026-07-02 00:12:20", "event": "watch_tick", "message": "generated_at=2026-07-02 00:12:20 completed_passes=5088/5088 activity=stalled"}
{"timestamp": 1782922370.231, "formatted_time": "2026-07-02 00:12:50", "event": "watch_tick", "message": "generated_at=2026-07-02 00:12:50 completed_passes=5088/5088 activity=stalled"}
{"timestamp": 1782922400.33, "formatted_time": "2026-07-02 00:13:20", "event": "watch_tick", "message": "generated_at=2026-07-02 00:13:20 completed_passes=5088/5088 activity=stalled"}
{"timestamp": 1782922430.434, "formatted_time": "2026-07-02 00:13:50", "event": "watch_tick", "message": "generated_at=2026-07-02 00:13:50 completed_passes=5088/5088 activity=stalled"}
{"timestamp": 1782922460.538, "formatted_time": "2026-07-02 00:14:20", "event": "watch_tick", "message": "generated_at=2026-07-02 00:14:20 completed_passes=5088/5088 activity=stalled"}
{"timestamp": 1782922490.647, "formatted_time": "2026-07-02 00:14:50", "event": "watch_tick", "message": "generated_at=2026-07-02 00:14:50 completed_passes=5088/5088 activity=stalled"}
{"timestamp": 1782922520.749, "formatted_time": "2026-07-02 00:15:20", "event": "watch_tick", "message": "generated_at=2026-07-02 00:15:20 completed_passes=5088/5088 activity=stalled"}
{"timestamp": 1782922550.852, "formatted_time": "2026-07-02 00:15:50", "event": "watch_tick", "message": "generated_at=2026-07-02 00:15:50 completed_passes=5088/5088 activity=stalled"}
{"timestamp": 1782922580.955, "formatted_time": "2026-07-02 00:16:20", "event": "watch_tick", "message": "generated_at=2026-07-02 00:16:20 completed_passes=5088/5088 activity=stalled"}
{"timestamp": 1782922611.058, "formatted_time": "2026-07-02 00:16:51", "event": "watch_tick", "message": "generated_at=2026-07-02 00:16:50 completed_passes=5088/5088 activity=stalled"}
{"timestamp": 1782922641.159, "formatted_time": "2026-07-02 00:17:21", "event": "watch_tick", "message": "generated_at=2026-07-02 00:17:21 completed_passes=5088/5088 activity=stalled"}
{"timestamp": 1782922671.26, "formatted_time": "2026-07-02 00:17:51", "event": "watch_tick", "message": "generated_at=2026-07-02 00:17:51 completed_passes=5088/5088 activity=stalled"}
{"timestamp": 1782922701.36, "formatted_time": "2026-07-02 00:18:21", "event": "watch_tick", "message": "generated_at=2026-07-02 00:18:21 completed_passes=5088/5088 activity=stalled"}
{"timestamp": 1782922731.46, "formatted_time": "2026-07-02 00:18:51", "event": "watch_tick", "message": "generated_at=2026-07-02 00:18:51 completed_passes=5088/5088 activity=stalled"}
{"timestamp": 1782922761.563, "formatted_time": "2026-07-02 00:19:21", "event": "watch_tick", "message": "generated_at=2026-07-02 00:19:21 completed_passes=5088/5088 activity=stalled"}
{"timestamp": 1782922791.666, "formatted_time": "2026-07-02 00:19:51", "event": "watch_tick", "message": "generated_at=2026-07-02 00:19:51 completed_passes=5088/5088 activity=stalled"}
{"timestamp": 1782922821.763, "formatted_time": "2026-07-02 00:20:21", "event": "watch_tick", "message": "generated_at=2026-07-02 00:20:21 completed_passes=5088/5088 activity=stalled"}
{"timestamp": 1782922851.864, "formatted_time": "2026-07-02 00:20:51", "event": "watch_tick", "message": "generated_at=2026-07-02 00:20:51 completed_passes=5088/5088 activity=stalled"}
{"timestamp": 1782922881.965, "formatted_time": "2026-07-02 00:21:21", "event": "watch_tick", "message": "generated_at=2026-07-02 00:21:21 completed_passes=5088/5088 activity=stalled"}
{"timestamp": 1782922912.065, "formatted_time": "2026-07-02 00:21:52", "event": "watch_tick", "message": "generated_at=2026-07-02 00:21:51 completed_passes=5088/5088 activity=stalled"}
{"timestamp": 1782922942.165, "formatted_time": "2026-07-02 00:22:22", "event": "watch_tick", "message": "generated_at=2026-07-02 00:22:22 completed_passes=5088/5088 activity=stalled"}
{"timestamp": 1782922972.27, "formatted_time": "2026-07-02 00:22:52", "event": "watch_tick", "message": "generated_at=2026-07-02 00:22:52 completed_passes=5088/5088 activity=stalled"}
{"timestamp": 1782923002.372, "formatted_time": "2026-07-02 00:23:22", "event": "watch_tick", "message": "generated_at=2026-07-02 00:23:22 completed_passes=5088/5088 activity=stalled"}
{"timestamp": 1782923032.468, "formatted_time": "2026-07-02 00:23:52", "event": "watch_tick", "message": "generated_at=2026-07-02 00:23:52 completed_passes=5088/5088 activity=stalled"}
{"timestamp": 1782923062.57, "formatted_time": "2026-07-02 00:24:22", "event": "watch_tick", "message": "generated_at=2026-07-02 00:24:22 completed_passes=5088/5088 activity=stalled"}
{"timestamp": 1782923092.668, "formatted_time": "2026-07-02 00:24:52", "event": "watch_tick", "message": "generated_at=2026-07-02 00:24:52 completed_passes=5088/5088 activity=stalled"}
{"timestamp": 1782923122.767, "formatted_time": "2026-07-02 00:25:22", "event": "watch_tick", "message": "generated_at=2026-07-02 00:25:22 completed_passes=5088/5088 activity=stalled"}
{"timestamp": 1782923152.868, "formatted_time": "2026-07-02 00:25:52", "event": "watch_tick", "message": "generated_at=2026-07-02 00:25:52 completed_passes=5088/5088 activity=stalled"}
{"timestamp": 1782923182.965, "formatted_time": "2026-07-02 00:26:22", "event": "watch_tick", "message": "generated_at=2026-07-02 00:26:22 completed_passes=5088/5088 activity=stalled"}
{"timestamp": 1782923213.067, "formatted_time": "2026-07-02 00:26:53", "event": "watch_tick", "message": "generated_at=2026-07-02 00:26:52 completed_passes=5088/5088 activity=stalled"}
{"timestamp": 1782923437.775, "formatted_time": "2026-07-02 00:30:37", "event": "watch_tick", "message": "generated_at=2026-07-02 00:30:37 completed_passes=5088/5088 activity=stalled"}
{"timestamp": 1782923467.874, "formatted_time": "2026-07-02 00:31:07", "event": "watch_tick", "message": "generated_at=2026-07-02 00:31:07 completed_passes=5088/5088 activity=stalled"}
{"timestamp": 1782923497.965, "formatted_time": "2026-07-02 00:31:37", "event": "watch_tick", "message": "generated_at=2026-07-02 00:31:37 completed_passes=5088/5088 activity=stalled"}
{"timestamp": 1782923528.063, "formatted_time": "2026-07-02 00:32:08", "event": "watch_tick", "message": "generated_at=2026-07-02 00:32:07 completed_passes=5088/5088 activity=stalled"}
{"timestamp": 1782923558.178, "formatted_time": "2026-07-02 00:32:38", "event": "watch_tick", "message": "generated_at=2026-07-02 00:32:38 completed_passes=5088/5088 activity=stalled"}
{"timestamp": 1782923588.278, "formatted_time": "2026-07-02 00:33:08", "event": "watch_tick", "message": "generated_at=2026-07-02 00:33:08 completed_passes=5088/5088 activity=stalled"}
{"timestamp": 1782923618.37, "formatted_time": "2026-07-02 00:33:38", "event": "watch_tick", "message": "generated_at=2026-07-02 00:33:38 completed_passes=5088/5088 activity=stalled"}
{"timestamp": 1782923648.465, "formatted_time": "2026-07-02 00:34:08", "event": "watch_tick", "message": "generated_at=2026-07-02 00:34:08 completed_passes=5088/5088 activity=stalled"}
{"timestamp": 1782923678.566, "formatted_time": "2026-07-02 00:34:38", "event": "watch_tick", "message": "generated_at=2026-07-02 00:34:38 completed_passes=5088/5088 activity=stalled"}
{"timestamp": 1782923708.669, "formatted_time": "2026-07-02 00:35:08", "event": "watch_tick", "message": "generated_at=2026-07-02 00:35:08 completed_passes=5088/5088 activity=stalled"}
{"timestamp": 1782923738.774, "formatted_time": "2026-07-02 00:35:38", "event": "watch_tick", "message": "generated_at=2026-07-02 00:35:38 completed_passes=5088/5088 activity=stalled"}
{"timestamp": 1782923768.875, "formatted_time": "2026-07-02 00:36:08", "event": "watch_tick", "message": "generated_at=2026-07-02 00:36:08 completed_passes=5088/5088 activity=stalled"}
{"timestamp": 1782923798.978, "formatted_time": "2026-07-02 00:36:38", "event": "watch_tick", "message": "generated_at=2026-07-02 00:36:38 completed_passes=5088/5088 activity=stalled"}
{"timestamp": 1782923829.098, "formatted_time": "2026-07-02 00:37:09", "event": "watch_tick", "message": "generated_at=2026-07-02 00:37:08 completed_passes=5088/5088 activity=stalled"}
{"timestamp": 1782923859.194, "formatted_time": "2026-07-02 00:37:39", "event": "watch_tick", "message": "generated_at=2026-07-02 00:37:39 completed_passes=5088/5088 activity=stalled"}
{"timestamp": 1782923889.288, "formatted_time": "2026-07-02 00:38:09", "event": "watch_tick", "message": "generated_at=2026-07-02 00:38:09 completed_passes=5088/5088 activity=stalled"}
{"timestamp": 1782923919.392, "formatted_time": "2026-07-02 00:38:39", "event": "watch_tick", "message": "generated_at=2026-07-02 00:38:39 completed_passes=5088/5088 activity=stalled"}
{"timestamp": 1782923949.48, "formatted_time": "2026-07-02 00:39:09", "event": "watch_tick", "message": "generated_at=2026-07-02 00:39:09 completed_passes=5088/5088 activity=stalled"}
{"timestamp": 1782923979.58, "formatted_time": "2026-07-02 00:39:39", "event": "watch_tick", "message": "generated_at=2026-07-02 00:39:39 completed_passes=5088/5088 activity=stalled"}
{"timestamp": 1782924009.673, "formatted_time": "2026-07-02 00:40:09", "event": "watch_tick", "message": "generated_at=2026-07-02 00:40:09 completed_passes=5088/5088 activity=stalled"}
{"timestamp": 1782924039.764, "formatted_time": "2026-07-02 00:40:39", "event": "watch_tick", "message": "generated_at=2026-07-02 00:40:39 completed_passes=5088/5088 activity=stalled"}
{"timestamp": 1782924069.863, "formatted_time": "2026-07-02 00:41:09", "event": "watch_tick", "message": "generated_at=2026-07-02 00:41:09 completed_passes=5088/5088 activity=stalled"}
{"timestamp": 1782924099.975, "formatted_time": "2026-07-02 00:41:39", "event": "watch_tick", "message": "generated_at=2026-07-02 00:41:39 completed_passes=5088/5088 activity=stalled"}
{"timestamp": 1782924130.077, "formatted_time": "2026-07-02 00:42:10", "event": "watch_tick", "message": "generated_at=2026-07-02 00:42:09 completed_passes=5088/5088 activity=stalled"}
{"timestamp": 1782924160.18, "formatted_time": "2026-07-02 00:42:40", "event": "watch_tick", "message": "generated_at=2026-07-02 00:42:40 completed_passes=5088/5088 activity=stalled"}
{"timestamp": 1782924190.28, "formatted_time": "2026-07-02 00:43:10", "event": "watch_tick", "message": "generated_at=2026-07-02 00:43:10 completed_passes=5088/5088 activity=stalled"}
{"timestamp": 1782924220.386, "formatted_time": "2026-07-02 00:43:40", "event": "watch_tick", "message": "generated_at=2026-07-02 00:43:40 completed_passes=5088/5088 activity=stalled"}
{"timestamp": 1782924250.483, "formatted_time": "2026-07-02 00:44:10", "event": "watch_tick", "message": "generated_at=2026-07-02 00:44:10 completed_passes=5088/5088 activity=stalled"}
{"timestamp": 1782924280.578, "formatted_time": "2026-07-02 00:44:40", "event": "watch_tick", "message": "generated_at=2026-07-02 00:44:40 completed_passes=5088/5088 activity=stalled"}
{"timestamp": 1782924310.681, "formatted_time": "2026-07-02 00:45:10", "event": "watch_tick", "message": "generated_at=2026-07-02 00:45:10 completed_passes=5088/5088 activity=stalled"}
{"timestamp": 1782924340.783, "formatted_time": "2026-07-02 00:45:40", "event": "watch_tick", "message": "generated_at=2026-07-02 00:45:40 completed_passes=5088/5088 activity=stalled"}
{"timestamp": 1782924370.884, "formatted_time": "2026-07-02 00:46:10", "event": "watch_tick", "message": "generated_at=2026-07-02 00:46:10 completed_passes=5088/5088 activity=stalled"}
{"timestamp": 1782924400.997, "formatted_time": "2026-07-02 00:46:40", "event": "watch_tick", "message": "generated_at=2026-07-02 00:46:40 completed_passes=5088/5088 activity=stalled"}
{"timestamp": 1782924431.098, "formatted_time": "2026-07-02 00:47:11", "event": "watch_tick", "message": "generated_at=2026-07-02 00:47:11 completed_passes=5088/5088 activity=stalled"}
{"timestamp": 1782924461.203, "formatted_time": "2026-07-02 00:47:41", "event": "watch_tick", "message": "generated_at=2026-07-02 00:47:41 completed_passes=5088/5088 activity=stalled"}
{"timestamp": 1782924491.302, "formatted_time": "2026-07-02 00:48:11", "event": "watch_tick", "message": "generated_at=2026-07-02 00:48:11 completed_passes=5088/5088 activity=stalled"}
{"timestamp": 1782924521.401, "formatted_time": "2026-07-02 00:48:41", "event": "watch_tick", "message": "generated_at=2026-07-02 00:48:41 completed_passes=5088/5088 activity=stalled"}
{"timestamp": 1782924551.738, "formatted_time": "2026-07-02 00:49:11", "event": "watch_tick", "message": "generated_at=2026-07-02 00:49:11 completed_passes=5088/5088 activity=stalled"}
{"timestamp": 1782924581.841, "formatted_time": "2026-07-02 00:49:41", "event": "watch_tick", "message": "generated_at=2026-07-02 00:49:41 completed_passes=5088/5088 activity=stalled"}
{"timestamp": 1782924611.944, "formatted_time": "2026-07-02 00:50:11", "event": "watch_tick", "message": "generated_at=2026-07-02 00:50:11 completed_passes=5088/5088 activity=stalled"}
{"timestamp": 1782924642.043, "formatted_time": "2026-07-02 00:50:42", "event": "watch_tick", "message": "generated_at=2026-07-02 00:50:41 completed_passes=5088/5088 activity=stalled"}
{"timestamp": 1782924672.144, "formatted_time": "2026-07-02 00:51:12", "event": "watch_tick", "message": "generated_at=2026-07-02 00:51:12 completed_passes=5088/5088 activity=stalled"}
{"timestamp": 1782924702.242, "formatted_time": "2026-07-02 00:51:42", "event": "watch_tick", "message": "generated_at=2026-07-02 00:51:42 completed_passes=5088/5088 activity=stalled"}
{"timestamp": 1782924732.339, "formatted_time": "2026-07-02 00:52:12", "event": "watch_tick", "message": "generated_at=2026-07-02 00:52:12 completed_passes=5088/5088 activity=stalled"}
{"timestamp": 1782924762.452, "formatted_time": "2026-07-02 00:52:42", "event": "watch_tick", "message": "generated_at=2026-07-02 00:52:42 completed_passes=5088/5088 activity=stalled"}
{"timestamp": 1782924792.555, "formatted_time": "2026-07-02 00:53:12", "event": "watch_tick", "message": "generated_at=2026-07-02 00:53:12 completed_passes=5088/5088 activity=stalled"}
{"timestamp": 1782924822.653, "formatted_time": "2026-07-02 00:53:42", "event": "watch_tick", "message": "generated_at=2026-07-02 00:53:42 completed_passes=5088/5088 activity=stalled"}
{"timestamp": 1782924852.757, "formatted_time": "2026-07-02 00:54:12", "event": "watch_tick", "message": "generated_at=2026-07-02 00:54:12 completed_passes=5088/5088 activity=stalled"}
{"timestamp": 1782924882.858, "formatted_time": "2026-07-02 00:54:42", "event": "watch_tick", "message": "generated_at=2026-07-02 00:54:42 completed_passes=5088/5088 activity=stalled"}
{"timestamp": 1782924912.958, "formatted_time": "2026-07-02 00:55:12", "event": "watch_tick", "message": "generated_at=2026-07-02 00:55:12 completed_passes=5088/5088 activity=stalled"}
{"timestamp": 1782924943.041, "formatted_time": "2026-07-02 00:55:43", "event": "watch_tick", "message": "generated_at=2026-07-02 00:55:42 completed_passes=5088/5088 activity=stalled"}
{"timestamp": 1782924973.156, "formatted_time": "2026-07-02 00:56:13", "event": "watch_tick", "message": "generated_at=2026-07-02 00:56:13 completed_passes=5088/5088 activity=stalled"}
{"timestamp": 1782925003.266, "formatted_time": "2026-07-02 00:56:43", "event": "watch_tick", "message": "generated_at=2026-07-02 00:56:43 completed_passes=5088/5088 activity=stalled"}
{"timestamp": 1782925033.371, "formatted_time": "2026-07-02 00:57:13", "event": "watch_tick", "message": "generated_at=2026-07-02 00:57:13 completed_passes=5088/5088 activity=stalled"}
{"timestamp": 1782925063.473, "formatted_time": "2026-07-02 00:57:43", "event": "watch_tick", "message": "generated_at=2026-07-02 00:57:43 completed_passes=5088/5088 activity=stalled"}
{"timestamp": 1782925093.571, "formatted_time": "2026-07-02 00:58:13", "event": "watch_tick", "message": "generated_at=2026-07-02 00:58:13 completed_passes=5088/5088 activity=stalled"}
{"timestamp": 1782925123.663, "formatted_time": "2026-07-02 00:58:43", "event": "watch_tick", "message": "generated_at=2026-07-02 00:58:43 completed_passes=5088/5088 activity=stalled"}
{"timestamp": 1782925153.761, "formatted_time": "2026-07-02 00:59:13", "event": "watch_tick", "message": "generated_at=2026-07-02 00:59:13 completed_passes=5088/5088 activity=stalled"}
{"timestamp": 1782925183.862, "formatted_time": "2026-07-02 00:59:43", "event": "watch_tick", "message": "generated_at=2026-07-02 00:59:43 completed_passes=5088/5088 activity=stalled"}
{"timestamp": 1782925214.003, "formatted_time": "2026-07-02 01:00:14", "event": "watch_tick", "message": "generated_at=2026-07-02 01:00:13 completed_passes=5088/5088 activity=stalled"}
{"timestamp": 1782925244.106, "formatted_time": "2026-07-02 01:00:44", "event": "watch_tick", "message": "generated_at=2026-07-02 01:00:44 completed_passes=5088/5088 activity=stalled"}
{"timestamp": 1782925274.206, "formatted_time": "2026-07-02 01:01:14", "event": "watch_tick", "message": "generated_at=2026-07-02 01:01:14 completed_passes=5088/5088 activity=stalled"}
{"timestamp": 1782925304.305, "formatted_time": "2026-07-02 01:01:44", "event": "watch_tick", "message": "generated_at=2026-07-02 01:01:44 completed_passes=5088/5088 activity=stalled"}
{"timestamp": 1782925334.405, "formatted_time": "2026-07-02 01:02:14", "event": "watch_tick", "message": "generated_at=2026-07-02 01:02:14 completed_passes=5088/5088 activity=stalled"}
{"timestamp": 1782925364.515, "formatted_time": "2026-07-02 01:02:44", "event": "watch_tick", "message": "generated_at=2026-07-02 01:02:44 completed_passes=5088/5088 activity=stalled"}
{"timestamp": 1782925394.611, "formatted_time": "2026-07-02 01:03:14", "event": "watch_tick", "message": "generated_at=2026-07-02 01:03:14 completed_passes=5088/5088 activity=stalled"}
{"timestamp": 1782925424.712, "formatted_time": "2026-07-02 01:03:44", "event": "watch_tick", "message": "generated_at=2026-07-02 01:03:44 completed_passes=5088/5088 activity=stalled"}
{"timestamp": 1782925454.811, "formatted_time": "2026-07-02 01:04:14", "event": "watch_tick", "message": "generated_at=2026-07-02 01:04:14 completed_passes=5088/5088 activity=stalled"}
{"timestamp": 1782925484.908, "formatted_time": "2026-07-02 01:04:44", "event": "watch_tick", "message": "generated_at=2026-07-02 01:04:44 completed_passes=5088/5088 activity=stalled"}
{"timestamp": 1782925515.033, "formatted_time": "2026-07-02 01:05:15", "event": "watch_tick", "message": "generated_at=2026-07-02 01:05:14 completed_passes=5088/5088 activity=stalled"}
{"timestamp": 1782925545.142, "formatted_time": "2026-07-02 01:05:45", "event": "watch_tick", "message": "generated_at=2026-07-02 01:05:45 completed_passes=5088/5088 activity=stalled"}
{"timestamp": 1782925575.355, "formatted_time": "2026-07-02 01:06:15", "event": "watch_tick", "message": "generated_at=2026-07-02 01:06:15 completed_passes=5088/5088 activity=stalled"}
{"timestamp": 1782925605.458, "formatted_time": "2026-07-02 01:06:45", "event": "watch_tick", "message": "generated_at=2026-07-02 01:06:45 completed_passes=5088/5088 activity=stalled"}
{"timestamp": 1782925635.557, "formatted_time": "2026-07-02 01:07:15", "event": "watch_tick", "message": "generated_at=2026-07-02 01:07:15 completed_passes=5088/5088 activity=stalled"}
{"timestamp": 1782925665.654, "formatted_time": "2026-07-02 01:07:45", "event": "watch_tick", "message": "generated_at=2026-07-02 01:07:45 completed_passes=5088/5088 activity=stalled"}
{"timestamp": 1782925695.754, "formatted_time": "2026-07-02 01:08:15", "event": "watch_tick", "message": "generated_at=2026-07-02 01:08:15 completed_passes=5088/5088 activity=stalled"}
{"timestamp": 1782925725.857, "formatted_time": "2026-07-02 01:08:45", "event": "watch_tick", "message": "generated_at=2026-07-02 01:08:45 completed_passes=5088/5088 activity=stalled"}
{"timestamp": 1782925755.947, "formatted_time": "2026-07-02 01:09:15", "event": "watch_tick", "message": "generated_at=2026-07-02 01:09:15 completed_passes=5088/5088 activity=stalled"}
{"timestamp": 1782925786.05, "formatted_time": "2026-07-02 01:09:46", "event": "watch_tick", "message": "generated_at=2026-07-02 01:09:45 completed_passes=5088/5088 activity=stalled"}
{"timestamp": 1782925816.174, "formatted_time": "2026-07-02 01:10:16", "event": "watch_tick", "message": "generated_at=2026-07-02 01:10:16 completed_passes=5088/5088 activity=stalled"}
{"timestamp": 1782925846.278, "formatted_time": "2026-07-02 01:10:46", "event": "watch_tick", "message": "generated_at=2026-07-02 01:10:46 completed_passes=5088/5088 activity=stalled"}
{"timestamp": 1782925876.375, "formatted_time": "2026-07-02 01:11:16", "event": "watch_tick", "message": "generated_at=2026-07-02 01:11:16 completed_passes=5088/5088 activity=stalled"}
{"timestamp": 1782925906.475, "formatted_time": "2026-07-02 01:11:46", "event": "watch_tick", "message": "generated_at=2026-07-02 01:11:46 completed_passes=5088/5088 activity=stalled"}
{"timestamp": 1782925936.571, "formatted_time": "2026-07-02 01:12:16", "event": "watch_tick", "message": "generated_at=2026-07-02 01:12:16 completed_passes=5088/5088 activity=stalled"}
{"timestamp": 1782925966.713, "formatted_time": "2026-07-02 01:12:46", "event": "watch_tick", "message": "generated_at=2026-07-02 01:12:46 completed_passes=5088/5088 activity=stalled"}
{"timestamp": 1782925996.813, "formatted_time": "2026-07-02 01:13:16", "event": "watch_tick", "message": "generated_at=2026-07-02 01:13:16 completed_passes=5088/5088 activity=stalled"}
{"timestamp": 1782926026.916, "formatted_time": "2026-07-02 01:13:46", "event": "watch_tick", "message": "generated_at=2026-07-02 01:13:46 completed_passes=5088/5088 activity=stalled"}
{"timestamp": 1782926057.034, "formatted_time": "2026-07-02 01:14:17", "event": "watch_tick", "message": "generated_at=2026-07-02 01:14:16 completed_passes=5088/5088 activity=stalled"}
{"timestamp": 1782926087.133, "formatted_time": "2026-07-02 01:14:47", "event": "watch_tick", "message": "generated_at=2026-07-02 01:14:47 completed_passes=5088/5088 activity=stalled"}
{"timestamp": 1782926117.207, "formatted_time": "2026-07-02 01:15:17", "event": "watch_tick", "message": "generated_at=2026-07-02 01:15:17 completed_passes=5088/5088 activity=stalled"}
{"timestamp": 1782926147.288, "formatted_time": "2026-07-02 01:15:47", "event": "watch_tick", "message": "generated_at=2026-07-02 01:15:47 completed_passes=5088/5088 activity=stalled"}
{"timestamp": 1782926177.385, "formatted_time": "2026-07-02 01:16:17", "event": "watch_tick", "message": "generated_at=2026-07-02 01:16:17 completed_passes=5088/5088 activity=stalled"}
{"timestamp": 1782926207.486, "formatted_time": "2026-07-02 01:16:47", "event": "watch_tick", "message": "generated_at=2026-07-02 01:16:47 completed_passes=5088/5088 activity=stalled"}
{"timestamp": 1782926237.582, "formatted_time": "2026-07-02 01:17:17", "event": "watch_tick", "message": "generated_at=2026-07-02 01:17:17 completed_passes=5088/5088 activity=stalled"}
{"timestamp": 1782926267.695, "formatted_time": "2026-07-02 01:17:47", "event": "watch_tick", "message": "generated_at=2026-07-02 01:17:47 completed_passes=5088/5088 activity=stalled"}
{"timestamp": 1782926297.79, "formatted_time": "2026-07-02 01:18:17", "event": "watch_tick", "message": "generated_at=2026-07-02 01:18:17 completed_passes=5088/5088 activity=stalled"}
{"timestamp": 1782926327.888, "formatted_time": "2026-07-02 01:18:47", "event": "watch_tick", "message": "generated_at=2026-07-02 01:18:47 completed_passes=5088/5088 activity=stalled"}
{"timestamp": 1782926357.984, "formatted_time": "2026-07-02 01:19:17", "event": "watch_tick", "message": "generated_at=2026-07-02 01:19:17 completed_passes=5088/5088 activity=stalled"}
{"timestamp": 1782926388.074, "formatted_time": "2026-07-02 01:19:48", "event": "watch_tick", "message": "generated_at=2026-07-02 01:19:47 completed_passes=5088/5088 activity=stalled"}
{"timestamp": 1782926418.171, "formatted_time": "2026-07-02 01:20:18", "event": "watch_tick", "message": "generated_at=2026-07-02 01:20:18 completed_passes=5088/5088 activity=stalled"}
{"timestamp": 1782926448.27, "formatted_time": "2026-07-02 01:20:48", "event": "watch_tick", "message": "generated_at=2026-07-02 01:20:48 completed_passes=5088/5088 activity=stalled"}
{"timestamp": 1782926478.369, "formatted_time": "2026-07-02 01:21:18", "event": "watch_tick", "message": "generated_at=2026-07-02 01:21:18 completed_passes=5088/5088 activity=stalled"}
{"timestamp": 1782926508.467, "formatted_time": "2026-07-02 01:21:48", "event": "watch_tick", "message": "generated_at=2026-07-02 01:21:48 completed_passes=5088/5088 activity=stalled"}
{"timestamp": 1782926538.564, "formatted_time": "2026-07-02 01:22:18", "event": "watch_tick", "message": "generated_at=2026-07-02 01:22:18 completed_passes=5088/5088 activity=stalled"}
{"timestamp": 1782926568.661, "formatted_time": "2026-07-02 01:22:48", "event": "watch_tick", "message": "generated_at=2026-07-02 01:22:48 completed_passes=5088/5088 activity=stalled"}
{"timestamp": 1782926598.76, "formatted_time": "2026-07-02 01:23:18", "event": "watch_tick", "message": "generated_at=2026-07-02 01:23:18 completed_passes=5088/5088 activity=stalled"}
{"timestamp": 1782926628.855, "formatted_time": "2026-07-02 01:23:48", "event": "watch_tick", "message": "generated_at=2026-07-02 01:23:48 completed_passes=5088/5088 activity=stalled"}
{"timestamp": 1782926658.951, "formatted_time": "2026-07-02 01:24:18", "event": "watch_tick", "message": "generated_at=2026-07-02 01:24:18 completed_passes=5088/5088 activity=stalled"}
{"timestamp": 1782926689.039, "formatted_time": "2026-07-02 01:24:49", "event": "watch_tick", "message": "generated_at=2026-07-02 01:24:48 completed_passes=5088/5088 activity=stalled"}
{"timestamp": 1782926719.136, "formatted_time": "2026-07-02 01:25:19", "event": "watch_tick", "message": "generated_at=2026-07-02 01:25:19 completed_passes=5088/5088 activity=stalled"}
{"timestamp": 1782926749.231, "formatted_time": "2026-07-02 01:25:49", "event": "watch_tick", "message": "generated_at=2026-07-02 01:25:49 completed_passes=5088/5088 activity=stalled"}
{"timestamp": 1782926779.331, "formatted_time": "2026-07-02 01:26:19", "event": "watch_tick", "message": "generated_at=2026-07-02 01:26:19 completed_passes=5088/5088 activity=stalled"}
{"timestamp": 1782926816.613, "formatted_time": "2026-07-02 01:26:56", "event": "watch_tick", "message": "generated_at=2026-07-02 01:26:56 completed_passes=5088/5088 activity=stalled"}
{"timestamp": 1782926846.713, "formatted_time": "2026-07-02 01:27:26", "event": "watch_tick", "message": "generated_at=2026-07-02 01:27:26 completed_passes=5088/5088 activity=stalled"}
{"timestamp": 1782926876.819, "formatted_time": "2026-07-02 01:27:56", "event": "watch_tick", "message": "generated_at=2026-07-02 01:27:56 completed_passes=5088/5088 activity=stalled"}
{"timestamp": 1782926906.916, "formatted_time": "2026-07-02 01:28:26", "event": "watch_tick", "message": "generated_at=2026-07-02 01:28:26 completed_passes=5088/5088 activity=stalled"}
{"timestamp": 1782926937.013, "formatted_time": "2026-07-02 01:28:57", "event": "watch_tick", "message": "generated_at=2026-07-02 01:28:56 completed_passes=5088/5088 activity=stalled"}
{"timestamp": 1782926967.105, "formatted_time": "2026-07-02 01:29:27", "event": "watch_tick", "message": "generated_at=2026-07-02 01:29:27 completed_passes=5088/5088 activity=stalled"}
{"timestamp": 1782926997.202, "formatted_time": "2026-07-02 01:29:57", "event": "watch_tick", "message": "generated_at=2026-07-02 01:29:57 completed_passes=5088/5088 activity=stalled"}
{"timestamp": 1782927027.305, "formatted_time": "2026-07-02 01:30:27", "event": "watch_tick", "message": "generated_at=2026-07-02 01:30:27 completed_passes=5088/5088 activity=stalled"}
{"timestamp": 1782927057.399, "formatted_time": "2026-07-02 01:30:57", "event": "watch_tick", "message": "generated_at=2026-07-02 01:30:57 completed_passes=5088/5088 activity=stalled"}
{"timestamp": 1782927087.6, "formatted_time": "2026-07-02 01:31:27", "event": "watch_tick", "message": "generated_at=2026-07-02 01:31:27 completed_passes=5088/5088 activity=stalled"}
{"timestamp": 1782927117.713, "formatted_time": "2026-07-02 01:31:57", "event": "watch_tick", "message": "generated_at=2026-07-02 01:31:57 completed_passes=5088/5088 activity=stalled"}
{"timestamp": 1782927147.834, "formatted_time": "2026-07-02 01:32:27", "event": "watch_tick", "message": "generated_at=2026-07-02 01:32:27 completed_passes=5088/5088 activity=stalled"}
{"timestamp": 1782927177.931, "formatted_time": "2026-07-02 01:32:57", "event": "watch_tick", "message": "generated_at=2026-07-02 01:32:57 completed_passes=5088/5088 activity=stalled"}
{"timestamp": 1782927208.037, "formatted_time": "2026-07-02 01:33:28", "event": "watch_tick", "message": "generated_at=2026-07-02 01:33:27 completed_passes=5088/5088 activity=stalled"}
{"timestamp": 1782927238.143, "formatted_time": "2026-07-02 01:33:58", "event": "watch_tick", "message": "generated_at=2026-07-02 01:33:58 completed_passes=5088/5088 activity=stalled"}
{"timestamp": 1782927268.242, "formatted_time": "2026-07-02 01:34:28", "event": "watch_tick", "message": "generated_at=2026-07-02 01:34:28 completed_passes=5088/5088 activity=stalled"}
{"timestamp": 1782927298.34, "formatted_time": "2026-07-02 01:34:58", "event": "watch_tick", "message": "generated_at=2026-07-02 01:34:58 completed_passes=5088/5088 activity=stalled"}
{"timestamp": 1782927328.429, "formatted_time": "2026-07-02 01:35:28", "event": "watch_tick", "message": "generated_at=2026-07-02 01:35:28 completed_passes=5088/5088 activity=stalled"}
{"timestamp": 1782927358.52, "formatted_time": "2026-07-02 01:35:58", "event": "watch_tick", "message": "generated_at=2026-07-02 01:35:58 completed_passes=5088/5088 activity=stalled"}
{"timestamp": 1782927388.622, "formatted_time": "2026-07-02 01:36:28", "event": "watch_tick", "message": "generated_at=2026-07-02 01:36:28 completed_passes=5088/5088 activity=stalled"}
{"timestamp": 1782927418.712, "formatted_time": "2026-07-02 01:36:58", "event": "watch_tick", "message": "generated_at=2026-07-02 01:36:58 completed_passes=5088/5088 activity=stalled"}
{"timestamp": 1782927448.807, "formatted_time": "2026-07-02 01:37:28", "event": "watch_tick", "message": "generated_at=2026-07-02 01:37:28 completed_passes=5088/5088 activity=stalled"}
{"timestamp": 1782927478.907, "formatted_time": "2026-07-02 01:37:58", "event": "watch_tick", "message": "generated_at=2026-07-02 01:37:58 completed_passes=5088/5088 activity=stalled"}
{"timestamp": 1782927509.021, "formatted_time": "2026-07-02 01:38:29", "event": "watch_tick", "message": "generated_at=2026-07-02 01:38:28 completed_passes=5088/5088 activity=stalled"}
{"timestamp": 1782927539.108, "formatted_time": "2026-07-02 01:38:59", "event": "watch_tick", "message": "generated_at=2026-07-02 01:38:59 completed_passes=5088/5088 activity=stalled"}
{"timestamp": 1782927569.207, "formatted_time": "2026-07-02 01:39:29", "event": "watch_tick", "message": "generated_at=2026-07-02 01:39:29 completed_passes=5088/5088 activity=stalled"}
{"timestamp": 1782927599.311, "formatted_time": "2026-07-02 01:39:59", "event": "watch_tick", "message": "generated_at=2026-07-02 01:39:59 completed_passes=5088/5088 activity=stalled"}
{"timestamp": 1782927629.408, "formatted_time": "2026-07-02 01:40:29", "event": "watch_tick", "message": "generated_at=2026-07-02 01:40:29 completed_passes=5088/5088 activity=stalled"}
{"timestamp": 1782927659.515, "formatted_time": "2026-07-02 01:40:59", "event": "watch_tick", "message": "generated_at=2026-07-02 01:40:59 completed_passes=5088/5088 activity=stalled"}
{"timestamp": 1782927689.85, "formatted_time": "2026-07-02 01:41:29", "event": "watch_tick", "message": "generated_at=2026-07-02 01:41:29 completed_passes=5088/5088 activity=stalled"}
{"timestamp": 1782927719.952, "formatted_time": "2026-07-02 01:41:59", "event": "watch_tick", "message": "generated_at=2026-07-02 01:41:59 completed_passes=5088/5088 activity=stalled"}
{"timestamp": 1782927750.058, "formatted_time": "2026-07-02 01:42:30", "event": "watch_tick", "message": "generated_at=2026-07-02 01:42:29 completed_passes=5088/5088 activity=stalled"}
{"timestamp": 1782927780.153, "formatted_time": "2026-07-02 01:43:00", "event": "watch_tick", "message": "generated_at=2026-07-02 01:43:00 completed_passes=5088/5088 activity=stalled"}
{"timestamp": 1782927810.252, "formatted_time": "2026-07-02 01:43:30", "event": "watch_tick", "message": "generated_at=2026-07-02 01:43:30 completed_passes=5088/5088 activity=stalled"}
{"timestamp": 1782927840.363, "formatted_time": "2026-07-02 01:44:00", "event": "watch_tick", "message": "generated_at=2026-07-02 01:44:00 completed_passes=5088/5088 activity=stalled"}
{"timestamp": 1782927870.462, "formatted_time": "2026-07-02 01:44:30", "event": "watch_tick", "message": "generated_at=2026-07-02 01:44:30 completed_passes=5088/5088 activity=stalled"}
{"timestamp": 1782927900.566, "formatted_time": "2026-07-02 01:45:00", "event": "watch_tick", "message": "generated_at=2026-07-02 01:45:00 completed_passes=5088/5088 activity=stalled"}
{"timestamp": 1782927930.665, "formatted_time": "2026-07-02 01:45:30", "event": "watch_tick", "message": "generated_at=2026-07-02 01:45:30 completed_passes=5088/5088 activity=stalled"}
{"timestamp": 1782927960.769, "formatted_time": "2026-07-02 01:46:00", "event": "watch_tick", "message": "generated_at=2026-07-02 01:46:00 completed_passes=5088/5088 activity=stalled"}
{"timestamp": 1782927990.875, "formatted_time": "2026-07-02 01:46:30", "event": "watch_tick", "message": "generated_at=2026-07-02 01:46:30 completed_passes=5088/5088 activity=stalled"}
{"timestamp": 1782928020.976, "formatted_time": "2026-07-02 01:47:00", "event": "watch_tick", "message": "generated_at=2026-07-02 01:47:00 completed_passes=5088/5088 activity=stalled"}
{"timestamp": 1782928051.078, "formatted_time": "2026-07-02 01:47:31", "event": "watch_tick", "message": "generated_at=2026-07-02 01:47:30 completed_passes=5088/5088 activity=stalled"}
{"timestamp": 1782928081.179, "formatted_time": "2026-07-02 01:48:01", "event": "watch_tick", "message": "generated_at=2026-07-02 01:48:01 completed_passes=5088/5088 activity=stalled"}
{"timestamp": 1782928111.281, "formatted_time": "2026-07-02 01:48:31", "event": "watch_tick", "message": "generated_at=2026-07-02 01:48:31 completed_passes=5088/5088 activity=stalled"}
{"timestamp": 1782928141.383, "formatted_time": "2026-07-02 01:49:01", "event": "watch_tick", "message": "generated_at=2026-07-02 01:49:01 completed_passes=5088/5088 activity=stalled"}
{"timestamp": 1782928171.49, "formatted_time": "2026-07-02 01:49:31", "event": "watch_tick", "message": "generated_at=2026-07-02 01:49:31 completed_passes=5088/5088 activity=stalled"}
{"timestamp": 1782928201.594, "formatted_time": "2026-07-02 01:50:01", "event": "watch_tick", "message": "generated_at=2026-07-02 01:50:01 completed_passes=5088/5088 activity=stalled"}
{"timestamp": 1782928231.699, "formatted_time": "2026-07-02 01:50:31", "event": "watch_tick", "message": "generated_at=2026-07-02 01:50:31 completed_passes=5088/5088 activity=stalled"}
{"timestamp": 1782928261.802, "formatted_time": "2026-07-02 01:51:01", "event": "watch_tick", "message": "generated_at=2026-07-02 01:51:01 completed_passes=5088/5088 activity=stalled"}
{"timestamp": 1782928291.904, "formatted_time": "2026-07-02 01:51:31", "event": "watch_tick", "message": "generated_at=2026-07-02 01:51:31 completed_passes=5088/5088 activity=stalled"}
{"timestamp": 1782928322.023, "formatted_time": "2026-07-02 01:52:02", "event": "watch_tick", "message": "generated_at=2026-07-02 01:52:01 completed_passes=5088/5088 activity=stalled"}
{"timestamp": 1782928352.128, "formatted_time": "2026-07-02 01:52:32", "event": "watch_tick", "message": "generated_at=2026-07-02 01:52:32 completed_passes=5088/5088 activity=stalled"}
{"timestamp": 1782928382.228, "formatted_time": "2026-07-02 01:53:02", "event": "watch_tick", "message": "generated_at=2026-07-02 01:53:02 completed_passes=5088/5088 activity=stalled"}
{"timestamp": 1782928412.332, "formatted_time": "2026-07-02 01:53:32", "event": "watch_tick", "message": "generated_at=2026-07-02 01:53:32 completed_passes=5088/5088 activity=stalled"}
{"timestamp": 1782928442.427, "formatted_time": "2026-07-02 01:54:02", "event": "watch_tick", "message": "generated_at=2026-07-02 01:54:02 completed_passes=5088/5088 activity=stalled"}
{"timestamp": 1782928472.52, "formatted_time": "2026-07-02 01:54:32", "event": "watch_tick", "message": "generated_at=2026-07-02 01:54:32 completed_passes=5088/5088 activity=stalled"}
{"timestamp": 1782928502.623, "formatted_time": "2026-07-02 01:55:02", "event": "watch_tick", "message": "generated_at=2026-07-02 01:55:02 completed_passes=5088/5088 activity=stalled"}
{"timestamp": 1782928532.732, "formatted_time": "2026-07-02 01:55:32", "event": "watch_tick", "message": "generated_at=2026-07-02 01:55:32 completed_passes=5088/5088 activity=stalled"}
{"timestamp": 1782928562.833, "formatted_time": "2026-07-02 01:56:02", "event": "watch_tick", "message": "generated_at=2026-07-02 01:56:02 completed_passes=5088/5088 activity=stalled"}
{"timestamp": 1782928592.936, "formatted_time": "2026-07-02 01:56:32", "event": "watch_tick", "message": "generated_at=2026-07-02 01:56:32 completed_passes=5088/5088 activity=stalled"}
{"timestamp": 1782928623.01, "formatted_time": "2026-07-02 01:57:03", "event": "watch_tick", "message": "generated_at=2026-07-02 01:57:02 completed_passes=5088/5088 activity=stalled"}
{"timestamp": 1782928653.111, "formatted_time": "2026-07-02 01:57:33", "event": "watch_tick", "message": "generated_at=2026-07-02 01:57:33 completed_passes=5088/5088 activity=stalled"}
{"timestamp": 1782928683.223, "formatted_time": "2026-07-02 01:58:03", "event": "watch_tick", "message": "generated_at=2026-07-02 01:58:03 completed_passes=5088/5088 activity=stalled"}
{"timestamp": 1782928713.326, "formatted_time": "2026-07-02 01:58:33", "event": "watch_tick", "message": "generated_at=2026-07-02 01:58:33 completed_passes=5088/5088 activity=stalled"}
{"timestamp": 1782928743.429, "formatted_time": "2026-07-02 01:59:03", "event": "watch_tick", "message": "generated_at=2026-07-02 01:59:03 completed_passes=5088/5088 activity=stalled"}
{"timestamp": 1782928773.528, "formatted_time": "2026-07-02 01:59:33", "event": "watch_tick", "message": "generated_at=2026-07-02 01:59:33 completed_passes=5088/5088 activity=stalled"}
{"timestamp": 1782928803.63, "formatted_time": "2026-07-02 02:00:03", "event": "watch_tick", "message": "generated_at=2026-07-02 02:00:03 completed_passes=5088/5088 activity=stalled"}
{"timestamp": 1782928833.729, "formatted_time": "2026-07-02 02:00:33", "event": "watch_tick", "message": "generated_at=2026-07-02 02:00:33 completed_passes=5088/5088 activity=stalled"}
{"timestamp": 1782928863.831, "formatted_time": "2026-07-02 02:01:03", "event": "watch_tick", "message": "generated_at=2026-07-02 02:01:03 completed_passes=5088/5088 activity=stalled"}
{"timestamp": 1782928893.939, "formatted_time": "2026-07-02 02:01:33", "event": "watch_tick", "message": "generated_at=2026-07-02 02:01:33 completed_passes=5088/5088 activity=stalled"}
{"timestamp": 1782928924.041, "formatted_time": "2026-07-02 02:02:04", "event": "watch_tick", "message": "generated_at=2026-07-02 02:02:03 completed_passes=5088/5088 activity=stalled"}
{"timestamp": 1782928954.143, "formatted_time": "2026-07-02 02:02:34", "event": "watch_tick", "message": "generated_at=2026-07-02 02:02:34 completed_passes=5088/5088 activity=stalled"}
{"timestamp": 1782928984.242, "formatted_time": "2026-07-02 02:03:04", "event": "watch_tick", "message": "generated_at=2026-07-02 02:03:04 completed_passes=5088/5088 activity=stalled"}
{"timestamp": 1782929014.345, "formatted_time": "2026-07-02 02:03:34", "event": "watch_tick", "message": "generated_at=2026-07-02 02:03:34 completed_passes=5088/5088 activity=stalled"}
{"timestamp": 1782929044.447, "formatted_time": "2026-07-02 02:04:04", "event": "watch_tick", "message": "generated_at=2026-07-02 02:04:04 completed_passes=5088/5088 activity=stalled"}
{"timestamp": 1782929074.548, "formatted_time": "2026-07-02 02:04:34", "event": "watch_tick", "message": "generated_at=2026-07-02 02:04:34 completed_passes=5088/5088 activity=stalled"}
{"timestamp": 1782929104.647, "formatted_time": "2026-07-02 02:05:04", "event": "watch_tick", "message": "generated_at=2026-07-02 02:05:04 completed_passes=5088/5088 activity=stalled"}
{"timestamp": 1782929134.749, "formatted_time": "2026-07-02 02:05:34", "event": "watch_tick", "message": "generated_at=2026-07-02 02:05:34 completed_passes=5088/5088 activity=stalled"}
{"timestamp": 1782929306.56, "formatted_time": "2026-07-02 02:08:26", "event": "watch_tick", "message": "generated_at=2026-07-02 02:08:26 completed_passes=5088/5088 activity=stalled"}
{"timestamp": 1782929336.66, "formatted_time": "2026-07-02 02:08:56", "event": "watch_tick", "message": "generated_at=2026-07-02 02:08:56 completed_passes=5088/5088 activity=stalled"}
{"timestamp": 1782929366.758, "formatted_time": "2026-07-02 02:09:26", "event": "watch_tick", "message": "generated_at=2026-07-02 02:09:26 completed_passes=5088/5088 activity=stalled"}
{"timestamp": 1782929396.856, "formatted_time": "2026-07-02 02:09:56", "event": "watch_tick", "message": "generated_at=2026-07-02 02:09:56 completed_passes=5088/5088 activity=stalled"}
{"timestamp": 1782929426.948, "formatted_time": "2026-07-02 02:10:26", "event": "watch_tick", "message": "generated_at=2026-07-02 02:10:26 completed_passes=5088/5088 activity=stalled"}
{"timestamp": 1782929457.042, "formatted_time": "2026-07-02 02:10:57", "event": "watch_tick", "message": "generated_at=2026-07-02 02:10:56 completed_passes=5088/5088 activity=stalled"}
{"timestamp": 1782929487.136, "formatted_time": "2026-07-02 02:11:27", "event": "watch_tick", "message": "generated_at=2026-07-02 02:11:27 completed_passes=5088/5088 activity=stalled"}
{"timestamp": 1782929517.235, "formatted_time": "2026-07-02 02:11:57", "event": "watch_tick", "message": "generated_at=2026-07-02 02:11:57 completed_passes=5088/5088 activity=stalled"}
{"timestamp": 1782929547.331, "formatted_time": "2026-07-02 02:12:27", "event": "watch_tick", "message": "generated_at=2026-07-02 02:12:27 completed_passes=5088/5088 activity=stalled"}
{"timestamp": 1782929577.426, "formatted_time": "2026-07-02 02:12:57", "event": "watch_tick", "message": "generated_at=2026-07-02 02:12:57 completed_passes=5088/5088 activity=stalled"}
{"timestamp": 1782929607.518, "formatted_time": "2026-07-02 02:13:27", "event": "watch_tick", "message": "generated_at=2026-07-02 02:13:27 completed_passes=5088/5088 activity=stalled"}
{"timestamp": 1782929637.622, "formatted_time": "2026-07-02 02:13:57", "event": "watch_tick", "message": "generated_at=2026-07-02 02:13:57 completed_passes=5088/5088 activity=stalled"}
{"timestamp": 1782929667.721, "formatted_time": "2026-07-02 02:14:27", "event": "watch_tick", "message": "generated_at=2026-07-02 02:14:27 completed_passes=5088/5088 activity=stalled"}
{"timestamp": 1782929697.821, "formatted_time": "2026-07-02 02:14:57", "event": "watch_tick", "message": "generated_at=2026-07-02 02:14:57 completed_passes=5088/5088 activity=stalled"}
{"timestamp": 1782929727.932, "formatted_time": "2026-07-02 02:15:27", "event": "watch_tick", "message": "generated_at=2026-07-02 02:15:27 completed_passes=5088/5088 activity=stalled"}
{"timestamp": 1782929758.033, "formatted_time": "2026-07-02 02:15:58", "event": "watch_tick", "message": "generated_at=2026-07-02 02:15:57 completed_passes=5088/5088 activity=stalled"}
{"timestamp": 1782929788.134, "formatted_time": "2026-07-02 02:16:28", "event": "watch_tick", "message": "generated_at=2026-07-02 02:16:28 completed_passes=5088/5088 activity=stalled"}
{"timestamp": 1782929818.235, "formatted_time": "2026-07-02 02:16:58", "event": "watch_tick", "message": "generated_at=2026-07-02 02:16:58 completed_passes=5088/5088 activity=stalled"}
{"timestamp": 1782929848.345, "formatted_time": "2026-07-02 02:17:28", "event": "watch_tick", "message": "generated_at=2026-07-02 02:17:28 completed_passes=5088/5088 activity=stalled"}
{"timestamp": 1782929878.443, "formatted_time": "2026-07-02 02:17:58", "event": "watch_tick", "message": "generated_at=2026-07-02 02:17:58 completed_passes=5088/5088 activity=stalled"}
{"timestamp": 1782929908.543, "formatted_time": "2026-07-02 02:18:28", "event": "watch_tick", "message": "generated_at=2026-07-02 02:18:28 completed_passes=5088/5088 activity=stalled"}
{"timestamp": 1782929938.648, "formatted_time": "2026-07-02 02:18:58", "event": "watch_tick", "message": "generated_at=2026-07-02 02:18:58 completed_passes=5088/5088 activity=stalled"}
{"timestamp": 1782929968.746, "formatted_time": "2026-07-02 02:19:28", "event": "watch_tick", "message": "generated_at=2026-07-02 02:19:28 completed_passes=5088/5088 activity=stalled"}
{"timestamp": 1782929998.842, "formatted_time": "2026-07-02 02:19:58", "event": "watch_tick", "message": "generated_at=2026-07-02 02:19:58 completed_passes=5088/5088 activity=stalled"}
{"timestamp": 1782930028.937, "formatted_time": "2026-07-02 02:20:28", "event": "watch_tick", "message": "generated_at=2026-07-02 02:20:28 completed_passes=5088/5088 activity=stalled"}
{"timestamp": 1782930059.033, "formatted_time": "2026-07-02 02:20:59", "event": "watch_tick", "message": "generated_at=2026-07-02 02:20:58 completed_passes=5088/5088 activity=stalled"}
{"timestamp": 1782930089.134, "formatted_time": "2026-07-02 02:21:29", "event": "watch_tick", "message": "generated_at=2026-07-02 02:21:29 completed_passes=5088/5088 activity=stalled"}
{"timestamp": 1782930119.232, "formatted_time": "2026-07-02 02:21:59", "event": "watch_tick", "message": "generated_at=2026-07-02 02:21:59 completed_passes=5088/5088 activity=stalled"}
{"timestamp": 1782930149.332, "formatted_time": "2026-07-02 02:22:29", "event": "watch_tick", "message": "generated_at=2026-07-02 02:22:29 completed_passes=5088/5088 activity=stalled"}
{"timestamp": 1782930179.454, "formatted_time": "2026-07-02 02:22:59", "event": "watch_tick", "message": "generated_at=2026-07-02 02:22:59 completed_passes=5088/5088 activity=stalled"}
{"timestamp": 1782930209.545, "formatted_time": "2026-07-02 02:23:29", "event": "watch_tick", "message": "generated_at=2026-07-02 02:23:29 completed_passes=5088/5088 activity=stalled"}
{"timestamp": 1782930239.641, "formatted_time": "2026-07-02 02:23:59", "event": "watch_tick", "message": "generated_at=2026-07-02 02:23:59 completed_passes=5088/5088 activity=stalled"}
{"timestamp": 1782930269.738, "formatted_time": "2026-07-02 02:24:29", "event": "watch_tick", "message": "generated_at=2026-07-02 02:24:29 completed_passes=5088/5088 activity=stalled"}
{"timestamp": 1782930299.834, "formatted_time": "2026-07-02 02:24:59", "event": "watch_tick", "message": "generated_at=2026-07-02 02:24:59 completed_passes=5088/5088 activity=stalled"}
{"timestamp": 1782930329.928, "formatted_time": "2026-07-02 02:25:29", "event": "watch_tick", "message": "generated_at=2026-07-02 02:25:29 completed_passes=5088/5088 activity=stalled"}
{"timestamp": 1782930360.028, "formatted_time": "2026-07-02 02:26:00", "event": "watch_tick", "message": "generated_at=2026-07-02 02:25:59 completed_passes=5088/5088 activity=stalled"}
{"timestamp": 1782930390.1, "formatted_time": "2026-07-02 02:26:30", "event": "watch_tick", "message": "generated_at=2026-07-02 02:26:30 completed_passes=5088/5088 activity=stalled"}
{"timestamp": 1782930420.184, "formatted_time": "2026-07-02 02:27:00", "event": "watch_tick", "message": "generated_at=2026-07-02 02:27:00 completed_passes=5088/5088 activity=stalled"}
{"timestamp": 1782930450.268, "formatted_time": "2026-07-02 02:27:30", "event": "watch_tick", "message": "generated_at=2026-07-02 02:27:30 completed_passes=5088/5088 activity=stalled"}
{"timestamp": 1782930480.365, "formatted_time": "2026-07-02 02:28:00", "event": "watch_tick", "message": "generated_at=2026-07-02 02:28:00 completed_passes=5088/5088 activity=stalled"}
{"timestamp": 1782930510.466, "formatted_time": "2026-07-02 02:28:30", "event": "watch_tick", "message": "generated_at=2026-07-02 02:28:30 completed_passes=5088/5088 activity=stalled"}
{"timestamp": 1782930540.567, "formatted_time": "2026-07-02 02:29:00", "event": "watch_tick", "message": "generated_at=2026-07-02 02:29:00 completed_passes=5088/5088 activity=stalled"}
{"timestamp": 1782930570.67, "formatted_time": "2026-07-02 02:29:30", "event": "watch_tick", "message": "generated_at=2026-07-02 02:29:30 completed_passes=5088/5088 activity=stalled"}
{"timestamp": 1782930600.776, "formatted_time": "2026-07-02 02:30:00", "event": "watch_tick", "message": "generated_at=2026-07-02 02:30:00 completed_passes=5088/5088 activity=stalled"}
{"timestamp": 1782930630.877, "formatted_time": "2026-07-02 02:30:30", "event": "watch_tick", "message": "generated_at=2026-07-02 02:30:30 completed_passes=5088/5088 activity=stalled"}
{"timestamp": 1782930660.976, "formatted_time": "2026-07-02 02:31:00", "event": "watch_tick", "message": "generated_at=2026-07-02 02:31:00 completed_passes=5088/5088 activity=stalled"}
{"timestamp": 1782930691.092, "formatted_time": "2026-07-02 02:31:31", "event": "watch_tick", "message": "generated_at=2026-07-02 02:31:30 completed_passes=5088/5088 activity=stalled"}
{"timestamp": 1782930721.201, "formatted_time": "2026-07-02 02:32:01", "event": "watch_tick", "message": "generated_at=2026-07-02 02:32:01 completed_passes=5088/5088 activity=stalled"}
{"timestamp": 1782930751.303, "formatted_time": "2026-07-02 02:32:31", "event": "watch_tick", "message": "generated_at=2026-07-02 02:32:31 completed_passes=5088/5088 activity=stalled"}
{"timestamp": 1782930781.409, "formatted_time": "2026-07-02 02:33:01", "event": "watch_tick", "message": "generated_at=2026-07-02 02:33:01 completed_passes=5088/5088 activity=stalled"}
{"timestamp": 1782930811.507, "formatted_time": "2026-07-02 02:33:31", "event": "watch_tick", "message": "generated_at=2026-07-02 02:33:31 completed_passes=5088/5088 activity=stalled"}
{"timestamp": 1782930841.611, "formatted_time": "2026-07-02 02:34:01", "event": "watch_tick", "message": "generated_at=2026-07-02 02:34:01 completed_passes=5088/5088 activity=stalled"}
{"timestamp": 1782930871.713, "formatted_time": "2026-07-02 02:34:31", "event": "watch_tick", "message": "generated_at=2026-07-02 02:34:31 completed_passes=5088/5088 activity=stalled"}
{"timestamp": 1782930901.814, "formatted_time": "2026-07-02 02:35:01", "event": "watch_tick", "message": "generated_at=2026-07-02 02:35:01 completed_passes=5088/5088 activity=stalled"}
{"timestamp": 1782930931.915, "formatted_time": "2026-07-02 02:35:31", "event": "watch_tick", "message": "generated_at=2026-07-02 02:35:31 completed_passes=5088/5088 activity=stalled"}
{"timestamp": 1782930962.013, "formatted_time": "2026-07-02 02:36:02", "event": "watch_tick", "message": "generated_at=2026-07-02 02:36:01 completed_passes=5088/5088 activity=stalled"}
{"timestamp": 1782930992.112, "formatted_time": "2026-07-02 02:36:32", "event": "watch_tick", "message": "generated_at=2026-07-02 02:36:32 completed_passes=5088/5088 activity=stalled"}
{"timestamp": 1782931022.21, "formatted_time": "2026-07-02 02:37:02", "event": "watch_tick", "message": "generated_at=2026-07-02 02:37:02 completed_passes=5088/5088 activity=stalled"}
{"timestamp": 1782931052.312, "formatted_time": "2026-07-02 02:37:32", "event": "watch_tick", "message": "generated_at=2026-07-02 02:37:32 completed_passes=5088/5088 activity=stalled"}
{"timestamp": 1782931082.411, "formatted_time": "2026-07-02 02:38:02", "event": "watch_tick", "message": "generated_at=2026-07-02 02:38:02 completed_passes=5088/5088 activity=stalled"}
{"timestamp": 1782931112.498, "formatted_time": "2026-07-02 02:38:32", "event": "watch_tick", "message": "generated_at=2026-07-02 02:38:32 completed_passes=5088/5088 activity=stalled"}
{"timestamp": 1782931142.598, "formatted_time": "2026-07-02 02:39:02", "event": "watch_tick", "message": "generated_at=2026-07-02 02:39:02 completed_passes=5088/5088 activity=stalled"}
{"timestamp": 1782931172.698, "formatted_time": "2026-07-02 02:39:32", "event": "watch_tick", "message": "generated_at=2026-07-02 02:39:32 completed_passes=5088/5088 activity=stalled"}
{"timestamp": 1782931202.787, "formatted_time": "2026-07-02 02:40:02", "event": "watch_tick", "message": "generated_at=2026-07-02 02:40:02 completed_passes=5088/5088 activity=stalled"}
{"timestamp": 1782931232.888, "formatted_time": "2026-07-02 02:40:32", "event": "watch_tick", "message": "generated_at=2026-07-02 02:40:32 completed_passes=5088/5088 activity=stalled"}
{"timestamp": 1782931262.986, "formatted_time": "2026-07-02 02:41:02", "event": "watch_tick", "message": "generated_at=2026-07-02 02:41:02 completed_passes=5088/5088 activity=stalled"}
{"timestamp": 1782931293.089, "formatted_time": "2026-07-02 02:41:33", "event": "watch_tick", "message": "generated_at=2026-07-02 02:41:32 completed_passes=5088/5088 activity=stalled"}
{"timestamp": 1782931323.187, "formatted_time": "2026-07-02 02:42:03", "event": "watch_tick", "message": "generated_at=2026-07-02 02:42:03 completed_passes=5088/5088 activity=stalled"}
{"timestamp": 1782931353.288, "formatted_time": "2026-07-02 02:42:33", "event": "watch_tick", "message": "generated_at=2026-07-02 02:42:33 completed_passes=5088/5088 activity=stalled"}
{"timestamp": 1782931383.389, "formatted_time": "2026-07-02 02:43:03", "event": "watch_tick", "message": "generated_at=2026-07-02 02:43:03 completed_passes=5088/5088 activity=stalled"}
{"timestamp": 1782931413.488, "formatted_time": "2026-07-02 02:43:33", "event": "watch_tick", "message": "generated_at=2026-07-02 02:43:33 completed_passes=5088/5088 activity=stalled"}
{"timestamp": 1782931443.59, "formatted_time": "2026-07-02 02:44:03", "event": "watch_tick", "message": "generated_at=2026-07-02 02:44:03 completed_passes=5088/5088 activity=stalled"}
{"timestamp": 1782931473.692, "formatted_time": "2026-07-02 02:44:33", "event": "watch_tick", "message": "generated_at=2026-07-02 02:44:33 completed_passes=5088/5088 activity=stalled"}
{"timestamp": 1782931503.786, "formatted_time": "2026-07-02 02:45:03", "event": "watch_tick", "message": "generated_at=2026-07-02 02:45:03 completed_passes=5088/5088 activity=stalled"}
{"timestamp": 1782931533.88, "formatted_time": "2026-07-02 02:45:33", "event": "watch_tick", "message": "generated_at=2026-07-02 02:45:33 completed_passes=5088/5088 activity=stalled"}
{"timestamp": 1782931563.984, "formatted_time": "2026-07-02 02:46:03", "event": "watch_tick", "message": "generated_at=2026-07-02 02:46:03 completed_passes=5088/5088 activity=stalled"}
{"timestamp": 1782931594.086, "formatted_time": "2026-07-02 02:46:34", "event": "watch_tick", "message": "generated_at=2026-07-02 02:46:33 completed_passes=5088/5088 activity=stalled"}
{"timestamp": 1782931624.184, "formatted_time": "2026-07-02 02:47:04", "event": "watch_tick", "message": "generated_at=2026-07-02 02:47:04 completed_passes=5088/5088 activity=stalled"}
{"timestamp": 1782931654.291, "formatted_time": "2026-07-02 02:47:34", "event": "watch_tick", "message": "generated_at=2026-07-02 02:47:34 completed_passes=5088/5088 activity=stalled"}
{"timestamp": 1782931684.39, "formatted_time": "2026-07-02 02:48:04", "event": "watch_tick", "message": "generated_at=2026-07-02 02:48:04 completed_passes=5088/5088 activity=stalled"}
{"timestamp": 1782931714.493, "formatted_time": "2026-07-02 02:48:34", "event": "watch_tick", "message": "generated_at=2026-07-02 02:48:34 completed_passes=5088/5088 activity=stalled"}
{"timestamp": 1782931744.595, "formatted_time": "2026-07-02 02:49:04", "event": "watch_tick", "message": "generated_at=2026-07-02 02:49:04 completed_passes=5088/5088 activity=stalled"}
{"timestamp": 1782931774.687, "formatted_time": "2026-07-02 02:49:34", "event": "watch_tick", "message": "generated_at=2026-07-02 02:49:34 completed_passes=5088/5088 activity=stalled"}
{"timestamp": 1782931804.786, "formatted_time": "2026-07-02 02:50:04", "event": "watch_tick", "message": "generated_at=2026-07-02 02:50:04 completed_passes=5088/5088 activity=stalled"}
{"timestamp": 1782931834.885, "formatted_time": "2026-07-02 02:50:34", "event": "watch_tick", "message": "generated_at=2026-07-02 02:50:34 completed_passes=5088/5088 activity=stalled"}
{"timestamp": 1782931864.985, "formatted_time": "2026-07-02 02:51:04", "event": "watch_tick", "message": "generated_at=2026-07-02 02:51:04 completed_passes=5088/5088 activity=stalled"}
{"timestamp": 1782931895.087, "formatted_time": "2026-07-02 02:51:35", "event": "watch_tick", "message": "generated_at=2026-07-02 02:51:34 completed_passes=5088/5088 activity=stalled"}
{"timestamp": 1782931925.189, "formatted_time": "2026-07-02 02:52:05", "event": "watch_tick", "message": "generated_at=2026-07-02 02:52:05 completed_passes=5088/5088 activity=stalled"}
{"timestamp": 1782932272.002, "formatted_time": "2026-07-02 02:57:52", "event": "watch_tick", "message": "generated_at=2026-07-02 02:57:51 completed_passes=5088/5088 activity=stalled"}
{"timestamp": 1782932302.094, "formatted_time": "2026-07-02 02:58:22", "event": "watch_tick", "message": "generated_at=2026-07-02 02:58:22 completed_passes=5088/5088 activity=stalled"}
{"timestamp": 1782932332.187, "formatted_time": "2026-07-02 02:58:52", "event": "watch_tick", "message": "generated_at=2026-07-02 02:58:52 completed_passes=5088/5088 activity=stalled"}
{"timestamp": 1782932362.283, "formatted_time": "2026-07-02 02:59:22", "event": "watch_tick", "message": "generated_at=2026-07-02 02:59:22 completed_passes=5088/5088 activity=stalled"}
{"timestamp": 1782932392.378, "formatted_time": "2026-07-02 02:59:52", "event": "watch_tick", "message": "generated_at=2026-07-02 02:59:52 completed_passes=5088/5088 activity=stalled"}
{"timestamp": 1782932422.474, "formatted_time": "2026-07-02 03:00:22", "event": "watch_tick", "message": "generated_at=2026-07-02 03:00:22 completed_passes=5088/5088 activity=stalled"}
{"timestamp": 1782932452.568, "formatted_time": "2026-07-02 03:00:52", "event": "watch_tick", "message": "generated_at=2026-07-02 03:00:52 completed_passes=5088/5088 activity=stalled"}
{"timestamp": 1782932482.665, "formatted_time": "2026-07-02 03:01:22", "event": "watch_tick", "message": "generated_at=2026-07-02 03:01:22 completed_passes=5088/5088 activity=stalled"}
{"timestamp": 1782932512.768, "formatted_time": "2026-07-02 03:01:52", "event": "watch_tick", "message": "generated_at=2026-07-02 03:01:52 completed_passes=5088/5088 activity=stalled"}
{"timestamp": 1782932542.876, "formatted_time": "2026-07-02 03:02:22", "event": "watch_tick", "message": "generated_at=2026-07-02 03:02:22 completed_passes=5088/5088 activity=stalled"}
{"timestamp": 1782932572.966, "formatted_time": "2026-07-02 03:02:52", "event": "watch_tick", "message": "generated_at=2026-07-02 03:02:52 completed_passes=5088/5088 activity=stalled"}
{"timestamp": 1782932603.063, "formatted_time": "2026-07-02 03:03:23", "event": "watch_tick", "message": "generated_at=2026-07-02 03:03:22 completed_passes=5088/5088 activity=stalled"}
{"timestamp": 1782932633.165, "formatted_time": "2026-07-02 03:03:53", "event": "watch_tick", "message": "generated_at=2026-07-02 03:03:53 completed_passes=5088/5088 activity=stalled"}
{"timestamp": 1782932663.264, "formatted_time": "2026-07-02 03:04:23", "event": "watch_tick", "message": "generated_at=2026-07-02 03:04:23 completed_passes=5088/5088 activity=stalled"}
{"timestamp": 1782932693.367, "formatted_time": "2026-07-02 03:04:53", "event": "watch_tick", "message": "generated_at=2026-07-02 03:04:53 completed_passes=5088/5088 activity=stalled"}
{"timestamp": 1782932723.444, "formatted_time": "2026-07-02 03:05:23", "event": "watch_tick", "message": "generated_at=2026-07-02 03:05:23 completed_passes=5088/5088 activity=stalled"}
{"timestamp": 1782932753.546, "formatted_time": "2026-07-02 03:05:53", "event": "watch_tick", "message": "generated_at=2026-07-02 03:05:53 completed_passes=5088/5088 activity=stalled"}
{"timestamp": 1782932783.644, "formatted_time": "2026-07-02 03:06:23", "event": "watch_tick", "message": "generated_at=2026-07-02 03:06:23 completed_passes=5088/5088 activity=stalled"}
{"timestamp": 1782932813.746, "formatted_time": "2026-07-02 03:06:53", "event": "watch_tick", "message": "generated_at=2026-07-02 03:06:53 completed_passes=5088/5088 activity=stalled"}
{"timestamp": 1782932843.852, "formatted_time": "2026-07-02 03:07:23", "event": "watch_tick", "message": "generated_at=2026-07-02 03:07:23 completed_passes=5088/5088 activity=stalled"}
{"timestamp": 1782932873.943, "formatted_time": "2026-07-02 03:07:53", "event": "watch_tick", "message": "generated_at=2026-07-02 03:07:53 completed_passes=5088/5088 activity=stalled"}
{"timestamp": 1782932904.043, "formatted_time": "2026-07-02 03:08:24", "event": "watch_tick", "message": "generated_at=2026-07-02 03:08:23 completed_passes=5088/5088 activity=stalled"}
{"timestamp": 1782932934.144, "formatted_time": "2026-07-02 03:08:54", "event": "watch_tick", "message": "generated_at=2026-07-02 03:08:54 completed_passes=5088/5088 activity=stalled"}
{"timestamp": 1782932964.246, "formatted_time": "2026-07-02 03:09:24", "event": "watch_tick", "message": "generated_at=2026-07-02 03:09:24 completed_passes=5088/5088 activity=stalled"}
{"timestamp": 1782932994.347, "formatted_time": "2026-07-02 03:09:54", "event": "watch_tick", "message": "generated_at=2026-07-02 03:09:54 completed_passes=5088/5088 activity=stalled"}
{"timestamp": 1782933024.45, "formatted_time": "2026-07-02 03:10:24", "event": "watch_tick", "message": "generated_at=2026-07-02 03:10:24 completed_passes=5088/5088 activity=stalled"}
{"timestamp": 1782933054.548, "formatted_time": "2026-07-02 03:10:54", "event": "watch_tick", "message": "generated_at=2026-07-02 03:10:54 completed_passes=5088/5088 activity=stalled"}
{"timestamp": 1782933084.652, "formatted_time": "2026-07-02 03:11:24", "event": "watch_tick", "message": "generated_at=2026-07-02 03:11:24 completed_passes=5088/5088 activity=stalled"}
{"timestamp": 1782933114.755, "formatted_time": "2026-07-02 03:11:54", "event": "watch_tick", "message": "generated_at=2026-07-02 03:11:54 completed_passes=5088/5088 activity=stalled"}
{"timestamp": 1782933144.858, "formatted_time": "2026-07-02 03:12:24", "event": "watch_tick", "message": "generated_at=2026-07-02 03:12:24 completed_passes=5088/5088 activity=stalled"}
{"timestamp": 1782933174.96, "formatted_time": "2026-07-02 03:12:54", "event": "watch_tick", "message": "generated_at=2026-07-02 03:12:54 completed_passes=5088/5088 activity=stalled"}
{"timestamp": 1782933205.061, "formatted_time": "2026-07-02 03:13:25", "event": "watch_tick", "message": "generated_at=2026-07-02 03:13:24 completed_passes=5088/5088 activity=stalled"}
{"timestamp": 1782933235.2, "formatted_time": "2026-07-02 03:13:55", "event": "watch_tick", "message": "generated_at=2026-07-02 03:13:55 completed_passes=5088/5088 activity=stalled"}
{"timestamp": 1782933265.307, "formatted_time": "2026-07-02 03:14:25", "event": "watch_tick", "message": "generated_at=2026-07-02 03:14:25 completed_passes=5088/5088 activity=stalled"}
{"timestamp": 1782933295.397, "formatted_time": "2026-07-02 03:14:55", "event": "watch_tick", "message": "generated_at=2026-07-02 03:14:55 completed_passes=5088/5088 activity=stalled"}
{"timestamp": 1782933325.502, "formatted_time": "2026-07-02 03:15:25", "event": "watch_tick", "message": "generated_at=2026-07-02 03:15:25 completed_passes=5088/5088 activity=stalled"}
{"timestamp": 1782933355.604, "formatted_time": "2026-07-02 03:15:55", "event": "watch_tick", "message": "generated_at=2026-07-02 03:15:55 completed_passes=5088/5088 activity=stalled"}
{"timestamp": 1782933385.703, "formatted_time": "2026-07-02 03:16:25", "event": "watch_tick", "message": "generated_at=2026-07-02 03:16:25 completed_passes=5088/5088 activity=stalled"}
{"timestamp": 1782933415.807, "formatted_time": "2026-07-02 03:16:55", "event": "watch_tick", "message": "generated_at=2026-07-02 03:16:55 completed_passes=5088/5088 activity=stalled"}
{"timestamp": 1782933445.91, "formatted_time": "2026-07-02 03:17:25", "event": "watch_tick", "message": "generated_at=2026-07-02 03:17:25 completed_passes=5088/5088 activity=stalled"}
{"timestamp": 1782933476.013, "formatted_time": "2026-07-02 03:17:56", "event": "watch_tick", "message": "generated_at=2026-07-02 03:17:55 completed_passes=5088/5088 activity=stalled"}
{"timestamp": 1782933506.111, "formatted_time": "2026-07-02 03:18:26", "event": "watch_tick", "message": "generated_at=2026-07-02 03:18:26 completed_passes=5088/5088 activity=stalled"}
{"timestamp": 1782933536.215, "formatted_time": "2026-07-02 03:18:56", "event": "watch_tick", "message": "generated_at=2026-07-02 03:18:56 completed_passes=5088/5088 activity=stalled"}
{"timestamp": 1782933566.317, "formatted_time": "2026-07-02 03:19:26", "event": "watch_tick", "message": "generated_at=2026-07-02 03:19:26 completed_passes=5088/5088 activity=stalled"}
{"timestamp": 1782933596.416, "formatted_time": "2026-07-02 03:19:56", "event": "watch_tick", "message": "generated_at=2026-07-02 03:19:56 completed_passes=5088/5088 activity=stalled"}
{"timestamp": 1782933626.515, "formatted_time": "2026-07-02 03:20:26", "event": "watch_tick", "message": "generated_at=2026-07-02 03:20:26 completed_passes=5088/5088 activity=stalled"}
{"timestamp": 1782933656.614, "formatted_time": "2026-07-02 03:20:56", "event": "watch_tick", "message": "generated_at=2026-07-02 03:20:56 completed_passes=5088/5088 activity=stalled"}
{"timestamp": 1782933686.715, "formatted_time": "2026-07-02 03:21:26", "event": "watch_tick", "message": "generated_at=2026-07-02 03:21:26 completed_passes=5088/5088 activity=stalled"}
{"timestamp": 1782933716.814, "formatted_time": "2026-07-02 03:21:56", "event": "watch_tick", "message": "generated_at=2026-07-02 03:21:56 completed_passes=5088/5088 activity=stalled"}
{"timestamp": 1782933746.913, "formatted_time": "2026-07-02 03:22:26", "event": "watch_tick", "message": "generated_at=2026-07-02 03:22:26 completed_passes=5088/5088 activity=stalled"}
{"timestamp": 1782933777.013, "formatted_time": "2026-07-02 03:22:57", "event": "watch_tick", "message": "generated_at=2026-07-02 03:22:56 completed_passes=5088/5088 activity=stalled"}
{"timestamp": 1782933807.112, "formatted_time": "2026-07-02 03:23:27", "event": "watch_tick", "message": "generated_at=2026-07-02 03:23:27 completed_passes=5088/5088 activity=stalled"}
{"timestamp": 1782933837.214, "formatted_time": "2026-07-02 03:23:57", "event": "watch_tick", "message": "generated_at=2026-07-02 03:23:57 completed_passes=5088/5088 activity=stalled"}
{"timestamp": 1782933867.313, "formatted_time": "2026-07-02 03:24:27", "event": "watch_tick", "message": "generated_at=2026-07-02 03:24:27 completed_passes=5088/5088 activity=stalled"}
{"timestamp": 1782933897.414, "formatted_time": "2026-07-02 03:24:57", "event": "watch_tick", "message": "generated_at=2026-07-02 03:24:57 completed_passes=5088/5088 activity=stalled"}
{"timestamp": 1782933927.517, "formatted_time": "2026-07-02 03:25:27", "event": "watch_tick", "message": "generated_at=2026-07-02 03:25:27 completed_passes=5088/5088 activity=stalled"}
{"timestamp": 1782933957.615, "formatted_time": "2026-07-02 03:25:57", "event": "watch_tick", "message": "generated_at=2026-07-02 03:25:57 completed_passes=5088/5088 activity=stalled"}
{"timestamp": 1782933987.716, "formatted_time": "2026-07-02 03:26:27", "event": "watch_tick", "message": "generated_at=2026-07-02 03:26:27 completed_passes=5088/5088 activity=stalled"}
{"timestamp": 1782934017.818, "formatted_time": "2026-07-02 03:26:57", "event": "watch_tick", "message": "generated_at=2026-07-02 03:26:57 completed_passes=5088/5088 activity=stalled"}
{"timestamp": 1782934047.902, "formatted_time": "2026-07-02 03:27:27", "event": "watch_tick", "message": "generated_at=2026-07-02 03:27:27 completed_passes=5088/5088 activity=stalled"}
{"timestamp": 1782934078.004, "formatted_time": "2026-07-02 03:27:58", "event": "watch_tick", "message": "generated_at=2026-07-02 03:27:57 completed_passes=5088/5088 activity=stalled"}
{"timestamp": 1782935025.784, "formatted_time": "2026-07-02 03:43:45", "event": "watch_tick", "message": "generated_at=2026-07-02 03:43:45 completed_passes=5088/5088 activity=stalled"}
{"timestamp": 1782935055.895, "formatted_time": "2026-07-02 03:44:15", "event": "watch_tick", "message": "generated_at=2026-07-02 03:44:15 completed_passes=5088/5088 activity=stalled"}
{"timestamp": 1782936012.8, "formatted_time": "2026-07-02 04:00:12", "event": "watch_tick", "message": "generated_at=2026-07-02 04:00:12 completed_passes=5088/5088 activity=stalled"}
{"timestamp": 1782937014.71, "formatted_time": "2026-07-02 04:16:54", "event": "watch_tick", "message": "generated_at=2026-07-02 04:16:54 completed_passes=5088/5088 activity=stalled"}
{"timestamp": 1782937044.799, "formatted_time": "2026-07-02 04:17:24", "event": "watch_tick", "message": "generated_at=2026-07-02 04:17:24 completed_passes=5088/5088 activity=stalled"}
{"timestamp": 1782937074.899, "formatted_time": "2026-07-02 04:17:54", "event": "watch_tick", "message": "generated_at=2026-07-02 04:17:54 completed_passes=5088/5088 activity=stalled"}
{"timestamp": 1782937105.002, "formatted_time": "2026-07-02 04:18:25", "event": "watch_tick", "message": "generated_at=2026-07-02 04:18:24 completed_passes=5088/5088 activity=stalled"}
{"timestamp": 1782937135.099, "formatted_time": "2026-07-02 04:18:55", "event": "watch_tick", "message": "generated_at=2026-07-02 04:18:55 completed_passes=5088/5088 activity=stalled"}
{"timestamp": 1782937307.966, "formatted_time": "2026-07-02 04:21:47", "event": "watch_tick", "message": "generated_at=2026-07-02 04:21:47 completed_passes=5088/5088 activity=stalled"}
{"timestamp": 1782937338.066, "formatted_time": "2026-07-02 04:22:18", "event": "watch_tick", "message": "generated_at=2026-07-02 04:22:17 completed_passes=5088/5088 activity=stalled"}
{"timestamp": 1782937368.146, "formatted_time": "2026-07-02 04:22:48", "event": "watch_tick", "message": "generated_at=2026-07-02 04:22:48 completed_passes=5088/5088 activity=stalled"}
{"timestamp": 1782937398.243, "formatted_time": "2026-07-02 04:23:18", "event": "watch_tick", "message": "generated_at=2026-07-02 04:23:18 completed_passes=5088/5088 activity=stalled"}
{"timestamp": 1782937428.345, "formatted_time": "2026-07-02 04:23:48", "event": "watch_tick", "message": "generated_at=2026-07-02 04:23:48 completed_passes=5088/5088 activity=stalled"}
{"timestamp": 1782937458.437, "formatted_time": "2026-07-02 04:24:18", "event": "watch_tick", "message": "generated_at=2026-07-02 04:24:18 completed_passes=5088/5088 activity=stalled"}
{"timestamp": 1782937488.535, "formatted_time": "2026-07-02 04:24:48", "event": "watch_tick", "message": "generated_at=2026-07-02 04:24:48 completed_passes=5088/5088 activity=stalled"}
{"timestamp": 1782937518.646, "formatted_time": "2026-07-02 04:25:18", "event": "watch_tick", "message": "generated_at=2026-07-02 04:25:18 completed_passes=5088/5088 activity=stalled"}
{"timestamp": 1782937548.747, "formatted_time": "2026-07-02 04:25:48", "event": "watch_tick", "message": "generated_at=2026-07-02 04:25:48 completed_passes=5088/5088 activity=stalled"}
{"timestamp": 1782937578.846, "formatted_time": "2026-07-02 04:26:18", "event": "watch_tick", "message": "generated_at=2026-07-02 04:26:18 completed_passes=5088/5088 activity=stalled"}
{"timestamp": 1782937608.974, "formatted_time": "2026-07-02 04:26:48", "event": "watch_tick", "message": "generated_at=2026-07-02 04:26:48 completed_passes=5088/5088 activity=stalled"}
{"timestamp": 1782937639.07, "formatted_time": "2026-07-02 04:27:19", "event": "watch_tick", "message": "generated_at=2026-07-02 04:27:18 completed_passes=5088/5088 activity=stalled"}
{"timestamp": 1782937669.169, "formatted_time": "2026-07-02 04:27:49", "event": "watch_tick", "message": "generated_at=2026-07-02 04:27:49 completed_passes=5088/5088 activity=stalled"}
{"timestamp": 1782937699.253, "formatted_time": "2026-07-02 04:28:19", "event": "watch_tick", "message": "generated_at=2026-07-02 04:28:19 completed_passes=5088/5088 activity=stalled"}
{"timestamp": 1782937729.356, "formatted_time": "2026-07-02 04:28:49", "event": "watch_tick", "message": "generated_at=2026-07-02 04:28:49 completed_passes=5088/5088 activity=stalled"}
{"timestamp": 1782937759.544, "formatted_time": "2026-07-02 04:29:19", "event": "watch_tick", "message": "generated_at=2026-07-02 04:29:19 completed_passes=5088/5088 activity=stalled"}
{"timestamp": 1782937789.64, "formatted_time": "2026-07-02 04:29:49", "event": "watch_tick", "message": "generated_at=2026-07-02 04:29:49 completed_passes=5088/5088 activity=stalled"}
{"timestamp": 1782937819.728, "formatted_time": "2026-07-02 04:30:19", "event": "watch_tick", "message": "generated_at=2026-07-02 04:30:19 completed_passes=5088/5088 activity=stalled"}
{"timestamp": 1782937849.828, "formatted_time": "2026-07-02 04:30:49", "event": "watch_tick", "message": "generated_at=2026-07-02 04:30:49 completed_passes=5088/5088 activity=stalled"}
{"timestamp": 1782937879.896, "formatted_time": "2026-07-02 04:31:19", "event": "watch_tick", "message": "generated_at=2026-07-02 04:31:19 completed_passes=5088/5088 activity=stalled"}
{"timestamp": 1782937909.986, "formatted_time": "2026-07-02 04:31:49", "event": "watch_tick", "message": "generated_at=2026-07-02 04:31:49 completed_passes=5088/5088 activity=stalled"}
{"timestamp": 1782937940.081, "formatted_time": "2026-07-02 04:32:20", "event": "watch_tick", "message": "generated_at=2026-07-02 04:32:19 completed_passes=5088/5088 activity=stalled"}
{"timestamp": 1782937970.198, "formatted_time": "2026-07-02 04:32:50", "event": "watch_tick", "message": "generated_at=2026-07-02 04:32:50 completed_passes=5088/5088 activity=stalled"}
{"timestamp": 1782938000.308, "formatted_time": "2026-07-02 04:33:20", "event": "watch_tick", "message": "generated_at=2026-07-02 04:33:20 completed_passes=5088/5088 activity=stalled"}
{"timestamp": 1782938030.409, "formatted_time": "2026-07-02 04:33:50", "event": "watch_tick", "message": "generated_at=2026-07-02 04:33:50 completed_passes=5088/5088 activity=stalled"}
{"timestamp": 1782938060.563, "formatted_time": "2026-07-02 04:34:20", "event": "watch_tick", "message": "generated_at=2026-07-02 04:34:20 completed_passes=5088/5088 activity=stalled"}
{"timestamp": 1782938090.665, "formatted_time": "2026-07-02 04:34:50", "event": "watch_tick", "message": "generated_at=2026-07-02 04:34:50 completed_passes=5088/5088 activity=stalled"}
{"timestamp": 1782938120.762, "formatted_time": "2026-07-02 04:35:20", "event": "watch_tick", "message": "generated_at=2026-07-02 04:35:20 completed_passes=5088/5088 activity=stalled"}
{"timestamp": 1782938150.859, "formatted_time": "2026-07-02 04:35:50", "event": "watch_tick", "message": "generated_at=2026-07-02 04:35:50 completed_passes=5088/5088 activity=stalled"}
{"timestamp": 1782938180.954, "formatted_time": "2026-07-02 04:36:20", "event": "watch_tick", "message": "generated_at=2026-07-02 04:36:20 completed_passes=5088/5088 activity=stalled"}
{"timestamp": 1782938211.04, "formatted_time": "2026-07-02 04:36:51", "event": "watch_tick", "message": "generated_at=2026-07-02 04:36:50 completed_passes=5088/5088 activity=stalled"}
{"timestamp": 1782938241.138, "formatted_time": "2026-07-02 04:37:21", "event": "watch_tick", "message": "generated_at=2026-07-02 04:37:21 completed_passes=5088/5088 activity=stalled"}
{"timestamp": 1782938271.239, "formatted_time": "2026-07-02 04:37:51", "event": "watch_tick", "message": "generated_at=2026-07-02 04:37:51 completed_passes=5088/5088 activity=stalled"}
{"timestamp": 1782938301.338, "formatted_time": "2026-07-02 04:38:21", "event": "watch_tick", "message": "generated_at=2026-07-02 04:38:21 completed_passes=5088/5088 activity=stalled"}
{"timestamp": 1782938331.436, "formatted_time": "2026-07-02 04:38:51", "event": "watch_tick", "message": "generated_at=2026-07-02 04:38:51 completed_passes=5088/5088 activity=stalled"}
{"timestamp": 1782938361.542, "formatted_time": "2026-07-02 04:39:21", "event": "watch_tick", "message": "generated_at=2026-07-02 04:39:21 completed_passes=5088/5088 activity=stalled"}
{"timestamp": 1782938391.652, "formatted_time": "2026-07-02 04:39:51", "event": "watch_tick", "message": "generated_at=2026-07-02 04:39:51 completed_passes=5088/5088 activity=stalled"}
{"timestamp": 1782938421.755, "formatted_time": "2026-07-02 04:40:21", "event": "watch_tick", "message": "generated_at=2026-07-02 04:40:21 completed_passes=5088/5088 activity=stalled"}
{"timestamp": 1782938451.944, "formatted_time": "2026-07-02 04:40:51", "event": "watch_tick", "message": "generated_at=2026-07-02 04:40:51 completed_passes=5088/5088 activity=stalled"}
{"timestamp": 1782938482.051, "formatted_time": "2026-07-02 04:41:22", "event": "watch_tick", "message": "generated_at=2026-07-02 04:41:21 completed_passes=5088/5088 activity=stalled"}
{"timestamp": 1782938512.156, "formatted_time": "2026-07-02 04:41:52", "event": "watch_tick", "message": "generated_at=2026-07-02 04:41:52 completed_passes=5088/5088 activity=stalled"}
{"timestamp": 1782938542.264, "formatted_time": "2026-07-02 04:42:22", "event": "watch_tick", "message": "generated_at=2026-07-02 04:42:22 completed_passes=5088/5088 activity=stalled"}
{"timestamp": 1782938572.641, "formatted_time": "2026-07-02 04:42:52", "event": "watch_tick", "message": "generated_at=2026-07-02 04:42:52 completed_passes=5088/5088 activity=stalled"}
{"timestamp": 1782938602.779, "formatted_time": "2026-07-02 04:43:22", "event": "watch_tick", "message": "generated_at=2026-07-02 04:43:22 completed_passes=5088/5088 activity=stalled"}
{"timestamp": 1782938632.895, "formatted_time": "2026-07-02 04:43:52", "event": "watch_tick", "message": "generated_at=2026-07-02 04:43:52 completed_passes=5088/5088 activity=stalled"}
{"timestamp": 1782938662.997, "formatted_time": "2026-07-02 04:44:22", "event": "watch_tick", "message": "generated_at=2026-07-02 04:44:22 completed_passes=5088/5088 activity=stalled"}
{"timestamp": 1782938693.156, "formatted_time": "2026-07-02 04:44:53", "event": "watch_tick", "message": "generated_at=2026-07-02 04:44:53 completed_passes=5088/5088 activity=stalled"}
{"timestamp": 1782938723.259, "formatted_time": "2026-07-02 04:45:23", "event": "watch_tick", "message": "generated_at=2026-07-02 04:45:23 completed_passes=5088/5088 activity=stalled"}
{"timestamp": 1782938753.359, "formatted_time": "2026-07-02 04:45:53", "event": "watch_tick", "message": "generated_at=2026-07-02 04:45:53 completed_passes=5088/5088 activity=stalled"}
{"timestamp": 1782938783.462, "formatted_time": "2026-07-02 04:46:23", "event": "watch_tick", "message": "generated_at=2026-07-02 04:46:23 completed_passes=5088/5088 activity=stalled"}
{"timestamp": 1782938813.573, "formatted_time": "2026-07-02 04:46:53", "event": "watch_tick", "message": "generated_at=2026-07-02 04:46:53 completed_passes=5088/5088 activity=stalled"}
{"timestamp": 1782938843.675, "formatted_time": "2026-07-02 04:47:23", "event": "watch_tick", "message": "generated_at=2026-07-02 04:47:23 completed_passes=5088/5088 activity=stalled"}
{"timestamp": 1782938873.766, "formatted_time": "2026-07-02 04:47:53", "event": "watch_tick", "message": "generated_at=2026-07-02 04:47:53 completed_passes=5088/5088 activity=stalled"}
{"timestamp": 1782938904.043, "formatted_time": "2026-07-02 04:48:24", "event": "watch_tick", "message": "generated_at=2026-07-02 04:48:23 completed_passes=5088/5088 activity=stalled"}
{"timestamp": 1782938934.169, "formatted_time": "2026-07-02 04:48:54", "event": "watch_tick", "message": "generated_at=2026-07-02 04:48:54 completed_passes=5088/5088 activity=stalled"}
{"timestamp": 1782938964.27, "formatted_time": "2026-07-02 04:49:24", "event": "watch_tick", "message": "generated_at=2026-07-02 04:49:24 completed_passes=5088/5088 activity=stalled"}
{"timestamp": 1782938994.388, "formatted_time": "2026-07-02 04:49:54", "event": "watch_tick", "message": "generated_at=2026-07-02 04:49:54 completed_passes=5088/5088 activity=stalled"}
{"timestamp": 1782939024.484, "formatted_time": "2026-07-02 04:50:24", "event": "watch_tick", "message": "generated_at=2026-07-02 04:50:24 completed_passes=5088/5088 activity=stalled"}
{"timestamp": 1782939054.578, "formatted_time": "2026-07-02 04:50:54", "event": "watch_tick", "message": "generated_at=2026-07-02 04:50:54 completed_passes=5088/5088 activity=stalled"}
{"timestamp": 1782939084.679, "formatted_time": "2026-07-02 04:51:24", "event": "watch_tick", "message": "generated_at=2026-07-02 04:51:24 completed_passes=5088/5088 activity=stalled"}
{"timestamp": 1782939114.777, "formatted_time": "2026-07-02 04:51:54", "event": "watch_tick", "message": "generated_at=2026-07-02 04:51:54 completed_passes=5088/5088 activity=stalled"}
{"timestamp": 1782939144.887, "formatted_time": "2026-07-02 04:52:24", "event": "watch_tick", "message": "generated_at=2026-07-02 04:52:24 completed_passes=5088/5088 activity=stalled"}
{"timestamp": 1782939174.976, "formatted_time": "2026-07-02 04:52:54", "event": "watch_tick", "message": "generated_at=2026-07-02 04:52:54 completed_passes=5088/5088 activity=stalled"}
{"timestamp": 1782939205.073, "formatted_time": "2026-07-02 04:53:25", "event": "watch_tick", "message": "generated_at=2026-07-02 04:53:24 completed_passes=5088/5088 activity=stalled"}
{"timestamp": 1782939235.197, "formatted_time": "2026-07-02 04:53:55", "event": "watch_tick", "message": "generated_at=2026-07-02 04:53:55 completed_passes=5088/5088 activity=stalled"}
{"timestamp": 1782939265.293, "formatted_time": "2026-07-02 04:54:25", "event": "watch_tick", "message": "generated_at=2026-07-02 04:54:25 completed_passes=5088/5088 activity=stalled"}
{"timestamp": 1782939295.401, "formatted_time": "2026-07-02 04:54:55", "event": "watch_tick", "message": "generated_at=2026-07-02 04:54:55 completed_passes=5088/5088 activity=stalled"}
{"timestamp": 1782939325.495, "formatted_time": "2026-07-02 04:55:25", "event": "watch_tick", "message": "generated_at=2026-07-02 04:55:25 completed_passes=5088/5088 activity=stalled"}
{"timestamp": 1782939355.594, "formatted_time": "2026-07-02 04:55:55", "event": "watch_tick", "message": "generated_at=2026-07-02 04:55:55 completed_passes=5088/5088 activity=stalled"}
{"timestamp": 1782939385.692, "formatted_time": "2026-07-02 04:56:25", "event": "watch_tick", "message": "generated_at=2026-07-02 04:56:25 completed_passes=5088/5088 activity=stalled"}
{"timestamp": 1782939415.791, "formatted_time": "2026-07-02 04:56:55", "event": "watch_tick", "message": "generated_at=2026-07-02 04:56:55 completed_passes=5088/5088 activity=stalled"}
{"timestamp": 1782939445.892, "formatted_time": "2026-07-02 04:57:25", "event": "watch_tick", "message": "generated_at=2026-07-02 04:57:25 completed_passes=5088/5088 activity=stalled"}
{"timestamp": 1782939476.002, "formatted_time": "2026-07-02 04:57:56", "event": "watch_tick", "message": "generated_at=2026-07-02 04:57:55 completed_passes=5088/5088 activity=stalled"}
{"timestamp": 1782939506.114, "formatted_time": "2026-07-02 04:58:26", "event": "watch_tick", "message": "generated_at=2026-07-02 04:58:26 completed_passes=5088/5088 activity=stalled"}
{"timestamp": 1782939536.507, "formatted_time": "2026-07-02 04:58:56", "event": "watch_tick", "message": "generated_at=2026-07-02 04:58:56 completed_passes=5088/5088 activity=stalled"}
{"timestamp": 1782939566.929, "formatted_time": "2026-07-02 04:59:26", "event": "watch_tick", "message": "generated_at=2026-07-02 04:59:26 completed_passes=5088/5088 activity=stalled"}
{"timestamp": 1782939597.027, "formatted_time": "2026-07-02 04:59:57", "event": "watch_tick", "message": "generated_at=2026-07-02 04:59:56 completed_passes=5088/5088 activity=stalled"}
{"timestamp": 1782939627.127, "formatted_time": "2026-07-02 05:00:27", "event": "watch_tick", "message": "generated_at=2026-07-02 05:00:27 completed_passes=5088/5088 activity=stalled"}
{"timestamp": 1782939660.788, "formatted_time": "2026-07-02 05:01:00", "event": "watch_tick", "message": "generated_at=2026-07-02 05:00:57 completed_passes=5088/5088 activity=stalled"}
{"timestamp": 1782939691.237, "formatted_time": "2026-07-02 05:01:31", "event": "watch_tick", "message": "generated_at=2026-07-02 05:01:30 completed_passes=5088/5088 activity=stalled"}
{"timestamp": 1782939721.929, "formatted_time": "2026-07-02 05:02:01", "event": "watch_tick", "message": "generated_at=2026-07-02 05:02:01 completed_passes=5088/5088 activity=stalled"}
{"timestamp": 1782939752.043, "formatted_time": "2026-07-02 05:02:32", "event": "watch_tick", "message": "generated_at=2026-07-02 05:02:31 completed_passes=5088/5088 activity=stalled"}
{"timestamp": 1782939782.146, "formatted_time": "2026-07-02 05:03:02", "event": "watch_tick", "message": "generated_at=2026-07-02 05:03:02 completed_passes=5088/5088 activity=stalled"}
{"timestamp": 1782939812.297, "formatted_time": "2026-07-02 05:03:32", "event": "watch_tick", "message": "generated_at=2026-07-02 05:03:32 completed_passes=5088/5088 activity=stalled"}
{"timestamp": 1782939842.408, "formatted_time": "2026-07-02 05:04:02", "event": "watch_tick", "message": "generated_at=2026-07-02 05:04:02 completed_passes=5088/5088 activity=stalled"}
{"timestamp": 1782939874.418, "formatted_time": "2026-07-02 05:04:34", "event": "watch_tick", "message": "generated_at=2026-07-02 05:04:32 completed_passes=5088/5088 activity=stalled"}
{"timestamp": 1782939904.534, "formatted_time": "2026-07-02 05:05:04", "event": "watch_tick", "message": "generated_at=2026-07-02 05:05:04 completed_passes=5088/5088 activity=stalled"}
{"timestamp": 1782939934.78, "formatted_time": "2026-07-02 05:05:34", "event": "watch_tick", "message": "generated_at=2026-07-02 05:05:34 completed_passes=5088/5088 activity=stalled"}
{"timestamp": 1782939964.888, "formatted_time": "2026-07-02 05:06:04", "event": "watch_tick", "message": "generated_at=2026-07-02 05:06:04 completed_passes=5088/5088 activity=stalled"}
{"timestamp": 1782939994.994, "formatted_time": "2026-07-02 05:06:34", "event": "watch_tick", "message": "generated_at=2026-07-02 05:06:34 completed_passes=5088/5088 activity=stalled"}
{"timestamp": 1782940025.477, "formatted_time": "2026-07-02 05:07:05", "event": "watch_tick", "message": "generated_at=2026-07-02 05:07:05 completed_passes=5088/5088 activity=stalled"}
{"timestamp": 1782940055.594, "formatted_time": "2026-07-02 05:07:35", "event": "watch_tick", "message": "generated_at=2026-07-02 05:07:35 completed_passes=5088/5088 activity=stalled"}
{"timestamp": 1782940085.707, "formatted_time": "2026-07-02 05:08:05", "event": "watch_tick", "message": "generated_at=2026-07-02 05:08:05 completed_passes=5088/5088 activity=stalled"}
{"timestamp": 1782940115.804, "formatted_time": "2026-07-02 05:08:35", "event": "watch_tick", "message": "generated_at=2026-07-02 05:08:35 completed_passes=5088/5088 activity=stalled"}
{"timestamp": 1782940145.89, "formatted_time": "2026-07-02 05:09:05", "event": "watch_tick", "message": "generated_at=2026-07-02 05:09:05 completed_passes=5088/5088 activity=stalled"}
{"timestamp": 1782940175.992, "formatted_time": "2026-07-02 05:09:35", "event": "watch_tick", "message": "generated_at=2026-07-02 05:09:35 completed_passes=5088/5088 activity=stalled"}
{"timestamp": 1782940206.09, "formatted_time": "2026-07-02 05:10:06", "event": "watch_tick", "message": "generated_at=2026-07-02 05:10:06 completed_passes=5088/5088 activity=stalled"}
{"timestamp": 1782940236.202, "formatted_time": "2026-07-02 05:10:36", "event": "watch_tick", "message": "generated_at=2026-07-02 05:10:36 completed_passes=5088/5088 activity=stalled"}
{"timestamp": 1782940266.302, "formatted_time": "2026-07-02 05:11:06", "event": "watch_tick", "message": "generated_at=2026-07-02 05:11:06 completed_passes=5088/5088 activity=stalled"}
{"timestamp": 1782940296.412, "formatted_time": "2026-07-02 05:11:36", "event": "watch_tick", "message": "generated_at=2026-07-02 05:11:36 completed_passes=5088/5088 activity=stalled"}
{"timestamp": 1782940326.525, "formatted_time": "2026-07-02 05:12:06", "event": "watch_tick", "message": "generated_at=2026-07-02 05:12:06 completed_passes=5088/5088 activity=stalled"}
{"timestamp": 1782940356.63, "formatted_time": "2026-07-02 05:12:36", "event": "watch_tick", "message": "generated_at=2026-07-02 05:12:36 completed_passes=5088/5088 activity=stalled"}
{"timestamp": 1782940386.731, "formatted_time": "2026-07-02 05:13:06", "event": "watch_tick", "message": "generated_at=2026-07-02 05:13:06 completed_passes=5088/5088 activity=stalled"}
{"timestamp": 1782940416.834, "formatted_time": "2026-07-02 05:13:36", "event": "watch_tick", "message": "generated_at=2026-07-02 05:13:36 completed_passes=5088/5088 activity=stalled"}
{"timestamp": 1782940446.937, "formatted_time": "2026-07-02 05:14:06", "event": "watch_tick", "message": "generated_at=2026-07-02 05:14:06 completed_passes=5088/5088 activity=stalled"}
{"timestamp": 1782940477.023, "formatted_time": "2026-07-02 05:14:37", "event": "watch_tick", "message": "generated_at=2026-07-02 05:14:36 completed_passes=5088/5088 activity=stalled"}
{"timestamp": 1782940507.133, "formatted_time": "2026-07-02 05:15:07", "event": "watch_tick", "message": "generated_at=2026-07-02 05:15:07 completed_passes=5088/5088 activity=stalled"}
{"timestamp": 1782940537.24, "formatted_time": "2026-07-02 05:15:37", "event": "watch_tick", "message": "generated_at=2026-07-02 05:15:37 completed_passes=5088/5088 activity=stalled"}
{"timestamp": 1782940567.341, "formatted_time": "2026-07-02 05:16:07", "event": "watch_tick", "message": "generated_at=2026-07-02 05:16:07 completed_passes=5088/5088 activity=stalled"}
{"timestamp": 1782940597.435, "formatted_time": "2026-07-02 05:16:37", "event": "watch_tick", "message": "generated_at=2026-07-02 05:16:37 completed_passes=5088/5088 activity=stalled"}
{"timestamp": 1782940627.526, "formatted_time": "2026-07-02 05:17:07", "event": "watch_tick", "message": "generated_at=2026-07-02 05:17:07 completed_passes=5088/5088 activity=stalled"}
{"timestamp": 1782940657.635, "formatted_time": "2026-07-02 05:17:37", "event": "watch_tick", "message": "generated_at=2026-07-02 05:17:37 completed_passes=5088/5088 activity=stalled"}
{"timestamp": 1782940687.742, "formatted_time": "2026-07-02 05:18:07", "event": "watch_tick", "message": "generated_at=2026-07-02 05:18:07 completed_passes=5088/5088 activity=stalled"}
{"timestamp": 1782940717.845, "formatted_time": "2026-07-02 05:18:37", "event": "watch_tick", "message": "generated_at=2026-07-02 05:18:37 completed_passes=5088/5088 activity=stalled"}
{"timestamp": 1782940747.94, "formatted_time": "2026-07-02 05:19:07", "event": "watch_tick", "message": "generated_at=2026-07-02 05:19:07 completed_passes=5088/5088 activity=stalled"}
{"timestamp": 1782940778.078, "formatted_time": "2026-07-02 05:19:38", "event": "watch_tick", "message": "generated_at=2026-07-02 05:19:37 completed_passes=5088/5088 activity=stalled"}
{"timestamp": 1782940808.182, "formatted_time": "2026-07-02 05:20:08", "event": "watch_tick", "message": "generated_at=2026-07-02 05:20:08 completed_passes=5088/5088 activity=stalled"}
{"timestamp": 1782940838.287, "formatted_time": "2026-07-02 05:20:38", "event": "watch_tick", "message": "generated_at=2026-07-02 05:20:38 completed_passes=5088/5088 activity=stalled"}
{"timestamp": 1782940868.683, "formatted_time": "2026-07-02 05:21:08", "event": "watch_tick", "message": "generated_at=2026-07-02 05:21:08 completed_passes=5088/5088 activity=stalled"}
{"timestamp": 1782940898.787, "formatted_time": "2026-07-02 05:21:38", "event": "watch_tick", "message": "generated_at=2026-07-02 05:21:38 completed_passes=5088/5088 activity=stalled"}
{"timestamp": 1782940928.887, "formatted_time": "2026-07-02 05:22:08", "event": "watch_tick", "message": "generated_at=2026-07-02 05:22:08 completed_passes=5088/5088 activity=stalled"}
{"timestamp": 1782940958.995, "formatted_time": "2026-07-02 05:22:38", "event": "watch_tick", "message": "generated_at=2026-07-02 05:22:38 completed_passes=5088/5088 activity=stalled"}
{"timestamp": 1782940989.101, "formatted_time": "2026-07-02 05:23:09", "event": "watch_tick", "message": "generated_at=2026-07-02 05:23:09 completed_passes=5088/5088 activity=stalled"}
{"timestamp": 1782941019.23, "formatted_time": "2026-07-02 05:23:39", "event": "watch_tick", "message": "generated_at=2026-07-02 05:23:39 completed_passes=5088/5088 activity=stalled"}
{"timestamp": 1782941049.336, "formatted_time": "2026-07-02 05:24:09", "event": "watch_tick", "message": "generated_at=2026-07-02 05:24:09 completed_passes=5088/5088 activity=stalled"}
{"timestamp": 1782941079.427, "formatted_time": "2026-07-02 05:24:39", "event": "watch_tick", "message": "generated_at=2026-07-02 05:24:39 completed_passes=5088/5088 activity=stalled"}
{"timestamp": 1782941109.528, "formatted_time": "2026-07-02 05:25:09", "event": "watch_tick", "message": "generated_at=2026-07-02 05:25:09 completed_passes=5088/5088 activity=stalled"}
{"timestamp": 1782941139.702, "formatted_time": "2026-07-02 05:25:39", "event": "watch_tick", "message": "generated_at=2026-07-02 05:25:39 completed_passes=5088/5088 activity=stalled"}
{"timestamp": 1782941169.811, "formatted_time": "2026-07-02 05:26:09", "event": "watch_tick", "message": "generated_at=2026-07-02 05:26:09 completed_passes=5088/5088 activity=stalled"}
{"timestamp": 1782941199.911, "formatted_time": "2026-07-02 05:26:39", "event": "watch_tick", "message": "generated_at=2026-07-02 05:26:39 completed_passes=5088/5088 activity=stalled"}
{"timestamp": 1782941230.009, "formatted_time": "2026-07-02 05:27:10", "event": "watch_tick", "message": "generated_at=2026-07-02 05:27:09 completed_passes=5088/5088 activity=stalled"}
{"timestamp": 1782941260.107, "formatted_time": "2026-07-02 05:27:40", "event": "watch_tick", "message": "generated_at=2026-07-02 05:27:40 completed_passes=5088/5088 activity=stalled"}
{"timestamp": 1782941290.36, "formatted_time": "2026-07-02 05:28:10", "event": "watch_tick", "message": "generated_at=2026-07-02 05:28:10 completed_passes=5088/5088 activity=stalled"}
{"timestamp": 1782941320.458, "formatted_time": "2026-07-02 05:28:40", "event": "watch_tick", "message": "generated_at=2026-07-02 05:28:40 completed_passes=5088/5088 activity=stalled"}
{"timestamp": 1782941350.561, "formatted_time": "2026-07-02 05:29:10", "event": "watch_tick", "message": "generated_at=2026-07-02 05:29:10 completed_passes=5088/5088 activity=stalled"}
{"timestamp": 1782941380.664, "formatted_time": "2026-07-02 05:29:40", "event": "watch_tick", "message": "generated_at=2026-07-02 05:29:40 completed_passes=5088/5088 activity=stalled"}
{"timestamp": 1782941410.905, "formatted_time": "2026-07-02 05:30:10", "event": "watch_tick", "message": "generated_at=2026-07-02 05:30:10 completed_passes=5088/5088 activity=stalled"}
{"timestamp": 1782941440.986, "formatted_time": "2026-07-02 05:30:40", "event": "watch_tick", "message": "generated_at=2026-07-02 05:30:40 completed_passes=5088/5088 activity=stalled"}
{"timestamp": 1782941471.088, "formatted_time": "2026-07-02 05:31:11", "event": "watch_tick", "message": "generated_at=2026-07-02 05:31:10 completed_passes=5088/5088 activity=stalled"}
{"timestamp": 1782941501.191, "formatted_time": "2026-07-02 05:31:41", "event": "watch_tick", "message": "generated_at=2026-07-02 05:31:41 completed_passes=5088/5088 activity=stalled"}
{"timestamp": 1782941531.395, "formatted_time": "2026-07-02 05:32:11", "event": "watch_tick", "message": "generated_at=2026-07-02 05:32:11 completed_passes=5088/5088 activity=stalled"}
{"timestamp": 1782941561.605, "formatted_time": "2026-07-02 05:32:41", "event": "watch_tick", "message": "generated_at=2026-07-02 05:32:41 completed_passes=5088/5088 activity=stalled"}
